source_document,year,code,description,amount_type,amount_kwacha
LUANSHYA-BUDGET-2025.pdf,2025,001,Residential,APPROVED BUDGET 2025,10177176.0
LUANSHYA-BUDGET-2025.pdf,2025,001,Residential,REVISED BUDGET 2026,5499066.0
LUANSHYA-BUDGET-2025.pdf,2025,001,Residential,BUDGET ESTIMATE 2027,5499066.0
LUANSHYA-BUDGET-2025.pdf,2025,002,Commercial,APPROVED BUDGET 2025,1600050.0
LUANSHYA-BUDGET-2025.pdf,2025,002,Commercial,REVISED BUDGET 2026,1600050.0
LUANSHYA-BUDGET-2025.pdf,2025,002,Commercial,BUDGET ESTIMATE 2027,1600050.0
LUANSHYA-BUDGET-2025.pdf,2025,003,Industrial,APPROVED BUDGET 2025,6395036.0
LUANSHYA-BUDGET-2025.pdf,2025,003,Industrial,REVISED BUDGET 2026,6395036.0
LUANSHYA-BUDGET-2025.pdf,2025,003,Industrial,BUDGET ESTIMATE 2027,6395036.0
LUANSHYA-BUDGET-2025.pdf,2025,005,Mining/Plant,APPROVED BUDGET 2025,50200000.0
LUANSHYA-BUDGET-2025.pdf,2025,005,Mining/Plant,REVISED BUDGET 2026,50200000.0
LUANSHYA-BUDGET-2025.pdf,2025,005,Mining/Plant,BUDGET ESTIMATE 2027,50200000.0
LUANSHYA-BUDGET-2025.pdf,2025,,SubItem Total,REVISED BUDGET 2026,63694152.0
LUANSHYA-BUDGET-2025.pdf,2025,,SubItem Total,BUDGET ESTIMATE 2027,63694152.0
LUANSHYA-BUDGET-2025.pdf,2025,001,Personal levy,APPROVED BUDGET 2025,111780.0
LUANSHYA-BUDGET-2025.pdf,2025,001,Personal levy,REVISED BUDGET 2026,111780.0
LUANSHYA-BUDGET-2025.pdf,2025,001,Personal levy,BUDGET ESTIMATE 2027,111780.0
LUANSHYA-BUDGET-2025.pdf,2025,,SubItem Total,REVISED BUDGET 2026,111780.0
LUANSHYA-BUDGET-2025.pdf,2025,,SubItem Total,BUDGET ESTIMATE 2027,111780.0
LUANSHYA-BUDGET-2025.pdf,2025,001,Consent fees,APPROVED BUDGET 2025,224400.0
LUANSHYA-BUDGET-2025.pdf,2025,001,Consent fees,REVISED BUDGET 2026,224400.0
LUANSHYA-BUDGET-2025.pdf,2025,001,Consent fees,BUDGET ESTIMATE 2027,224400.0
LUANSHYA-BUDGET-2025.pdf,2025,002,Survey fees,APPROVED BUDGET 2025,50000.0
LUANSHYA-BUDGET-2025.pdf,2025,002,Survey fees,REVISED BUDGET 2026,50000.0
LUANSHYA-BUDGET-2025.pdf,2025,002,Survey fees,BUDGET ESTIMATE 2027,50000.0
LUANSHYA-BUDGET-2025.pdf,2025,003,Building inspection-fees,APPROVED BUDGET 2025,443760.0
LUANSHYA-BUDGET-2025.pdf,2025,003,Building inspection-fees,REVISED BUDGET 2026,443760.0
LUANSHYA-BUDGET-2025.pdf,2025,003,Building inspection-fees,BUDGET ESTIMATE 2027,443760.0
LUANSHYA-BUDGET-2025.pdf,2025,004,Plan scrutiny fee,APPROVED BUDGET 2025,337558.0
LUANSHYA-BUDGET-2025.pdf,2025,004,Plan scrutiny fee,REVISED BUDGET 2026,337558.0
LUANSHYA-BUDGET-2025.pdf,2025,004,Plan scrutiny fee,BUDGET ESTIMATE 2027,337558.0
LUANSHYA-BUDGET-2025.pdf,2025,005,Change of premise use,APPROVED BUDGET 2025,10000.0
LUANSHYA-BUDGET-2025.pdf,2025,005,Change of premise use,REVISED BUDGET 2026,10000.0
LUANSHYA-BUDGET-2025.pdf,2025,005,Change of premise use,BUDGET ESTIMATE 2027,10000.0
LUANSHYA-BUDGET-2025.pdf,2025,006,Container/Ntemba fees,APPROVED BUDGET 2025,150000.0
LUANSHYA-BUDGET-2025.pdf,2025,006,Container/Ntemba fees,REVISED BUDGET 2026,150000.0
LUANSHYA-BUDGET-2025.pdf,2025,006,Container/Ntemba fees,BUDGET ESTIMATE 2027,150000.0
LUANSHYA-BUDGET-2025.pdf,2025,007,Rentals/lease of Council’s properties,APPROVED BUDGET 2025,1191000.0
LUANSHYA-BUDGET-2025.pdf,2025,007,Rentals/lease of Council’s properties,REVISED BUDGET 2026,1191000.0
LUANSHYA-BUDGET-2025.pdf,2025,007,Rentals/lease of Council’s properties,BUDGET ESTIMATE 2027,1191000.0
LUANSHYA-BUDGET-2025.pdf,2025,008,Non-Land Application forms fees,APPROVED BUDGET 2025,433525.0
LUANSHYA-BUDGET-2025.pdf,2025,008,Non-Land Application forms fees,REVISED BUDGET 2026,433525.0
LUANSHYA-BUDGET-2025.pdf,2025,008,Non-Land Application forms fees,BUDGET ESTIMATE 2027,433525.0
LUANSHYA-BUDGET-2025.pdf,2025,009,Rentals from houses,APPROVED BUDGET 2025,78990.0
LUANSHYA-BUDGET-2025.pdf,2025,009,Rentals from houses,REVISED BUDGET 2026,78990.0
LUANSHYA-BUDGET-2025.pdf,2025,009,Rentals from houses,BUDGET ESTIMATE 2027,78990.0
LUANSHYA-BUDGET-2025.pdf,2025,010,Sketch plan,APPROVED BUDGET 2025,19200.0
LUANSHYA-BUDGET-2025.pdf,2025,010,Sketch plan,REVISED BUDGET 2026,19200.0
LUANSHYA-BUDGET-2025.pdf,2025,010,Sketch plan,BUDGET ESTIMATE 2027,19200.0
LUANSHYA-BUDGET-2025.pdf,2025,011,Search fees,APPROVED BUDGET 2025,1000.0
LUANSHYA-BUDGET-2025.pdf,2025,011,Search fees,REVISED BUDGET 2026,1000.0
LUANSHYA-BUDGET-2025.pdf,2025,011,Search fees,BUDGET ESTIMATE 2027,1000.0
LUANSHYA-BUDGET-2025.pdf,2025,012,Notice board advert fees,APPROVED BUDGET 2025,480.0
LUANSHYA-BUDGET-2025.pdf,2025,012,Notice board advert fees,REVISED BUDGET 2026,480.0
LUANSHYA-BUDGET-2025.pdf,2025,012,Notice board advert fees,BUDGET ESTIMATE 2027,480.0
LUANSHYA-BUDGET-2025.pdf,2025,013,Market fees,APPROVED BUDGET 2025,680340.0
LUANSHYA-BUDGET-2025.pdf,2025,013,Market fees,REVISED BUDGET 2026,680340.0
LUANSHYA-BUDGET-2025.pdf,2025,013,Market fees,BUDGET ESTIMATE 2027,680340.0
LUANSHYA-BUDGET-2025.pdf,2025,014,Parking fees,APPROVED BUDGET 2025,25000.0
LUANSHYA-BUDGET-2025.pdf,2025,014,Parking fees,REVISED BUDGET 2026,25000.0
LUANSHYA-BUDGET-2025.pdf,2025,014,Parking fees,BUDGET ESTIMATE 2027,25000.0
LUANSHYA-BUDGET-2025.pdf,2025,016,"Loading fees (buses, trucks, trains, taxies etc.)",APPROVED BUDGET 2025,942013.0
LUANSHYA-BUDGET-2025.pdf,2025,016,"Loading fees (buses, trucks, trains, taxies etc.)",REVISED BUDGET 2026,942013.0
LUANSHYA-BUDGET-2025.pdf,2025,016,"Loading fees (buses, trucks, trains, taxies etc.)",BUDGET ESTIMATE 2027,942013.0
LUANSHYA-BUDGET-2025.pdf,2025,017,Affidavit fees,APPROVED BUDGET 2025,500.0
LUANSHYA-BUDGET-2025.pdf,2025,017,Affidavit fees,REVISED BUDGET 2026,500.0
LUANSHYA-BUDGET-2025.pdf,2025,017,Affidavit fees,BUDGET ESTIMATE 2027,500.0
LUANSHYA-BUDGET-2025.pdf,2025,020,Hire of halls,APPROVED BUDGET 2025,52000.0
LUANSHYA-BUDGET-2025.pdf,2025,020,Hire of halls,REVISED BUDGET 2026,52000.0
LUANSHYA-BUDGET-2025.pdf,2025,020,Hire of halls,BUDGET ESTIMATE 2027,52000.0
LUANSHYA-BUDGET-2025.pdf,2025,024,Recommendations fees,APPROVED BUDGET 2025,10000.0
LUANSHYA-BUDGET-2025.pdf,2025,024,Recommendations fees,REVISED BUDGET 2026,10000.0
LUANSHYA-BUDGET-2025.pdf,2025,024,Recommendations fees,BUDGET ESTIMATE 2027,10000.0
LUANSHYA-BUDGET-2025.pdf,2025,030,Education fees,APPROVED BUDGET 2025,20500.0
LUANSHYA-BUDGET-2025.pdf,2025,030,Education fees,REVISED BUDGET 2026,20500.0
LUANSHYA-BUDGET-2025.pdf,2025,030,Education fees,BUDGET ESTIMATE 2027,20500.0
LUANSHYA-BUDGET-2025.pdf,2025,033,Refuse disposal,APPROVED BUDGET 2025,374000.0
LUANSHYA-BUDGET-2025.pdf,2025,033,Refuse disposal,REVISED BUDGET 2026,374000.0
LUANSHYA-BUDGET-2025.pdf,2025,033,Refuse disposal,BUDGET ESTIMATE 2027,374000.0
LUANSHYA-BUDGET-2025.pdf,2025,035,Commercial & non-commercial Exhibitions,APPROVED BUDGET 2025,6000.0
LUANSHYA-BUDGET-2025.pdf,2025,035,Commercial & non-commercial Exhibitions,REVISED BUDGET 2026,6000.0
LUANSHYA-BUDGET-2025.pdf,2025,035,Commercial & non-commercial Exhibitions,BUDGET ESTIMATE 2027,6000.0
LUANSHYA-BUDGET-2025.pdf,2025,038,Library membership fees,APPROVED BUDGET 2025,13536.0
LUANSHYA-BUDGET-2025.pdf,2025,038,Library membership fees,REVISED BUDGET 2026,13536.0
LUANSHYA-BUDGET-2025.pdf,2025,038,Library membership fees,BUDGET ESTIMATE 2027,13536.0
LUANSHYA-BUDGET-2025.pdf,2025,045,Notice of marriage fees,APPROVED BUDGET 2025,272000.0
LUANSHYA-BUDGET-2025.pdf,2025,045,Notice of marriage fees,REVISED BUDGET 2026,272000.0
LUANSHYA-BUDGET-2025.pdf,2025,045,Notice of marriage fees,BUDGET ESTIMATE 2027,272000.0
LUANSHYA-BUDGET-2025.pdf,2025,046,Abattoir/meat inspection fees,APPROVED BUDGET 2025,36000.0
LUANSHYA-BUDGET-2025.pdf,2025,046,Abattoir/meat inspection fees,REVISED BUDGET 2026,36000.0
LUANSHYA-BUDGET-2025.pdf,2025,046,Abattoir/meat inspection fees,BUDGET ESTIMATE 2027,36000.0
LUANSHYA-BUDGET-2025.pdf,2025,047,Registration of clubs and societies,APPROVED BUDGET 2025,15000.0
LUANSHYA-BUDGET-2025.pdf,2025,047,Registration of clubs and societies,REVISED BUDGET 2026,15000.0
LUANSHYA-BUDGET-2025.pdf,2025,047,Registration of clubs and societies,BUDGET ESTIMATE 2027,15000.0
LUANSHYA-BUDGET-2025.pdf,2025,048,Slaughter inspections,APPROVED BUDGET 2025,3600.0
LUANSHYA-BUDGET-2025.pdf,2025,048,Slaughter inspections,REVISED BUDGET 2026,3700.0
LUANSHYA-BUDGET-2025.pdf,2025,048,Slaughter inspections,BUDGET ESTIMATE 2027,3800.0
LUANSHYA-BUDGET-2025.pdf,2025,049,Animal Pregnancy Test,APPROVED BUDGET 2025,300.0
LUANSHYA-BUDGET-2025.pdf,2025,049,Animal Pregnancy Test,REVISED BUDGET 2026,320.0
LUANSHYA-BUDGET-2025.pdf,2025,049,Animal Pregnancy Test,BUDGET ESTIMATE 2027,310.0
LUANSHYA-BUDGET-2025.pdf,2025,050,Vendor Fees,APPROVED BUDGET 2025,7200.0
LUANSHYA-BUDGET-2025.pdf,2025,050,Vendor Fees,REVISED BUDGET 2026,7200.0
LUANSHYA-BUDGET-2025.pdf,2025,050,Vendor Fees,BUDGET ESTIMATE 2027,7200.0
LUANSHYA-BUDGET-2025.pdf,2025,053,Certification of documents,APPROVED BUDGET 2025,500.0
LUANSHYA-BUDGET-2025.pdf,2025,053,Certification of documents,REVISED BUDGET 2026,500.0
LUANSHYA-BUDGET-2025.pdf,2025,053,Certification of documents,BUDGET ESTIMATE 2027,500.0
LUANSHYA-BUDGET-2025.pdf,2025,055,Illegal Paring of vehicles,APPROVED BUDGET 2025,180000.0
LUANSHYA-BUDGET-2025.pdf,2025,055,Illegal Paring of vehicles,REVISED BUDGET 2026,180000.0
LUANSHYA-BUDGET-2025.pdf,2025,055,Illegal Paring of vehicles,BUDGET ESTIMATE 2027,180000.0
LUANSHYA-BUDGET-2025.pdf,2025,058,Carcases movement,APPROVED BUDGET 2025,2664.0
LUANSHYA-BUDGET-2025.pdf,2025,058,Carcases movement,REVISED BUDGET 2026,2750.0
LUANSHYA-BUDGET-2025.pdf,2025,058,Carcases movement,BUDGET ESTIMATE 2027,2850.0
LUANSHYA-BUDGET-2025.pdf,2025,063,Billboards and banners,APPROVED BUDGET 2025,279590.0
LUANSHYA-BUDGET-2025.pdf,2025,063,Billboards and banners,REVISED BUDGET 2026,279590.0
LUANSHYA-BUDGET-2025.pdf,2025,063,Billboards and banners,BUDGET ESTIMATE 2027,279590.0
LUANSHYA-BUDGET-2025.pdf,2025,064,Hire of Transport and Equipment,APPROVED BUDGET 2025,354600.0
LUANSHYA-BUDGET-2025.pdf,2025,064,Hire of Transport and Equipment,REVISED BUDGET 2026,354600.0
LUANSHYA-BUDGET-2025.pdf,2025,064,Hire of Transport and Equipment,BUDGET ESTIMATE 2027,354600.0
LUANSHYA-BUDGET-2025.pdf,2025,065,Council Minutes Extracts,APPROVED BUDGET 2025,60000.0
LUANSHYA-BUDGET-2025.pdf,2025,065,Council Minutes Extracts,REVISED BUDGET 2026,60000.0
LUANSHYA-BUDGET-2025.pdf,2025,065,Council Minutes Extracts,BUDGET ESTIMATE 2027,60000.0
LUANSHYA-BUDGET-2025.pdf,2025,066,Penalties,APPROVED BUDGET 2025,133500.0
LUANSHYA-BUDGET-2025.pdf,2025,066,Penalties,REVISED BUDGET 2026,133500.0
LUANSHYA-BUDGET-2025.pdf,2025,066,Penalties,BUDGET ESTIMATE 2027,133500.0
LUANSHYA-BUDGET-2025.pdf,2025,067,Ablution Fee,APPROVED BUDGET 2025,44760.0
LUANSHYA-BUDGET-2025.pdf,2025,067,Ablution Fee,REVISED BUDGET 2026,44760.0
LUANSHYA-BUDGET-2025.pdf,2025,067,Ablution Fee,BUDGET ESTIMATE 2027,44760.0
LUANSHYA-BUDGET-2025.pdf,2025,074,Sale of Bid Documents,APPROVED BUDGET 2025,20000.0
LUANSHYA-BUDGET-2025.pdf,2025,074,Sale of Bid Documents,REVISED BUDGET 2026,20000.0
LUANSHYA-BUDGET-2025.pdf,2025,074,Sale of Bid Documents,BUDGET ESTIMATE 2027,20000.0
LUANSHYA-BUDGET-2025.pdf,2025,082,Telecommunication site rentals,APPROVED BUDGET 2025,98111.0
LUANSHYA-BUDGET-2025.pdf,2025,082,Telecommunication site rentals,REVISED BUDGET 2026,98111.0
LUANSHYA-BUDGET-2025.pdf,2025,082,Telecommunication site rentals,BUDGET ESTIMATE 2027,98111.0
LUANSHYA-BUDGET-2025.pdf,2025,084,Consultation Clinic fees,APPROVED BUDGET 2025,12000.0
LUANSHYA-BUDGET-2025.pdf,2025,084,Consultation Clinic fees,REVISED BUDGET 2026,12300.0
LUANSHYA-BUDGET-2025.pdf,2025,084,Consultation Clinic fees,BUDGET ESTIMATE 2027,12500.0
LUANSHYA-BUDGET-2025.pdf,2025,088,Farm call visits,APPROVED BUDGET 2025,500.0
LUANSHYA-BUDGET-2025.pdf,2025,088,Farm call visits,REVISED BUDGET 2026,600.0
LUANSHYA-BUDGET-2025.pdf,2025,088,Farm call visits,BUDGET ESTIMATE 2027,700.0
LUANSHYA-BUDGET-2025.pdf,2025,099,Other fees and charges,APPROVED BUDGET 2025,2280.0
LUANSHYA-BUDGET-2025.pdf,2025,099,Other fees and charges,REVISED BUDGET 2026,2280.0
LUANSHYA-BUDGET-2025.pdf,2025,099,Other fees and charges,BUDGET ESTIMATE 2027,2280.0
LUANSHYA-BUDGET-2025.pdf,2025,,SubItem Total,REVISED BUDGET 2026,6587012.0
LUANSHYA-BUDGET-2025.pdf,2025,,SubItem Total,BUDGET ESTIMATE 2027,6587502.0
LUANSHYA-BUDGET-2025.pdf,2025,001,Occupancy licence,APPROVED BUDGET 2025,69000.0
LUANSHYA-BUDGET-2025.pdf,2025,001,Occupancy licence,REVISED BUDGET 2026,69000.0
LUANSHYA-BUDGET-2025.pdf,2025,001,Occupancy licence,BUDGET ESTIMATE 2027,69000.0
LUANSHYA-BUDGET-2025.pdf,2025,002,Liquor licence,APPROVED BUDGET 2025,139440.0
LUANSHYA-BUDGET-2025.pdf,2025,002,Liquor licence,REVISED BUDGET 2026,139440.0
LUANSHYA-BUDGET-2025.pdf,2025,002,Liquor licence,BUDGET ESTIMATE 2027,139440.0
LUANSHYA-BUDGET-2025.pdf,2025,003,Firearm and ammunition licence,APPROVED BUDGET 2025,7400.0
LUANSHYA-BUDGET-2025.pdf,2025,003,Firearm and ammunition licence,REVISED BUDGET 2026,7400.0
LUANSHYA-BUDGET-2025.pdf,2025,003,Firearm and ammunition licence,BUDGET ESTIMATE 2027,7400.0
LUANSHYA-BUDGET-2025.pdf,2025,004,Petroleum Storage licence,APPROVED BUDGET 2025,368700.0
LUANSHYA-BUDGET-2025.pdf,2025,004,Petroleum Storage licence,REVISED BUDGET 2026,368700.0
LUANSHYA-BUDGET-2025.pdf,2025,004,Petroleum Storage licence,BUDGET ESTIMATE 2027,368700.0
LUANSHYA-BUDGET-2025.pdf,2025,005,Dog licence,APPROVED BUDGET 2025,15000.0
LUANSHYA-BUDGET-2025.pdf,2025,005,Dog licence,REVISED BUDGET 2026,15000.0
LUANSHYA-BUDGET-2025.pdf,2025,005,Dog licence,BUDGET ESTIMATE 2027,15000.0
LUANSHYA-BUDGET-2025.pdf,2025,007,Fish Licences/origin of fish,APPROVED BUDGET 2025,300.0
LUANSHYA-BUDGET-2025.pdf,2025,007,Fish Licences/origin of fish,REVISED BUDGET 2026,320.0
LUANSHYA-BUDGET-2025.pdf,2025,007,Fish Licences/origin of fish,BUDGET ESTIMATE 2027,330.0
LUANSHYA-BUDGET-2025.pdf,2025,,SubItem Total,REVISED BUDGET 2026,599860.0
LUANSHYA-BUDGET-2025.pdf,2025,,SubItem Total,BUDGET ESTIMATE 2027,599870.0
LUANSHYA-BUDGET-2025.pdf,2025,001,Livestock Movement levy,APPROVED BUDGET 2025,42000.0
LUANSHYA-BUDGET-2025.pdf,2025,001,Livestock Movement levy,REVISED BUDGET 2026,43000.0
LUANSHYA-BUDGET-2025.pdf,2025,001,Livestock Movement levy,BUDGET ESTIMATE 2027,44000.0
LUANSHYA-BUDGET-2025.pdf,2025,002,Birds levy,APPROVED BUDGET 2025,60500.0
LUANSHYA-BUDGET-2025.pdf,2025,002,Birds levy,REVISED BUDGET 2026,60500.0
LUANSHYA-BUDGET-2025.pdf,2025,002,Birds levy,BUDGET ESTIMATE 2027,60500.0
LUANSHYA-BUDGET-2025.pdf,2025,004,Pole levy,APPROVED BUDGET 2025,20137.0
LUANSHYA-BUDGET-2025.pdf,2025,004,Pole levy,REVISED BUDGET 2026,20137.0
LUANSHYA-BUDGET-2025.pdf,2025,004,Pole levy,BUDGET ESTIMATE 2027,20137.0
LUANSHYA-BUDGET-2025.pdf,2025,006,Sand levy,APPROVED BUDGET 2025,50000.0
LUANSHYA-BUDGET-2025.pdf,2025,006,Sand levy,REVISED BUDGET 2026,50000.0
LUANSHYA-BUDGET-2025.pdf,2025,006,Sand levy,BUDGET ESTIMATE 2027,50000.0
LUANSHYA-BUDGET-2025.pdf,2025,011,Telecommunication Mast,APPROVED BUDGET 2025,189000.0
LUANSHYA-BUDGET-2025.pdf,2025,011,Telecommunication Mast,REVISED BUDGET 2026,190000.0
LUANSHYA-BUDGET-2025.pdf,2025,011,Telecommunication Mast,BUDGET ESTIMATE 2027,192000.0
LUANSHYA-BUDGET-2025.pdf,2025,017,Trading (Wholesale) Business Levy,APPROVED BUDGET 2025,6668.0
LUANSHYA-BUDGET-2025.pdf,2025,017,Trading (Wholesale) Business Levy,REVISED BUDGET 2026,6668.0
LUANSHYA-BUDGET-2025.pdf,2025,017,Trading (Wholesale) Business Levy,BUDGET ESTIMATE 2027,6668.0
LUANSHYA-BUDGET-2025.pdf,2025,018,Trading (Retail) Consumable groceries business,APPROVED BUDGET 2025,238524.0
LUANSHYA-BUDGET-2025.pdf,2025,018,Trading (Retail) Consumable groceries business,REVISED BUDGET 2026,238524.0
LUANSHYA-BUDGET-2025.pdf,2025,018,Trading (Retail) Consumable groceries business,BUDGET ESTIMATE 2027,238524.0
LUANSHYA-BUDGET-2025.pdf,2025,019,Retail Merchants non-consumable business,APPROVED BUDGET 2025,296592.0
LUANSHYA-BUDGET-2025.pdf,2025,019,Retail Merchants non-consumable business,REVISED BUDGET 2026,296592.0
LUANSHYA-BUDGET-2025.pdf,2025,019,Retail Merchants non-consumable business,BUDGET ESTIMATE 2027,296592.0
LUANSHYA-BUDGET-2025.pdf,2025,020,Trading (Retail) chain stores and supermarkets,APPROVED BUDGET 2025,66668.0
LUANSHYA-BUDGET-2025.pdf,2025,020,Trading (Retail) chain stores and supermarkets,REVISED BUDGET 2026,66668.0
LUANSHYA-BUDGET-2025.pdf,2025,020,Trading (Retail) chain stores and supermarkets,BUDGET ESTIMATE 2027,66668.0
LUANSHYA-BUDGET-2025.pdf,2025,021,Manufacturing,APPROVED BUDGET 2025,25002.0
LUANSHYA-BUDGET-2025.pdf,2025,021,Manufacturing,REVISED BUDGET 2026,25002.0
LUANSHYA-BUDGET-2025.pdf,2025,021,Manufacturing,BUDGET ESTIMATE 2027,25002.0
LUANSHYA-BUDGET-2025.pdf,2025,022,Agent Consumables,APPROVED BUDGET 2025,2442.0
LUANSHYA-BUDGET-2025.pdf,2025,022,Agent Consumables,REVISED BUDGET 2026,2442.0
LUANSHYA-BUDGET-2025.pdf,2025,022,Agent Consumables,BUDGET ESTIMATE 2027,2442.0
LUANSHYA-BUDGET-2025.pdf,2025,023,Agent non-Consumables,APPROVED BUDGET 2025,3334.0
LUANSHYA-BUDGET-2025.pdf,2025,023,Agent non-Consumables,REVISED BUDGET 2026,3334.0
LUANSHYA-BUDGET-2025.pdf,2025,023,Agent non-Consumables,BUDGET ESTIMATE 2027,3334.0
LUANSHYA-BUDGET-2025.pdf,2025,028,Filling Station,APPROVED BUDGET 2025,35555.0
LUANSHYA-BUDGET-2025.pdf,2025,028,Filling Station,REVISED BUDGET 2026,35555.0
LUANSHYA-BUDGET-2025.pdf,2025,028,Filling Station,BUDGET ESTIMATE 2027,35555.0
LUANSHYA-BUDGET-2025.pdf,2025,029,Professional Occupation,APPROVED BUDGET 2025,70006.0
LUANSHYA-BUDGET-2025.pdf,2025,029,Professional Occupation,REVISED BUDGET 2026,70006.0
LUANSHYA-BUDGET-2025.pdf,2025,029,Professional Occupation,BUDGET ESTIMATE 2027,70006.0
LUANSHYA-BUDGET-2025.pdf,2025,030,Scrap Metal Dealers,APPROVED BUDGET 2025,18963.0
LUANSHYA-BUDGET-2025.pdf,2025,030,Scrap Metal Dealers,REVISED BUDGET 2026,18963.0
LUANSHYA-BUDGET-2025.pdf,2025,030,Scrap Metal Dealers,BUDGET ESTIMATE 2027,18963.0
LUANSHYA-BUDGET-2025.pdf,2025,031,Car Wash,APPROVED BUDGET 2025,168000.0
LUANSHYA-BUDGET-2025.pdf,2025,031,Car Wash,REVISED BUDGET 2026,168000.0
LUANSHYA-BUDGET-2025.pdf,2025,031,Car Wash,BUDGET ESTIMATE 2027,168000.0
LUANSHYA-BUDGET-2025.pdf,2025,032,Hospitality,APPROVED BUDGET 2025,183000.0
LUANSHYA-BUDGET-2025.pdf,2025,032,Hospitality,REVISED BUDGET 2026,183000.0
LUANSHYA-BUDGET-2025.pdf,2025,032,Hospitality,BUDGET ESTIMATE 2027,183000.0
LUANSHYA-BUDGET-2025.pdf,2025,033,Commercial Banks,APPROVED BUDGET 2025,84000.0
LUANSHYA-BUDGET-2025.pdf,2025,033,Commercial Banks,REVISED BUDGET 2026,84000.0
LUANSHYA-BUDGET-2025.pdf,2025,033,Commercial Banks,BUDGET ESTIMATE 2027,84000.0
LUANSHYA-BUDGET-2025.pdf,2025,034,Micro- Finance and Money-Lenders,APPROVED BUDGET 2025,96000.0
LUANSHYA-BUDGET-2025.pdf,2025,034,Micro- Finance and Money-Lenders,REVISED BUDGET 2026,96000.0
LUANSHYA-BUDGET-2025.pdf,2025,034,Micro- Finance and Money-Lenders,BUDGET ESTIMATE 2027,96000.0
LUANSHYA-BUDGET-2025.pdf,2025,099,Other levies,APPROVED BUDGET 2025,10000.0
LUANSHYA-BUDGET-2025.pdf,2025,099,Other levies,REVISED BUDGET 2026,10000.0
LUANSHYA-BUDGET-2025.pdf,2025,099,Other levies,BUDGET ESTIMATE 2027,10000.0
LUANSHYA-BUDGET-2025.pdf,2025,,SubItem Total,REVISED BUDGET 2026,1669591.0
LUANSHYA-BUDGET-2025.pdf,2025,,SubItem Total,BUDGET ESTIMATE 2027,1672691.0
LUANSHYA-BUDGET-2025.pdf,2025,001,Health permits,APPROVED BUDGET 2025,702375.0
LUANSHYA-BUDGET-2025.pdf,2025,001,Health permits,REVISED BUDGET 2026,702375.0
LUANSHYA-BUDGET-2025.pdf,2025,001,Health permits,BUDGET ESTIMATE 2027,702375.0
LUANSHYA-BUDGET-2025.pdf,2025,008,Burial permits and grave sites,APPROVED BUDGET 2025,323250.0
LUANSHYA-BUDGET-2025.pdf,2025,008,Burial permits and grave sites,REVISED BUDGET 2026,323250.0
LUANSHYA-BUDGET-2025.pdf,2025,008,Burial permits and grave sites,BUDGET ESTIMATE 2027,323250.0
LUANSHYA-BUDGET-2025.pdf,2025,009,Fire certificate,APPROVED BUDGET 2025,704800.0
LUANSHYA-BUDGET-2025.pdf,2025,009,Fire certificate,REVISED BUDGET 2026,704800.0
LUANSHYA-BUDGET-2025.pdf,2025,009,Fire certificate,BUDGET ESTIMATE 2027,704800.0
LUANSHYA-BUDGET-2025.pdf,2025,010,Extension of Business hours permits,APPROVED BUDGET 2025,2000.0
LUANSHYA-BUDGET-2025.pdf,2025,010,Extension of Business hours permits,REVISED BUDGET 2026,2000.0
LUANSHYA-BUDGET-2025.pdf,2025,010,Extension of Business hours permits,BUDGET ESTIMATE 2027,2000.0
LUANSHYA-BUDGET-2025.pdf,2025,011,Social gathering permit,APPROVED BUDGET 2025,1000.0
LUANSHYA-BUDGET-2025.pdf,2025,011,Social gathering permit,REVISED BUDGET 2026,1000.0
LUANSHYA-BUDGET-2025.pdf,2025,011,Social gathering permit,BUDGET ESTIMATE 2027,1000.0
LUANSHYA-BUDGET-2025.pdf,2025,099,"Primary, Secondary and Tertiary permits",APPROVED BUDGET 2025,10000.0
LUANSHYA-BUDGET-2025.pdf,2025,099,"Primary, Secondary and Tertiary permits",REVISED BUDGET 2026,10000.0
LUANSHYA-BUDGET-2025.pdf,2025,099,"Primary, Secondary and Tertiary permits",BUDGET ESTIMATE 2027,10000.0
LUANSHYA-BUDGET-2025.pdf,2025,,SubItem Total,REVISED BUDGET 2026,1743425.0
LUANSHYA-BUDGET-2025.pdf,2025,,SubItem Total,BUDGET ESTIMATE 2027,1743425.0
LUANSHYA-BUDGET-2025.pdf,2025,001,Service Charges Residential plots,APPROVED BUDGET 2025,500000.0
LUANSHYA-BUDGET-2025.pdf,2025,001,Service Charges Residential plots,REVISED BUDGET 2026,500000.0
LUANSHYA-BUDGET-2025.pdf,2025,001,Service Charges Residential plots,BUDGET ESTIMATE 2027,500000.0
LUANSHYA-BUDGET-2025.pdf,2025,003,Premium Plot- Residential,APPROVED BUDGET 2025,2244000.0
LUANSHYA-BUDGET-2025.pdf,2025,003,Premium Plot- Residential,REVISED BUDGET 2026,2244000.0
LUANSHYA-BUDGET-2025.pdf,2025,003,Premium Plot- Residential,BUDGET ESTIMATE 2027,2244000.0
LUANSHYA-BUDGET-2025.pdf,2025,004,Premium Plot Commercial,APPROVED BUDGET 2025,2244000.0
LUANSHYA-BUDGET-2025.pdf,2025,004,Premium Plot Commercial,REVISED BUDGET 2026,2244000.0
LUANSHYA-BUDGET-2025.pdf,2025,004,Premium Plot Commercial,BUDGET ESTIMATE 2027,2244000.0
LUANSHYA-BUDGET-2025.pdf,2025,007,Land Application Charges,APPROVED BUDGET 2025,6500.0
LUANSHYA-BUDGET-2025.pdf,2025,007,Land Application Charges,REVISED BUDGET 2026,6500.0
LUANSHYA-BUDGET-2025.pdf,2025,007,Land Application Charges,BUDGET ESTIMATE 2027,6500.0
LUANSHYA-BUDGET-2025.pdf,2025,009,Change of ownership,APPROVED BUDGET 2025,44000.0
LUANSHYA-BUDGET-2025.pdf,2025,009,Change of ownership,REVISED BUDGET 2026,44000.0
LUANSHYA-BUDGET-2025.pdf,2025,009,Change of ownership,BUDGET ESTIMATE 2027,44000.0
LUANSHYA-BUDGET-2025.pdf,2025,010,Sub-division of plot,APPROVED BUDGET 2025,48000.0
LUANSHYA-BUDGET-2025.pdf,2025,010,Sub-division of plot,REVISED BUDGET 2026,48000.0
LUANSHYA-BUDGET-2025.pdf,2025,010,Sub-division of plot,BUDGET ESTIMATE 2027,48000.0
LUANSHYA-BUDGET-2025.pdf,2025,012,Change of Land use,APPROVED BUDGET 2025,48000.0
LUANSHYA-BUDGET-2025.pdf,2025,012,Change of Land use,REVISED BUDGET 2026,48000.0
LUANSHYA-BUDGET-2025.pdf,2025,012,Change of Land use,BUDGET ESTIMATE 2027,48000.0
LUANSHYA-BUDGET-2025.pdf,2025,,SubItem Total,REVISED BUDGET 2026,5134500.0
LUANSHYA-BUDGET-2025.pdf,2025,,SubItem Total,BUDGET ESTIMATE 2027,5134500.0
LUANSHYA-BUDGET-2025.pdf,2025,002,Surplus/ Deficit from Commercial Ventures,APPROVED BUDGET 2025,290778.0
LUANSHYA-BUDGET-2025.pdf,2025,002,Surplus/ Deficit from Commercial Ventures,REVISED BUDGET 2026,290778.0
LUANSHYA-BUDGET-2025.pdf,2025,002,Surplus/ Deficit from Commercial Ventures,BUDGET ESTIMATE 2027,290778.0
LUANSHYA-BUDGET-2025.pdf,2025,099,Other Income,APPROVED BUDGET 2025,55400.0
LUANSHYA-BUDGET-2025.pdf,2025,099,Other Income,REVISED BUDGET 2026,55400.0
LUANSHYA-BUDGET-2025.pdf,2025,099,Other Income,BUDGET ESTIMATE 2027,55400.0
LUANSHYA-BUDGET-2025.pdf,2025,,SubItem Total,REVISED BUDGET 2026,346178.0
LUANSHYA-BUDGET-2025.pdf,2025,,SubItem Total,BUDGET ESTIMATE 2027,346178.0
LUANSHYA-BUDGET-2025.pdf,2025,001,Constituency Development Fund,APPROVED BUDGET 2025,72116301.0
LUANSHYA-BUDGET-2025.pdf,2025,001,Constituency Development Fund,REVISED BUDGET 2026,72116301.0
LUANSHYA-BUDGET-2025.pdf,2025,001,Constituency Development Fund,BUDGET ESTIMATE 2027,72116301.0
LUANSHYA-BUDGET-2025.pdf,2025,002,Roads Grant,APPROVED BUDGET 2025,3200587.0
LUANSHYA-BUDGET-2025.pdf,2025,002,Roads Grant,REVISED BUDGET 2026,3200587.0
LUANSHYA-BUDGET-2025.pdf,2025,002,Roads Grant,BUDGET ESTIMATE 2027,3200587.0
LUANSHYA-BUDGET-2025.pdf,2025,003,Health Grant,APPROVED BUDGET 2025,6384647.0
LUANSHYA-BUDGET-2025.pdf,2025,003,Health Grant,REVISED BUDGET 2026,6384647.0
LUANSHYA-BUDGET-2025.pdf,2025,003,Health Grant,BUDGET ESTIMATE 2027,6384647.0
LUANSHYA-BUDGET-2025.pdf,2025,004,Local Government Equalisation Fund,APPROVED BUDGET 2025,14707634.0
LUANSHYA-BUDGET-2025.pdf,2025,004,Local Government Equalisation Fund,REVISED BUDGET 2026,14707634.0
LUANSHYA-BUDGET-2025.pdf,2025,004,Local Government Equalisation Fund,BUDGET ESTIMATE 2027,14707634.0
LUANSHYA-BUDGET-2025.pdf,2025,005,Grants in lieu of Rates,APPROVED BUDGET 2025,300000.0
LUANSHYA-BUDGET-2025.pdf,2025,005,Grants in lieu of Rates,REVISED BUDGET 2026,300000.0
LUANSHYA-BUDGET-2025.pdf,2025,005,Grants in lieu of Rates,BUDGET ESTIMATE 2027,300000.0
LUANSHYA-BUDGET-2025.pdf,2025,099,Other Grants,APPROVED BUDGET 2025,24638727.0
LUANSHYA-BUDGET-2025.pdf,2025,099,Other Grants,REVISED BUDGET 2026,9429163.0
LUANSHYA-BUDGET-2025.pdf,2025,099,Other Grants,BUDGET ESTIMATE 2027,1329163.0
LUANSHYA-BUDGET-2025.pdf,2025,,SubItem Total,REVISED BUDGET 2026,106138332.0
LUANSHYA-BUDGET-2025.pdf,2025,,SubItem Total,BUDGET ESTIMATE 2027,98038332.0
LUANSHYA-BUDGET-2025.pdf,2025,Grand Total,"205,909,678",APPROVED BUDGET 2025,186024831.0
LUANSHYA-BUDGET-2025.pdf,2025,No,ECONOMIC CLASSIFICATION,APPROVED BUDGET 2025,2023.0
LUANSHYA-BUDGET-2025.pdf,2025,No,ECONOMIC CLASSIFICATION,REVISED BUDGET 2026,2025.0
LUANSHYA-BUDGET-2025.pdf,2025,27 31 32 41,Subsidies to Non-Financial Enterprises Non-Financial Assets Financial Assets Current Liabilities (Payable within one year),APPROVED BUDGET 2025,0.0
LUANSHYA-BUDGET-2025.pdf,2025,27 31 32 41,Subsidies to Non-Financial Enterprises Non-Financial Assets Financial Assets Current Liabilities (Payable within one year),REVISED BUDGET 2026,1.2456452577703047e+29
LUANSHYA-BUDGET-2025.pdf,2025,,Head Total,APPROVED BUDGET 2025,0.0
LUANSHYA-BUDGET-2025.pdf,2025,,Head Total,REVISED BUDGET 2026,205909678.0
LUANSHYA-BUDGET-2025.pdf,2025,Code,Programme,APPROVED BUDGET 2025,2023.0
LUANSHYA-BUDGET-2025.pdf,2025,Code,Programme,REVISED BUDGET 2026,2025.0
LUANSHYA-BUDGET-2025.pdf,2025,1 2 3 4 5 6 7 8 10 11 12 13 15 16 17 18,Constituency Development Local Governance Integrated Development Planning Economic and business development Public health and Environmental protection Housing and Community Amenities Recreation Culture and Religion Education and skills development Public order and safety Management and support Services Resource Mobilisation and Management District Health servcies Transport Services Agricultural Services Fisheries and Livestock Social Protection and Community Development,APPROVED BUDGET 2025,0.0
LUANSHYA-BUDGET-2025.pdf,2025,1 2 3 4 5 6 7 8 10 11 12 13 15 16 17 18,Constituency Development Local Governance Integrated Development Planning Economic and business development Public health and Environmental protection Housing and Community Amenities Recreation Culture and Religion Education and skills development Public order and safety Management and support Services Resource Mobilisation and Management District Health servcies Transport Services Agricultural Services Fisheries and Livestock Social Protection and Community Development,REVISED BUDGET 2026,7.211630247848626e+113
LUANSHYA-BUDGET-2025.pdf,2025,,Head Total,APPROVED BUDGET 2025,0.0
LUANSHYA-BUDGET-2025.pdf,2025,,Head Total,REVISED BUDGET 2026,205909678.0
LUANSHYA-BUDGET-2025.pdf,2025,PROGRAMME/SUB-PROGRAMME,2023 BUDGET,BUDGET ESTIMATE 2027,2025.0
LUANSHYA-BUDGET-2025.pdf,2025,ECONOMIC CLASSIFICATION,2023 BUDGET,BUDGET ESTIMATE 2027,2024.0
LUANSHYA-BUDGET-2025.pdf,2025,02Use of Goods and Services 02General Operations 01Social/Economic Planning 03Transfers 01Transfers 01Social/Economic Planning 02Subsidies 01Social/Economic Planning 04Assets 01Non-Financial Assets (Capital Expenditure) 01Social/Economic Planning 02Financial Assets 01Social/Economic Planning,- - - - - - - - - - - - -,BUDGET ESTIMATE 2027,3.01356430135643e+96
LUANSHYA-BUDGET-2025.pdf,2025,Programme Total,(0),APPROVED BUDGET 2025,0.0
LUANSHYA-BUDGET-2025.pdf,2025,Programme Total,(0),BUDGET ESTIMATE 2027,61271284.0
LUANSHYA-BUDGET-2025.pdf,2025,PROGRAMME/SUBPROGRAMME,2023 BUDGET,BUDGET ESTIMATE 2027,2025.0
LUANSHYA-BUDGET-2025.pdf,2025,Programme Total,(0),APPROVED BUDGET 2025,0.0
LUANSHYA-BUDGET-2025.pdf,2025,Programme Total,(0),REVISED BUDGET 2026,4.0
LUANSHYA-BUDGET-2025.pdf,2025,Programme Total,(0),BUDGET ESTIMATE 2027,0.0
LUANSHYA-BUDGET-2025.pdf,2025,Key Output and Output Indicator,2023,BUDGET ESTIMATE 2027,2025.0
LUANSHYA-BUDGET-2025.pdf,2025,Community projects implemented 01 Number of Community projects completed 02 Number of water facilities constructed 03 Number of Desks procured 04 Percentage of community project funds spent 05 Kilometres of feeder roads graded,(0) (0) (0) (0) (0),APPROVED BUDGET 2025,0.0
LUANSHYA-BUDGET-2025.pdf,2025,Community projects implemented 01 Number of Community projects completed 02 Number of water facilities constructed 03 Number of Desks procured 04 Percentage of community project funds spent 05 Kilometres of feeder roads graded,(0) (0) (0) (0) (0),REVISED BUDGET 2026,0.0
LUANSHYA-BUDGET-2025.pdf,2025,Community projects implemented 01 Number of Community projects completed 02 Number of water facilities constructed 03 Number of Desks procured 04 Percentage of community project funds spent 05 Kilometres of feeder roads graded,(0) (0) (0) (0) (0),BUDGET ESTIMATE 2027,26960010020.0
LUANSHYA-BUDGET-2025.pdf,2025,Empowerment grant disbursed 01 Number of groups empowered with grants 02 Percentage of empowerment grant fund disbursed 03 Number of youth groups accessing grants 04 Number of women accessing grants,(0) (0) (0) (0),APPROVED BUDGET 2025,0.0
LUANSHYA-BUDGET-2025.pdf,2025,Empowerment grant disbursed 01 Number of groups empowered with grants 02 Percentage of empowerment grant fund disbursed 03 Number of youth groups accessing grants 04 Number of women accessing grants,(0) (0) (0) (0),REVISED BUDGET 2026,0.0
LUANSHYA-BUDGET-2025.pdf,2025,Empowerment grant disbursed 01 Number of groups empowered with grants 02 Percentage of empowerment grant fund disbursed 03 Number of youth groups accessing grants 04 Number of women accessing grants,(0) (0) (0) (0),BUDGET ESTIMATE 2027,2261004060.0
LUANSHYA-BUDGET-2025.pdf,2025,Empowerment Loans disbursed 01 Number of beneficiaries empowered with loans 02 Percentage of empowerement loan funds disbursed 03 Number of youth enterprise/clubs/cooperatives accessing loans 04 Number of women enterprise/club/cooperatives accessing loans,(0) (0) (0) (0),APPROVED BUDGET 2025,0.0
LUANSHYA-BUDGET-2025.pdf,2025,Empowerment Loans disbursed 01 Number of beneficiaries empowered with loans 02 Percentage of empowerement loan funds disbursed 03 Number of youth enterprise/clubs/cooperatives accessing loans 04 Number of women enterprise/club/cooperatives accessing loans,(0) (0) (0) (0),REVISED BUDGET 2026,0.0
LUANSHYA-BUDGET-2025.pdf,2025,Empowerment Loans disbursed 01 Number of beneficiaries empowered with loans 02 Percentage of empowerement loan funds disbursed 03 Number of youth enterprise/clubs/cooperatives accessing loans 04 Number of women enterprise/club/cooperatives accessing loans,(0) (0) (0) (0),BUDGET ESTIMATE 2027,1331001015.0
LUANSHYA-BUDGET-2025.pdf,2025,Constituency Development Fund activities conducted 01 Number of monitoring visits conducted 02 Number of CDFC meetings conducted 03 Number of Financial literacy trainings conducted 04 Number of sensitisation meetings conducted 05 Percentage of completed projects/machinery/equipments branded 06 Number of WDCs supported,(0) (0) (0) (0) (0) (0),APPROVED BUDGET 2025,0.0
LUANSHYA-BUDGET-2025.pdf,2025,Constituency Development Fund activities conducted 01 Number of monitoring visits conducted 02 Number of CDFC meetings conducted 03 Number of Financial literacy trainings conducted 04 Number of sensitisation meetings conducted 05 Percentage of completed projects/machinery/equipments branded 06 Number of WDCs supported,(0) (0) (0) (0) (0) (0),REVISED BUDGET 2026,0.0
LUANSHYA-BUDGET-2025.pdf,2025,Constituency Development Fund activities conducted 01 Number of monitoring visits conducted 02 Number of CDFC meetings conducted 03 Number of Financial literacy trainings conducted 04 Number of sensitisation meetings conducted 05 Percentage of completed projects/machinery/equipments branded 06 Number of WDCs supported,(0) (0) (0) (0) (0) (0),BUDGET ESTIMATE 2027,24164810030.0
LUANSHYA-BUDGET-2025.pdf,2025,Secondary boarding school bursaries disbursed 01 Number of pupils accessing secondary school boarding bursaries 02 Percentage of secondary boarding bursary fund disbursed,(0) (0),APPROVED BUDGET 2025,0.0
LUANSHYA-BUDGET-2025.pdf,2025,Secondary boarding school bursaries disbursed 01 Number of pupils accessing secondary school boarding bursaries 02 Percentage of secondary boarding bursary fund disbursed,(0) (0),REVISED BUDGET 2026,0.0
LUANSHYA-BUDGET-2025.pdf,2025,Secondary boarding school bursaries disbursed 01 Number of pupils accessing secondary school boarding bursaries 02 Percentage of secondary boarding bursary fund disbursed,(0) (0),BUDGET ESTIMATE 2027,23100.0
LUANSHYA-BUDGET-2025.pdf,2025,Skills Development busaries disbursed 01 Number of students sponsored 02 Percentage of skills development bursary fund disbursed,(0) (0),APPROVED BUDGET 2025,0.0
LUANSHYA-BUDGET-2025.pdf,2025,Skills Development busaries disbursed 01 Number of students sponsored 02 Percentage of skills development bursary fund disbursed,(0) (0),REVISED BUDGET 2026,0.0
LUANSHYA-BUDGET-2025.pdf,2025,Skills Development busaries disbursed 01 Number of students sponsored 02 Percentage of skills development bursary fund disbursed,(0) (0),BUDGET ESTIMATE 2027,267100.0
LUANSHYA-BUDGET-2025.pdf,2025,ECONOMIC CLASSIFICATION,2023 BUDGET,BUDGET ESTIMATE 2027,2024.0
LUANSHYA-BUDGET-2025.pdf,2025,Programme Total,(0),APPROVED BUDGET 2025,0.0
LUANSHYA-BUDGET-2025.pdf,2025,Programme Total,(0),BUDGET ESTIMATE 2027,2954838.0
LUANSHYA-BUDGET-2025.pdf,2025,2 Local Governance 040(cid:9)Local elections 044Legislative Function 045Citizen Engagement,(0) (0) (0) (0),APPROVED BUDGET 2025,0.0
LUANSHYA-BUDGET-2025.pdf,2025,2 Local Governance 040(cid:9)Local elections 044Legislative Function 045Citizen Engagement,(0) (0) (0) (0),BUDGET ESTIMATE 2027,0.0
LUANSHYA-BUDGET-2025.pdf,2025,Programme Total,(0),APPROVED BUDGET 2025,0.0
LUANSHYA-BUDGET-2025.pdf,2025,Programme Total,(0),REVISED BUDGET 2026,8.0
LUANSHYA-BUDGET-2025.pdf,2025,Programme Total,(0),BUDGET ESTIMATE 2027,0.0
LUANSHYA-BUDGET-2025.pdf,2025,Key Output and Output Indicator,2023,BUDGET ESTIMATE 2027,2025.0
LUANSHYA-BUDGET-2025.pdf,2025,Council and Standing Committee Meetings held 01 Number of Full Ordinary Council meetings held 02 Number of Special Council Meetings held 03 Number of Standing Committee Meetings held 04 Number of Special Committee Meetings held,(0) (0) (0) (0),APPROVED BUDGET 2025,0.0
LUANSHYA-BUDGET-2025.pdf,2025,Council and Standing Committee Meetings held 01 Number of Full Ordinary Council meetings held 02 Number of Special Council Meetings held 03 Number of Standing Committee Meetings held 04 Number of Special Committee Meetings held,(0) (0) (0) (0),REVISED BUDGET 2026,0.0
LUANSHYA-BUDGET-2025.pdf,2025,Council and Standing Committee Meetings held 01 Number of Full Ordinary Council meetings held 02 Number of Special Council Meetings held 03 Number of Standing Committee Meetings held 04 Number of Special Committee Meetings held,(0) (0) (0) (0),BUDGET ESTIMATE 2027,42202.0
LUANSHYA-BUDGET-2025.pdf,2025,Ward Development Committees operationalized 01 Number of Ward Development Committees Operationalized 02 Number Quarterly Ward Development Committee Meetings held 03 Number of Ward Development Committee Members trained 04 Number of Ward Development Committees Supported,(0) (0) (0) (0),APPROVED BUDGET 2025,0.0
LUANSHYA-BUDGET-2025.pdf,2025,Ward Development Committees operationalized 01 Number of Ward Development Committees Operationalized 02 Number Quarterly Ward Development Committee Meetings held 03 Number of Ward Development Committee Members trained 04 Number of Ward Development Committees Supported,(0) (0) (0) (0),REVISED BUDGET 2026,0.0
LUANSHYA-BUDGET-2025.pdf,2025,Ward Development Committees operationalized 01 Number of Ward Development Committees Operationalized 02 Number Quarterly Ward Development Committee Meetings held 03 Number of Ward Development Committee Members trained 04 Number of Ward Development Committees Supported,(0) (0) (0) (0),BUDGET ESTIMATE 2027,301206030.0
LUANSHYA-BUDGET-2025.pdf,2025,GBV Day Commemorated 01 Number of wards sensitised on GBV 02 Number of GBV Commemorated,(0) (0),APPROVED BUDGET 2025,0.0
LUANSHYA-BUDGET-2025.pdf,2025,GBV Day Commemorated 01 Number of wards sensitised on GBV 02 Number of GBV Commemorated,(0) (0),REVISED BUDGET 2026,0.0
LUANSHYA-BUDGET-2025.pdf,2025,GBV Day Commemorated 01 Number of wards sensitised on GBV 02 Number of GBV Commemorated,(0) (0),BUDGET ESTIMATE 2027,61.0
LUANSHYA-BUDGET-2025.pdf,2025,World Aids Day Commemorated 01 Number of DHAC meetings held in preparation of world Aids Day 02 Number of World Aids Day Commemorated,(0) (0),APPROVED BUDGET 2025,0.0
LUANSHYA-BUDGET-2025.pdf,2025,World Aids Day Commemorated 01 Number of DHAC meetings held in preparation of world Aids Day 02 Number of World Aids Day Commemorated,(0) (0),REVISED BUDGET 2026,0.0
LUANSHYA-BUDGET-2025.pdf,2025,World Aids Day Commemorated 01 Number of DHAC meetings held in preparation of world Aids Day 02 Number of World Aids Day Commemorated,(0) (0),BUDGET ESTIMATE 2027,41.0
LUANSHYA-BUDGET-2025.pdf,2025,ECONOMIC CLASSIFICATION,2023 BUDGET,BUDGET ESTIMATE 2027,2024.0
LUANSHYA-BUDGET-2025.pdf,2025,Programme Total,(0),APPROVED BUDGET 2025,0.0
LUANSHYA-BUDGET-2025.pdf,2025,Programme Total,(0),REVISED BUDGET 2026,0.0
LUANSHYA-BUDGET-2025.pdf,2025,Programme Total,(0),BUDGET ESTIMATE 2027,6120304.0
LUANSHYA-BUDGET-2025.pdf,2025,3 Integrated Development Planning 006Environmental planning 021Spatial Planning 033Socio Economic planning,(0) (0) (0) (0),APPROVED BUDGET 2025,0.0
LUANSHYA-BUDGET-2025.pdf,2025,3 Integrated Development Planning 006Environmental planning 021Spatial Planning 033Socio Economic planning,(0) (0) (0) (0),BUDGET ESTIMATE 2027,0.0
LUANSHYA-BUDGET-2025.pdf,2025,Programme Total,(0),APPROVED BUDGET 2025,0.0
LUANSHYA-BUDGET-2025.pdf,2025,Programme Total,(0),REVISED BUDGET 2026,6.0
LUANSHYA-BUDGET-2025.pdf,2025,Programme Total,(0),BUDGET ESTIMATE 2027,0.0
LUANSHYA-BUDGET-2025.pdf,2025,Key Output and Output Indicator,2023,BUDGET ESTIMATE 2027,2025.0
LUANSHYA-BUDGET-2025.pdf,2025,Environmental awareness conducted 01 Number of Community sensitisation conducted 02 Number of environmental awareness meetings held,(0) (0),APPROVED BUDGET 2025,0.0
LUANSHYA-BUDGET-2025.pdf,2025,Environmental awareness conducted 01 Number of Community sensitisation conducted 02 Number of environmental awareness meetings held,(0) (0),REVISED BUDGET 2026,0.0
LUANSHYA-BUDGET-2025.pdf,2025,Environmental awareness conducted 01 Number of Community sensitisation conducted 02 Number of environmental awareness meetings held,(0) (0),BUDGET ESTIMATE 2027,54.0
LUANSHYA-BUDGET-2025.pdf,2025,World Environment Day Commemorated 01 Number of World Environment Day event held,(0),APPROVED BUDGET 2025,0.0
LUANSHYA-BUDGET-2025.pdf,2025,World Environment Day Commemorated 01 Number of World Environment Day event held,(0),REVISED BUDGET 2026,0.0
LUANSHYA-BUDGET-2025.pdf,2025,World Environment Day Commemorated 01 Number of World Environment Day event held,(0),BUDGET ESTIMATE 2027,1.0
LUANSHYA-BUDGET-2025.pdf,2025,Monitoring and Evaluation Conducted 01 Percentage of Monitoring and Evaluation conducted,(0),APPROVED BUDGET 2025,0.0
LUANSHYA-BUDGET-2025.pdf,2025,Monitoring and Evaluation Conducted 01 Percentage of Monitoring and Evaluation conducted,(0),REVISED BUDGET 2026,0.0
LUANSHYA-BUDGET-2025.pdf,2025,Monitoring and Evaluation Conducted 01 Percentage of Monitoring and Evaluation conducted,(0),BUDGET ESTIMATE 2027,100.0
LUANSHYA-BUDGET-2025.pdf,2025,Environmental Project Briefs Reviewed 01 Percentage of Environmental Project briefs reviewed,(0),APPROVED BUDGET 2025,0.0
LUANSHYA-BUDGET-2025.pdf,2025,Environmental Project Briefs Reviewed 01 Percentage of Environmental Project briefs reviewed,(0),REVISED BUDGET 2026,0.0
LUANSHYA-BUDGET-2025.pdf,2025,Environmental Project Briefs Reviewed 01 Percentage of Environmental Project briefs reviewed,(0),BUDGET ESTIMATE 2027,100.0
LUANSHYA-BUDGET-2025.pdf,2025,"Plots demarcated,allocated and road reserves marked 01 Number of plots demarcated and allocated 02 Kilometres of Road Reserves marked",(0) (0),APPROVED BUDGET 2025,0.0
LUANSHYA-BUDGET-2025.pdf,2025,"Plots demarcated,allocated and road reserves marked 01 Number of plots demarcated and allocated 02 Kilometres of Road Reserves marked",(0) (0),REVISED BUDGET 2026,0.0
LUANSHYA-BUDGET-2025.pdf,2025,"Plots demarcated,allocated and road reserves marked 01 Number of plots demarcated and allocated 02 Kilometres of Road Reserves marked",(0) (0),BUDGET ESTIMATE 2027,180060.0
LUANSHYA-BUDGET-2025.pdf,2025,Land identified for purposes of spatial planning 01 Hectarage of land identified and planned,(0),APPROVED BUDGET 2025,0.0
LUANSHYA-BUDGET-2025.pdf,2025,Land identified for purposes of spatial planning 01 Hectarage of land identified and planned,(0),REVISED BUDGET 2026,0.0
LUANSHYA-BUDGET-2025.pdf,2025,Land identified for purposes of spatial planning 01 Hectarage of land identified and planned,(0),BUDGET ESTIMATE 2027,100.0
LUANSHYA-BUDGET-2025.pdf,2025,Settlement improvement of Fisenge and Kamuchanga 01 Number of Settlements Upgraded,(0),APPROVED BUDGET 2025,0.0
LUANSHYA-BUDGET-2025.pdf,2025,Settlement improvement of Fisenge and Kamuchanga 01 Number of Settlements Upgraded,(0),REVISED BUDGET 2026,0.0
LUANSHYA-BUDGET-2025.pdf,2025,Settlement improvement of Fisenge and Kamuchanga 01 Number of Settlements Upgraded,(0),BUDGET ESTIMATE 2027,2.0
LUANSHYA-BUDGET-2025.pdf,2025,DDCC meetings held 01 Number of DDCC meeting held,(0),APPROVED BUDGET 2025,0.0
LUANSHYA-BUDGET-2025.pdf,2025,DDCC meetings held 01 Number of DDCC meeting held,(0),REVISED BUDGET 2026,0.0
LUANSHYA-BUDGET-2025.pdf,2025,DDCC meetings held 01 Number of DDCC meeting held,(0),BUDGET ESTIMATE 2027,4.0
LUANSHYA-BUDGET-2025.pdf,2025,Service delivery charter implemented 01 Number of customer satisfaction survey conducted,(0),APPROVED BUDGET 2025,0.0
LUANSHYA-BUDGET-2025.pdf,2025,Service delivery charter implemented 01 Number of customer satisfaction survey conducted,(0),REVISED BUDGET 2026,0.0
LUANSHYA-BUDGET-2025.pdf,2025,Service delivery charter implemented 01 Number of customer satisfaction survey conducted,(0),BUDGET ESTIMATE 2027,1.0
LUANSHYA-BUDGET-2025.pdf,2025,IDP implemented 01 Number of IDP performance review meetings conducted,(0),APPROVED BUDGET 2025,0.0
LUANSHYA-BUDGET-2025.pdf,2025,IDP implemented 01 Number of IDP performance review meetings conducted,(0),REVISED BUDGET 2026,0.0
LUANSHYA-BUDGET-2025.pdf,2025,IDP implemented 01 Number of IDP performance review meetings conducted,(0),BUDGET ESTIMATE 2027,4.0
LUANSHYA-BUDGET-2025.pdf,2025,ECONOMIC CLASSIFICATION,2023 BUDGET,REVISED BUDGET 2026,2024.0
LUANSHYA-BUDGET-2025.pdf,2025,Programme Total,(0),APPROVED BUDGET 2025,0.0
LUANSHYA-BUDGET-2025.pdf,2025,Programme Total,(0),REVISED BUDGET 2026,204230.0
LUANSHYA-BUDGET-2025.pdf,2025,Programme Total,(0),BUDGET ESTIMATE 2027,0.0
LUANSHYA-BUDGET-2025.pdf,2025,4 Economic and business development 011Local Economic Development 038Trade Facilitation and Licencing,(0) (0) (0),APPROVED BUDGET 2025,0.0
LUANSHYA-BUDGET-2025.pdf,2025,4 Economic and business development 011Local Economic Development 038Trade Facilitation and Licencing,(0) (0) (0),BUDGET ESTIMATE 2027,0.0
LUANSHYA-BUDGET-2025.pdf,2025,Programme Total,(0),APPROVED BUDGET 2025,0.0
LUANSHYA-BUDGET-2025.pdf,2025,Programme Total,(0),REVISED BUDGET 2026,0.0
LUANSHYA-BUDGET-2025.pdf,2025,Programme Total,(0),BUDGET ESTIMATE 2027,0.0
LUANSHYA-BUDGET-2025.pdf,2025,Key Output and Output Indicator,2023,BUDGET ESTIMATE 2027,2025.0
LUANSHYA-BUDGET-2025.pdf,2025,Licensing activities conducted 01 Percentage of licenses issued 02 Number of inspection conducted,(0) (0),APPROVED BUDGET 2025,0.0
LUANSHYA-BUDGET-2025.pdf,2025,Licensing activities conducted 01 Percentage of licenses issued 02 Number of inspection conducted,(0) (0),REVISED BUDGET 2026,0.0
LUANSHYA-BUDGET-2025.pdf,2025,Licensing activities conducted 01 Percentage of licenses issued 02 Number of inspection conducted,(0) (0),BUDGET ESTIMATE 2027,10012.0
LUANSHYA-BUDGET-2025.pdf,2025,Senstization meeting Conducted 01 Number of sensitization meetings conducted,(0),APPROVED BUDGET 2025,0.0
LUANSHYA-BUDGET-2025.pdf,2025,Senstization meeting Conducted 01 Number of sensitization meetings conducted,(0),REVISED BUDGET 2026,0.0
LUANSHYA-BUDGET-2025.pdf,2025,Senstization meeting Conducted 01 Number of sensitization meetings conducted,(0),BUDGET ESTIMATE 2027,4.0
LUANSHYA-BUDGET-2025.pdf,2025,Community sensitization on Local Economic Development conducted 01 Number of communities sensitization meeting held on LED,(0),APPROVED BUDGET 2025,0.0
LUANSHYA-BUDGET-2025.pdf,2025,Community sensitization on Local Economic Development conducted 01 Number of communities sensitization meeting held on LED,(0),REVISED BUDGET 2026,0.0
LUANSHYA-BUDGET-2025.pdf,2025,Community sensitization on Local Economic Development conducted 01 Number of communities sensitization meeting held on LED,(0),BUDGET ESTIMATE 2027,4.0
LUANSHYA-BUDGET-2025.pdf,2025,ECONOMIC CLASSIFICATION,2023 BUDGET,BUDGET ESTIMATE 2027,2024.0
LUANSHYA-BUDGET-2025.pdf,2025,Programme Total,(0),APPROVED BUDGET 2025,0.0
LUANSHYA-BUDGET-2025.pdf,2025,Programme Total,(0),BUDGET ESTIMATE 2027,2989873.0
LUANSHYA-BUDGET-2025.pdf,2025,5 Public health and Environmental protection 015Cemetery and funeral services 019Health Inspections 023Pest control 024Pollution control 027Solid Waste Management 034Water supply and Sanitation Services,(0) (0) (0) (0) (0) (0) (0),APPROVED BUDGET 2025,0.0
LUANSHYA-BUDGET-2025.pdf,2025,5 Public health and Environmental protection 015Cemetery and funeral services 019Health Inspections 023Pest control 024Pollution control 027Solid Waste Management 034Water supply and Sanitation Services,(0) (0) (0) (0) (0) (0) (0),BUDGET ESTIMATE 2027,0.0
LUANSHYA-BUDGET-2025.pdf,2025,Programme Total,(0),APPROVED BUDGET 2025,0.0
LUANSHYA-BUDGET-2025.pdf,2025,Programme Total,(0),REVISED BUDGET 2026,3.0
LUANSHYA-BUDGET-2025.pdf,2025,Programme Total,(0),BUDGET ESTIMATE 2027,0.0
LUANSHYA-BUDGET-2025.pdf,2025,Key Output and Output Indicator,2023,BUDGET ESTIMATE 2027,2025.0
LUANSHYA-BUDGET-2025.pdf,2025,Cemetery and Funeral services provided 01 Percentage of unclaimed bodies disposed off 02 Percentage of burial permits issued 03 Percentage of new burial sites created,(0) (0) (0),APPROVED BUDGET 2025,0.0
LUANSHYA-BUDGET-2025.pdf,2025,Cemetery and Funeral services provided 01 Percentage of unclaimed bodies disposed off 02 Percentage of burial permits issued 03 Percentage of new burial sites created,(0) (0) (0),REVISED BUDGET 2026,0.0
LUANSHYA-BUDGET-2025.pdf,2025,Cemetery and Funeral services provided 01 Percentage of unclaimed bodies disposed off 02 Percentage of burial permits issued 03 Percentage of new burial sites created,(0) (0) (0),BUDGET ESTIMATE 2027,100100100.0
LUANSHYA-BUDGET-2025.pdf,2025,Health inspection services provided 01 Number of health inspection conducted 02 Percentage of health permits issued 03 Percentage of food handler's certificate issued,(0) (0) (0),APPROVED BUDGET 2025,0.0
LUANSHYA-BUDGET-2025.pdf,2025,Health inspection services provided 01 Number of health inspection conducted 02 Percentage of health permits issued 03 Percentage of food handler's certificate issued,(0) (0) (0),REVISED BUDGET 2026,0.0
LUANSHYA-BUDGET-2025.pdf,2025,Health inspection services provided 01 Number of health inspection conducted 02 Percentage of health permits issued 03 Percentage of food handler's certificate issued,(0) (0) (0),BUDGET ESTIMATE 2027,42100100.0
LUANSHYA-BUDGET-2025.pdf,2025,Pests controlled 01 Number of Spraying and fumigating(cid:9)(cid:9)(cid:9)(cid:9) activities conducted 02 Number of Sprayer pumps(cid:9)(cid:9)(cid:9)(cid:9) procured 03 Number of Dogs registered,(0) (0) (0),APPROVED BUDGET 2025,0.0
LUANSHYA-BUDGET-2025.pdf,2025,Pests controlled 01 Number of Spraying and fumigating(cid:9)(cid:9)(cid:9)(cid:9) activities conducted 02 Number of Sprayer pumps(cid:9)(cid:9)(cid:9)(cid:9) procured 03 Number of Dogs registered,(0) (0) (0),REVISED BUDGET 2026,0.0
LUANSHYA-BUDGET-2025.pdf,2025,Pests controlled 01 Number of Spraying and fumigating(cid:9)(cid:9)(cid:9)(cid:9) activities conducted 02 Number of Sprayer pumps(cid:9)(cid:9)(cid:9)(cid:9) procured 03 Number of Dogs registered,(0) (0) (0),BUDGET ESTIMATE 2027,4450.0
LUANSHYA-BUDGET-2025.pdf,2025,Pollution monitored 01 Percentage of water sampling conducted 02 Number of Boreholes drilled at Dumpsite,(0) (0),APPROVED BUDGET 2025,0.0
LUANSHYA-BUDGET-2025.pdf,2025,Pollution monitored 01 Percentage of water sampling conducted 02 Number of Boreholes drilled at Dumpsite,(0) (0),REVISED BUDGET 2026,0.0
LUANSHYA-BUDGET-2025.pdf,2025,Pollution monitored 01 Percentage of water sampling conducted 02 Number of Boreholes drilled at Dumpsite,(0) (0),BUDGET ESTIMATE 2027,1001.0
LUANSHYA-BUDGET-2025.pdf,2025,Safe and clean drinking water provided 01 Number of WASHE Committees operationalised 02 Number of boreholes constructed 03 Number of boreholes rehabilitated,(0) (0) (0),APPROVED BUDGET 2025,0.0
LUANSHYA-BUDGET-2025.pdf,2025,Safe and clean drinking water provided 01 Number of WASHE Committees operationalised 02 Number of boreholes constructed 03 Number of boreholes rehabilitated,(0) (0) (0),REVISED BUDGET 2026,0.0
LUANSHYA-BUDGET-2025.pdf,2025,Safe and clean drinking water provided 01 Number of WASHE Committees operationalised 02 Number of boreholes constructed 03 Number of boreholes rehabilitated,(0) (0) (0),BUDGET ESTIMATE 2027,31020.0
LUANSHYA-BUDGET-2025.pdf,2025,ECONOMIC CLASSIFICATION,2023 BUDGET,BUDGET ESTIMATE 2027,2024.0
LUANSHYA-BUDGET-2025.pdf,2025,Programme Total,(0),APPROVED BUDGET 2025,0.0
LUANSHYA-BUDGET-2025.pdf,2025,Programme Total,(0),BUDGET ESTIMATE 2027,15565686.0
LUANSHYA-BUDGET-2025.pdf,2025,6 Housing and Community Amenities 007Parks and Gardens 012Markets and Bus Stations 026Public Housing 029Roads and Drainages 031Street Lighting,(0) (0) (0) (0) (0) (0),APPROVED BUDGET 2025,0.0
LUANSHYA-BUDGET-2025.pdf,2025,6 Housing and Community Amenities 007Parks and Gardens 012Markets and Bus Stations 026Public Housing 029Roads and Drainages 031Street Lighting,(0) (0) (0) (0) (0) (0),BUDGET ESTIMATE 2027,0.0
LUANSHYA-BUDGET-2025.pdf,2025,Programme Total,(0),APPROVED BUDGET 2025,0.0
LUANSHYA-BUDGET-2025.pdf,2025,Programme Total,(0),REVISED BUDGET 2026,6.0
LUANSHYA-BUDGET-2025.pdf,2025,Programme Total,(0),BUDGET ESTIMATE 2027,0.0
LUANSHYA-BUDGET-2025.pdf,2025,Key Output and Output Indicator,2023,BUDGET ESTIMATE 2027,2025.0
LUANSHYA-BUDGET-2025.pdf,2025,Roads and Drainages maintained 01 Kilometer of roads maintained 02 Kilometer of drainages maintained 03 Kilometer of new drainages constructed 04 Number of access points rehabilitated,(0) (0) (0) (0),APPROVED BUDGET 2025,0.0
LUANSHYA-BUDGET-2025.pdf,2025,Roads and Drainages maintained 01 Kilometer of roads maintained 02 Kilometer of drainages maintained 03 Kilometer of new drainages constructed 04 Number of access points rehabilitated,(0) (0) (0) (0),REVISED BUDGET 2026,0.0
LUANSHYA-BUDGET-2025.pdf,2025,Roads and Drainages maintained 01 Kilometer of roads maintained 02 Kilometer of drainages maintained 03 Kilometer of new drainages constructed 04 Number of access points rehabilitated,(0) (0) (0) (0),BUDGET ESTIMATE 2027,2010410.0
LUANSHYA-BUDGET-2025.pdf,2025,Street lighting maintained 01 Number of street lights installed 02 Number of street light repaired,(0) (0),APPROVED BUDGET 2025,0.0
LUANSHYA-BUDGET-2025.pdf,2025,Street lighting maintained 01 Number of street lights installed 02 Number of street light repaired,(0) (0),REVISED BUDGET 2026,0.0
LUANSHYA-BUDGET-2025.pdf,2025,Street lighting maintained 01 Number of street lights installed 02 Number of street light repaired,(0) (0),BUDGET ESTIMATE 2027,20050.0
LUANSHYA-BUDGET-2025.pdf,2025,Parks and gardens maintained 01 Number of parks and gardens maintained 02 Number of lawns/green gardens maintained,(0) (0),APPROVED BUDGET 2025,0.0
LUANSHYA-BUDGET-2025.pdf,2025,Parks and gardens maintained 01 Number of parks and gardens maintained 02 Number of lawns/green gardens maintained,(0) (0),REVISED BUDGET 2026,0.0
LUANSHYA-BUDGET-2025.pdf,2025,Parks and gardens maintained 01 Number of parks and gardens maintained 02 Number of lawns/green gardens maintained,(0) (0),BUDGET ESTIMATE 2027,1025.0
LUANSHYA-BUDGET-2025.pdf,2025,Markets and Bus station maintained 01 Number of markets maintained 02 Number of Bus station maintained,(0) (0),APPROVED BUDGET 2025,0.0
LUANSHYA-BUDGET-2025.pdf,2025,Markets and Bus station maintained 01 Number of markets maintained 02 Number of Bus station maintained,(0) (0),REVISED BUDGET 2026,0.0
LUANSHYA-BUDGET-2025.pdf,2025,Markets and Bus station maintained 01 Number of markets maintained 02 Number of Bus station maintained,(0) (0),BUDGET ESTIMATE 2027,85.0
LUANSHYA-BUDGET-2025.pdf,2025,Council building maintained 01 Number of council shops maintained 02 Number of council houses maintained,(0) (0),APPROVED BUDGET 2025,0.0
LUANSHYA-BUDGET-2025.pdf,2025,Council building maintained 01 Number of council shops maintained 02 Number of council houses maintained,(0) (0),REVISED BUDGET 2026,0.0
LUANSHYA-BUDGET-2025.pdf,2025,Council building maintained 01 Number of council shops maintained 02 Number of council houses maintained,(0) (0),BUDGET ESTIMATE 2027,22.0
LUANSHYA-BUDGET-2025.pdf,2025,Inspection of council buildings conducted 01 Number of council buidings inspected 02 Percentage of council buildings occupied,(0) (0),APPROVED BUDGET 2025,0.0
LUANSHYA-BUDGET-2025.pdf,2025,Inspection of council buildings conducted 01 Number of council buidings inspected 02 Percentage of council buildings occupied,(0) (0),REVISED BUDGET 2026,0.0
LUANSHYA-BUDGET-2025.pdf,2025,Inspection of council buildings conducted 01 Number of council buidings inspected 02 Percentage of council buildings occupied,(0) (0),BUDGET ESTIMATE 2027,11380.0
LUANSHYA-BUDGET-2025.pdf,2025,ECONOMIC CLASSIFICATION,2023 BUDGET,REVISED BUDGET 2026,2024.0
LUANSHYA-BUDGET-2025.pdf,2025,Programme Total,(0),APPROVED BUDGET 2025,0.0
LUANSHYA-BUDGET-2025.pdf,2025,Programme Total,(0),REVISED BUDGET 2026,1946608.0
LUANSHYA-BUDGET-2025.pdf,2025,Programme Total,(0),BUDGET ESTIMATE 2027,0.0
LUANSHYA-BUDGET-2025.pdf,2025,7 Recreation Culture and Religion 001Cultural Affairs 032Registration of marriages 042Sports Promotion,(0) (0) (0) (0),APPROVED BUDGET 2025,0.0
LUANSHYA-BUDGET-2025.pdf,2025,7 Recreation Culture and Religion 001Cultural Affairs 032Registration of marriages 042Sports Promotion,(0) (0) (0) (0),BUDGET ESTIMATE 2027,0.0
LUANSHYA-BUDGET-2025.pdf,2025,Programme Total,(0),APPROVED BUDGET 2025,0.0
LUANSHYA-BUDGET-2025.pdf,2025,Programme Total,(0),REVISED BUDGET 2026,8.0
LUANSHYA-BUDGET-2025.pdf,2025,Programme Total,(0),BUDGET ESTIMATE 2027,0.0
LUANSHYA-BUDGET-2025.pdf,2025,Key Output and Output Indicator,2023,BUDGET ESTIMATE 2027,2025.0
LUANSHYA-BUDGET-2025.pdf,2025,Inventorying of all cultural practices in the district conducted 01 Number of cultural documentries produced 02 Number of cultural practices captured,(0) (0),APPROVED BUDGET 2025,0.0
LUANSHYA-BUDGET-2025.pdf,2025,Inventorying of all cultural practices in the district conducted 01 Number of cultural documentries produced 02 Number of cultural practices captured,(0) (0),REVISED BUDGET 2026,0.0
LUANSHYA-BUDGET-2025.pdf,2025,Inventorying of all cultural practices in the district conducted 01 Number of cultural documentries produced 02 Number of cultural practices captured,(0) (0),BUDGET ESTIMATE 2027,22.0
LUANSHYA-BUDGET-2025.pdf,2025,Cultural and creative industries in the district developed 01 Number of cultural dances performed,(0),APPROVED BUDGET 2025,0.0
LUANSHYA-BUDGET-2025.pdf,2025,Cultural and creative industries in the district developed 01 Number of cultural dances performed,(0),REVISED BUDGET 2026,0.0
LUANSHYA-BUDGET-2025.pdf,2025,Cultural and creative industries in the district developed 01 Number of cultural dances performed,(0),BUDGET ESTIMATE 2027,2.0
LUANSHYA-BUDGET-2025.pdf,2025,Marriage Certificates issued 01 Percentage of Marriage Certificates Issued 02 Percentage of Marriage Solemnisations carried out,(0) (0),APPROVED BUDGET 2025,0.0
LUANSHYA-BUDGET-2025.pdf,2025,Marriage Certificates issued 01 Percentage of Marriage Certificates Issued 02 Percentage of Marriage Solemnisations carried out,(0) (0),REVISED BUDGET 2026,0.0
LUANSHYA-BUDGET-2025.pdf,2025,Marriage Certificates issued 01 Percentage of Marriage Certificates Issued 02 Percentage of Marriage Solemnisations carried out,(0) (0),BUDGET ESTIMATE 2027,100100.0
LUANSHYA-BUDGET-2025.pdf,2025,Community sports infrastructure maintained 01 Number of community sports infrastructure maintained,(0),APPROVED BUDGET 2025,0.0
LUANSHYA-BUDGET-2025.pdf,2025,Community sports infrastructure maintained 01 Number of community sports infrastructure maintained,(0),REVISED BUDGET 2026,0.0
LUANSHYA-BUDGET-2025.pdf,2025,Community sports infrastructure maintained 01 Number of community sports infrastructure maintained,(0),BUDGET ESTIMATE 2027,2.0
LUANSHYA-BUDGET-2025.pdf,2025,Community sports promoted 01 Number of sports tournaments conducted 02 Number of sport recreation activities conducted 03 Number of people who took part in the tournament 04 Number of women teams participated in sports activites 05 Number of people living with disablity participated in the tournament,(0) (0) (0) (0) (0),APPROVED BUDGET 2025,0.0
LUANSHYA-BUDGET-2025.pdf,2025,Community sports promoted 01 Number of sports tournaments conducted 02 Number of sport recreation activities conducted 03 Number of people who took part in the tournament 04 Number of women teams participated in sports activites 05 Number of people living with disablity participated in the tournament,(0) (0) (0) (0) (0),REVISED BUDGET 2026,0.0
LUANSHYA-BUDGET-2025.pdf,2025,Community sports promoted 01 Number of sports tournaments conducted 02 Number of sport recreation activities conducted 03 Number of people who took part in the tournament 04 Number of women teams participated in sports activites 05 Number of people living with disablity participated in the tournament,(0) (0) (0) (0) (0),BUDGET ESTIMATE 2027,441000650.0
LUANSHYA-BUDGET-2025.pdf,2025,Capacity building conducted 01 Number of Coaching clinic undertaken 02 Number of referees trained 03 Number of sports federation accredited,(0) (0) (0),APPROVED BUDGET 2025,0.0
LUANSHYA-BUDGET-2025.pdf,2025,Capacity building conducted 01 Number of Coaching clinic undertaken 02 Number of referees trained 03 Number of sports federation accredited,(0) (0) (0),REVISED BUDGET 2026,0.0
LUANSHYA-BUDGET-2025.pdf,2025,Capacity building conducted 01 Number of Coaching clinic undertaken 02 Number of referees trained 03 Number of sports federation accredited,(0) (0) (0),BUDGET ESTIMATE 2027,22010.0
LUANSHYA-BUDGET-2025.pdf,2025,ECONOMIC CLASSIFICATION,2023 BUDGET,BUDGET ESTIMATE 2027,2024.0
LUANSHYA-BUDGET-2025.pdf,2025,01Personal Emoluments 01Salaries and Wages 02Library 02Use of Goods and Services 02General Operations 01Community Development 02Library 04Assets 01Non-Financial Assets (Capital Expenditure) 01Community Development 02Library,- - - - - - - - - - -,BUDGET ESTIMATE 2027,6.678166678166678e+63
LUANSHYA-BUDGET-2025.pdf,2025,Programme Total,(0),APPROVED BUDGET 2025,0.0
LUANSHYA-BUDGET-2025.pdf,2025,Programme Total,(0),BUDGET ESTIMATE 2027,1817929.0
LUANSHYA-BUDGET-2025.pdf,2025,8 Education and skills development 001District archives 005Early Childhood Education 010Adult Literacy 039Library Services,(0) (0) (0) (0) (0),APPROVED BUDGET 2025,0.0
LUANSHYA-BUDGET-2025.pdf,2025,8 Education and skills development 001District archives 005Early Childhood Education 010Adult Literacy 039Library Services,(0) (0) (0) (0) (0),BUDGET ESTIMATE 2027,0.0
LUANSHYA-BUDGET-2025.pdf,2025,Programme Total,(0),APPROVED BUDGET 2025,0.0
LUANSHYA-BUDGET-2025.pdf,2025,Programme Total,(0),REVISED BUDGET 2026,9.0
LUANSHYA-BUDGET-2025.pdf,2025,Programme Total,(0),BUDGET ESTIMATE 2027,0.0
LUANSHYA-BUDGET-2025.pdf,2025,Key Output and Output Indicator,2023,BUDGET ESTIMATE 2027,2025.0
LUANSHYA-BUDGET-2025.pdf,2025,District Records Surveyed 01 Number of record surveys conducted annually,(0),APPROVED BUDGET 2025,0.0
LUANSHYA-BUDGET-2025.pdf,2025,District Records Surveyed 01 Number of record surveys conducted annually,(0),REVISED BUDGET 2026,0.0
LUANSHYA-BUDGET-2025.pdf,2025,District Records Surveyed 01 Number of record surveys conducted annually,(0),BUDGET ESTIMATE 2027,2.0
LUANSHYA-BUDGET-2025.pdf,2025,District records preserved 01 Percentage of targeted district records preserved annually,(0),APPROVED BUDGET 2025,0.0
LUANSHYA-BUDGET-2025.pdf,2025,District records preserved 01 Percentage of targeted district records preserved annually,(0),REVISED BUDGET 2026,0.0
LUANSHYA-BUDGET-2025.pdf,2025,District records preserved 01 Percentage of targeted district records preserved annually,(0),BUDGET ESTIMATE 2027,100.0
LUANSHYA-BUDGET-2025.pdf,2025,Early childhood services provided 01 Number of pupils enrolled,(0),APPROVED BUDGET 2025,0.0
LUANSHYA-BUDGET-2025.pdf,2025,Early childhood services provided 01 Number of pupils enrolled,(0),REVISED BUDGET 2026,0.0
LUANSHYA-BUDGET-2025.pdf,2025,Early childhood services provided 01 Number of pupils enrolled,(0),BUDGET ESTIMATE 2027,400.0
LUANSHYA-BUDGET-2025.pdf,2025,Adult literacy provided 01 Number of students enrolled in adult literacy programmes,(0),APPROVED BUDGET 2025,0.0
LUANSHYA-BUDGET-2025.pdf,2025,Adult literacy provided 01 Number of students enrolled in adult literacy programmes,(0),REVISED BUDGET 2026,0.0
LUANSHYA-BUDGET-2025.pdf,2025,Adult literacy provided 01 Number of students enrolled in adult literacy programmes,(0),BUDGET ESTIMATE 2027,50.0
LUANSHYA-BUDGET-2025.pdf,2025,Vocational skills provided 01 Number of youths trained in vocational skills 02 Percentage of students graduating from skill centre 03 Number of courses affiliated to TEVETA,(0) (0) (0),APPROVED BUDGET 2025,0.0
LUANSHYA-BUDGET-2025.pdf,2025,Vocational skills provided 01 Number of youths trained in vocational skills 02 Percentage of students graduating from skill centre 03 Number of courses affiliated to TEVETA,(0) (0) (0),REVISED BUDGET 2026,0.0
LUANSHYA-BUDGET-2025.pdf,2025,Vocational skills provided 01 Number of youths trained in vocational skills 02 Percentage of students graduating from skill centre 03 Number of courses affiliated to TEVETA,(0) (0) (0),BUDGET ESTIMATE 2027,601006.0
LUANSHYA-BUDGET-2025.pdf,2025,Library material classified 01 Percentage of Library materials classified,(0),APPROVED BUDGET 2025,0.0
LUANSHYA-BUDGET-2025.pdf,2025,Library material classified 01 Percentage of Library materials classified,(0),REVISED BUDGET 2026,0.0
LUANSHYA-BUDGET-2025.pdf,2025,Library material classified 01 Percentage of Library materials classified,(0),BUDGET ESTIMATE 2027,100.0
LUANSHYA-BUDGET-2025.pdf,2025,Library services provided 01 Number of members registered,(0),APPROVED BUDGET 2025,0.0
LUANSHYA-BUDGET-2025.pdf,2025,Library services provided 01 Number of members registered,(0),REVISED BUDGET 2026,0.0
LUANSHYA-BUDGET-2025.pdf,2025,Library services provided 01 Number of members registered,(0),BUDGET ESTIMATE 2027,70.0
LUANSHYA-BUDGET-2025.pdf,2025,ECONOMIC CLASSIFICATION,2023 BUDGET,BUDGET ESTIMATE 2027,2024.0
LUANSHYA-BUDGET-2025.pdf,2025,Programme Total,(0),APPROVED BUDGET 2025,0.0
LUANSHYA-BUDGET-2025.pdf,2025,Programme Total,(0),BUDGET ESTIMATE 2027,2598715.0
LUANSHYA-BUDGET-2025.pdf,2025,10 Public order and safety 014Building regulation 018Community policing 041Fire protection services,(0) (0) (0) (0),APPROVED BUDGET 2025,0.0
LUANSHYA-BUDGET-2025.pdf,2025,10 Public order and safety 014Building regulation 018Community policing 041Fire protection services,(0) (0) (0) (0),BUDGET ESTIMATE 2027,0.0
LUANSHYA-BUDGET-2025.pdf,2025,Programme Total,(0),APPROVED BUDGET 2025,0.0
LUANSHYA-BUDGET-2025.pdf,2025,Programme Total,(0),REVISED BUDGET 2026,5.0
LUANSHYA-BUDGET-2025.pdf,2025,Programme Total,(0),BUDGET ESTIMATE 2027,0.0
LUANSHYA-BUDGET-2025.pdf,2025,Key Output and Output Indicator,2023,BUDGET ESTIMATE 2027,2025.0
LUANSHYA-BUDGET-2025.pdf,2025,Public order and safety maintained 01 Number of Council police patrols conducted,(0),APPROVED BUDGET 2025,0.0
LUANSHYA-BUDGET-2025.pdf,2025,Public order and safety maintained 01 Number of Council police patrols conducted,(0),REVISED BUDGET 2026,0.0
LUANSHYA-BUDGET-2025.pdf,2025,Public order and safety maintained 01 Number of Council police patrols conducted,(0),BUDGET ESTIMATE 2027,40.0
LUANSHYA-BUDGET-2025.pdf,2025,Capacity building conducted 01 Number of council police officers trained,(0),APPROVED BUDGET 2025,0.0
LUANSHYA-BUDGET-2025.pdf,2025,Capacity building conducted 01 Number of council police officers trained,(0),REVISED BUDGET 2026,0.0
LUANSHYA-BUDGET-2025.pdf,2025,Capacity building conducted 01 Number of council police officers trained,(0),BUDGET ESTIMATE 2027,40.0
LUANSHYA-BUDGET-2025.pdf,2025,Building Regulation enforced 01 Pecentage of building plans scrutinized 02 Number of building inspections conducted 03 Percentage of completion certificate issued,(0) (0) (0),APPROVED BUDGET 2025,0.0
LUANSHYA-BUDGET-2025.pdf,2025,Building Regulation enforced 01 Pecentage of building plans scrutinized 02 Number of building inspections conducted 03 Percentage of completion certificate issued,(0) (0) (0),REVISED BUDGET 2026,0.0
LUANSHYA-BUDGET-2025.pdf,2025,Building Regulation enforced 01 Pecentage of building plans scrutinized 02 Number of building inspections conducted 03 Percentage of completion certificate issued,(0) (0) (0),BUDGET ESTIMATE 2027,10042100.0
LUANSHYA-BUDGET-2025.pdf,2025,Rescue operations conducted 01 Proportion of rescue operations conducted,(0),APPROVED BUDGET 2025,0.0
LUANSHYA-BUDGET-2025.pdf,2025,Rescue operations conducted 01 Proportion of rescue operations conducted,(0),REVISED BUDGET 2026,0.0
LUANSHYA-BUDGET-2025.pdf,2025,Rescue operations conducted 01 Proportion of rescue operations conducted,(0),BUDGET ESTIMATE 2027,100.0
LUANSHYA-BUDGET-2025.pdf,2025,Capacity building conducted 01 Number of fire officers trained,(0),APPROVED BUDGET 2025,0.0
LUANSHYA-BUDGET-2025.pdf,2025,Capacity building conducted 01 Number of fire officers trained,(0),REVISED BUDGET 2026,0.0
LUANSHYA-BUDGET-2025.pdf,2025,Capacity building conducted 01 Number of fire officers trained,(0),BUDGET ESTIMATE 2027,20.0
LUANSHYA-BUDGET-2025.pdf,2025,ECONOMIC CLASSIFICATION,2023 BUDGET,BUDGET ESTIMATE 2027,2024.0
LUANSHYA-BUDGET-2025.pdf,2025,05Expenditure/ Accountancy/ Establishment/ Stores,-,BUDGET ESTIMATE 2027,8347427.0
LUANSHYA-BUDGET-2025.pdf,2025,Programme Total,(0),APPROVED BUDGET 2025,0.0
LUANSHYA-BUDGET-2025.pdf,2025,Programme Total,(0),REVISED BUDGET 2026,0.0
LUANSHYA-BUDGET-2025.pdf,2025,Programme Total,(0),BUDGET ESTIMATE 2027,41886005.0
LUANSHYA-BUDGET-2025.pdf,2025,11 Management and support Services 001(cid:9)Human Resource and Administratio 003Public Relations 009(cid:9)Executive management 016(cid:9)Procurement 024ICT 028(cid:9)Auditing 035(cid:9)Accounting 036Legal,(0) (0) (0) (0) (0) (0) (0) (0) (0),APPROVED BUDGET 2025,0.0
LUANSHYA-BUDGET-2025.pdf,2025,11 Management and support Services 001(cid:9)Human Resource and Administratio 003Public Relations 009(cid:9)Executive management 016(cid:9)Procurement 024ICT 028(cid:9)Auditing 035(cid:9)Accounting 036Legal,(0) (0) (0) (0) (0) (0) (0) (0) (0),BUDGET ESTIMATE 2027,8000000000.0
LUANSHYA-BUDGET-2025.pdf,2025,Programme Total,(0),APPROVED BUDGET 2025,0.0
LUANSHYA-BUDGET-2025.pdf,2025,Programme Total,(0),REVISED BUDGET 2026,7.0
LUANSHYA-BUDGET-2025.pdf,2025,Programme Total,(0),BUDGET ESTIMATE 2027,0.0
LUANSHYA-BUDGET-2025.pdf,2025,Key Output and Output Indicator,2023,BUDGET ESTIMATE 2027,2025.0
LUANSHYA-BUDGET-2025.pdf,2025,Human Resource Managed 01 Number of Management Meetings held 02 Number of Staff trained 03 Number of Quarterly Joint Management Meetings held 04 Number of Human Resource Management Committee Meetings held 05 Number of Integrity Committee Meetings held 06 Number of National Events Commemorated,(0) (0) (0) (0) (0) (0),APPROVED BUDGET 2025,0.0
LUANSHYA-BUDGET-2025.pdf,2025,Human Resource Managed 01 Number of Management Meetings held 02 Number of Staff trained 03 Number of Quarterly Joint Management Meetings held 04 Number of Human Resource Management Committee Meetings held 05 Number of Integrity Committee Meetings held 06 Number of National Events Commemorated,(0) (0) (0) (0) (0) (0),REVISED BUDGET 2026,0.0
LUANSHYA-BUDGET-2025.pdf,2025,Human Resource Managed 01 Number of Management Meetings held 02 Number of Staff trained 03 Number of Quarterly Joint Management Meetings held 04 Number of Human Resource Management Committee Meetings held 05 Number of Integrity Committee Meetings held 06 Number of National Events Commemorated,(0) (0) (0) (0) (0) (0),BUDGET ESTIMATE 2027,126541269.0
LUANSHYA-BUDGET-2025.pdf,2025,ICT Infrastructure Developed 01 Number of systems/operations automated,(0),APPROVED BUDGET 2025,0.0
LUANSHYA-BUDGET-2025.pdf,2025,ICT Infrastructure Developed 01 Number of systems/operations automated,(0),REVISED BUDGET 2026,0.0
LUANSHYA-BUDGET-2025.pdf,2025,ICT Infrastructure Developed 01 Number of systems/operations automated,(0),BUDGET ESTIMATE 2027,2.0
LUANSHYA-BUDGET-2025.pdf,2025,"Server software,Windows Operatings Systems and Applications Updated 01 Number of systems and applications updated",(0),APPROVED BUDGET 2025,0.0
LUANSHYA-BUDGET-2025.pdf,2025,"Server software,Windows Operatings Systems and Applications Updated 01 Number of systems and applications updated",(0),REVISED BUDGET 2026,0.0
LUANSHYA-BUDGET-2025.pdf,2025,"Server software,Windows Operatings Systems and Applications Updated 01 Number of systems and applications updated",(0),BUDGET ESTIMATE 2027,3.0
LUANSHYA-BUDGET-2025.pdf,2025,Financial Systems maintained 01 Number of Financial Systems procured and maintained,(0),APPROVED BUDGET 2025,0.0
LUANSHYA-BUDGET-2025.pdf,2025,Financial Systems maintained 01 Number of Financial Systems procured and maintained,(0),REVISED BUDGET 2026,0.0
LUANSHYA-BUDGET-2025.pdf,2025,Financial Systems maintained 01 Number of Financial Systems procured and maintained,(0),BUDGET ESTIMATE 2027,1.0
LUANSHYA-BUDGET-2025.pdf,2025,Financial Statement Produced 01 Number of Financial Statements Produced,(0),APPROVED BUDGET 2025,0.0
LUANSHYA-BUDGET-2025.pdf,2025,Financial Statement Produced 01 Number of Financial Statements Produced,(0),REVISED BUDGET 2026,0.0
LUANSHYA-BUDGET-2025.pdf,2025,Financial Statement Produced 01 Number of Financial Statements Produced,(0),BUDGET ESTIMATE 2027,1.0
LUANSHYA-BUDGET-2025.pdf,2025,Debt liquidated 01 Percentage of debt liquidated,(0),APPROVED BUDGET 2025,0.0
LUANSHYA-BUDGET-2025.pdf,2025,Debt liquidated 01 Percentage of debt liquidated,(0),REVISED BUDGET 2026,0.0
LUANSHYA-BUDGET-2025.pdf,2025,Debt liquidated 01 Percentage of debt liquidated,(0),BUDGET ESTIMATE 2027,47.0
LUANSHYA-BUDGET-2025.pdf,2025,Payroll Managed 01 Number of monthly payroll processed,(0),APPROVED BUDGET 2025,0.0
LUANSHYA-BUDGET-2025.pdf,2025,Payroll Managed 01 Number of monthly payroll processed,(0),REVISED BUDGET 2026,0.0
LUANSHYA-BUDGET-2025.pdf,2025,Payroll Managed 01 Number of monthly payroll processed,(0),BUDGET ESTIMATE 2027,12.0
LUANSHYA-BUDGET-2025.pdf,2025,Land disputes resolved 01 Percentage of Land Disputes resolved,(0),APPROVED BUDGET 2025,0.0
LUANSHYA-BUDGET-2025.pdf,2025,Land disputes resolved 01 Percentage of Land Disputes resolved,(0),REVISED BUDGET 2026,0.0
LUANSHYA-BUDGET-2025.pdf,2025,Land disputes resolved 01 Percentage of Land Disputes resolved,(0),BUDGET ESTIMATE 2027,100.0
LUANSHYA-BUDGET-2025.pdf,2025,Legal Services Provided 01 Percentage of Documents Commissioned 02 Percentage of court cases concluded 03 Percentage of litigation processes Commenced,(0) (0) (0),APPROVED BUDGET 2025,0.0
LUANSHYA-BUDGET-2025.pdf,2025,Legal Services Provided 01 Percentage of Documents Commissioned 02 Percentage of court cases concluded 03 Percentage of litigation processes Commenced,(0) (0) (0),REVISED BUDGET 2026,0.0
LUANSHYA-BUDGET-2025.pdf,2025,Legal Services Provided 01 Percentage of Documents Commissioned 02 Percentage of court cases concluded 03 Percentage of litigation processes Commenced,(0) (0) (0),BUDGET ESTIMATE 2027,100100100.0
LUANSHYA-BUDGET-2025.pdf,2025,Stakeholders engaged 01 Number of Bi-Annual Newsletters issued 02 Number of Radio programmes produced,(0) (0),APPROVED BUDGET 2025,0.0
LUANSHYA-BUDGET-2025.pdf,2025,Stakeholders engaged 01 Number of Bi-Annual Newsletters issued 02 Number of Radio programmes produced,(0) (0),REVISED BUDGET 2026,0.0
LUANSHYA-BUDGET-2025.pdf,2025,Stakeholders engaged 01 Number of Bi-Annual Newsletters issued 02 Number of Radio programmes produced,(0) (0),BUDGET ESTIMATE 2027,252.0
LUANSHYA-BUDGET-2025.pdf,2025,Content Creation 01 Number of posts made on Social media and media ratings,(0),APPROVED BUDGET 2025,0.0
LUANSHYA-BUDGET-2025.pdf,2025,Content Creation 01 Number of posts made on Social media and media ratings,(0),REVISED BUDGET 2026,0.0
LUANSHYA-BUDGET-2025.pdf,2025,Content Creation 01 Number of posts made on Social media and media ratings,(0),BUDGET ESTIMATE 2027,52.0
LUANSHYA-BUDGET-2025.pdf,2025,Event Management 01 Number of speeches written for Public Events,(0),APPROVED BUDGET 2025,0.0
LUANSHYA-BUDGET-2025.pdf,2025,Event Management 01 Number of speeches written for Public Events,(0),REVISED BUDGET 2026,0.0
LUANSHYA-BUDGET-2025.pdf,2025,Event Management 01 Number of speeches written for Public Events,(0),BUDGET ESTIMATE 2027,10.0
LUANSHYA-BUDGET-2025.pdf,2025,Procurement plan prepared 01 Number of Intitutional Procurement Plans Prepared,1,APPROVED BUDGET 2025,1.0
LUANSHYA-BUDGET-2025.pdf,2025,Procurement plan prepared 01 Number of Intitutional Procurement Plans Prepared,1,REVISED BUDGET 2026,1.0
LUANSHYA-BUDGET-2025.pdf,2025,Procurement plan prepared 01 Number of Intitutional Procurement Plans Prepared,1,BUDGET ESTIMATE 2027,1.0
LUANSHYA-BUDGET-2025.pdf,2025,Procurement Committee meetings Held 01 Number of Procurement Committee meetings held,(0),APPROVED BUDGET 2025,0.0
LUANSHYA-BUDGET-2025.pdf,2025,Procurement Committee meetings Held 01 Number of Procurement Committee meetings held,(0),REVISED BUDGET 2026,0.0
LUANSHYA-BUDGET-2025.pdf,2025,Procurement Committee meetings Held 01 Number of Procurement Committee meetings held,(0),BUDGET ESTIMATE 2027,30.0
LUANSHYA-BUDGET-2025.pdf,2025,Internal Audit report produced 01 Number of quarterly internal audit report produced 02 Number of action taken report produced 03 Percentage of special audit inspection reports produced,(0) (0) (0),APPROVED BUDGET 2025,0.0
LUANSHYA-BUDGET-2025.pdf,2025,Internal Audit report produced 01 Number of quarterly internal audit report produced 02 Number of action taken report produced 03 Percentage of special audit inspection reports produced,(0) (0) (0),REVISED BUDGET 2026,0.0
LUANSHYA-BUDGET-2025.pdf,2025,Internal Audit report produced 01 Number of quarterly internal audit report produced 02 Number of action taken report produced 03 Percentage of special audit inspection reports produced,(0) (0) (0),BUDGET ESTIMATE 2027,44100.0
LUANSHYA-BUDGET-2025.pdf,2025,ECONOMIC CLASSIFICATION,2023 BUDGET,REVISED BUDGET 2026,2024.0
LUANSHYA-BUDGET-2025.pdf,2025,01Personal Emoluments 01Salaries and Wages 07Revenue 02Use of Goods and Services 02General Operations 07Revenue 04Assets 01Non-Financial Assets (Capital Expenditure) 07Revenue,- - - - - - - - -,REVISED BUDGET 2026,1.8322351832235184e+53
LUANSHYA-BUDGET-2025.pdf,2025,Programme Total,(0),APPROVED BUDGET 2025,0.0
LUANSHYA-BUDGET-2025.pdf,2025,Programme Total,(0),REVISED BUDGET 2026,2534019.0
LUANSHYA-BUDGET-2025.pdf,2025,Programme Total,(0),BUDGET ESTIMATE 2027,0.0
LUANSHYA-BUDGET-2025.pdf,2025,12 Resource Mobilisation and Management 067Revenue Mobilisation and Enhancement,(0) (0),APPROVED BUDGET 2025,0.0
LUANSHYA-BUDGET-2025.pdf,2025,12 Resource Mobilisation and Management 067Revenue Mobilisation and Enhancement,(0) (0),BUDGET ESTIMATE 2027,0.0
LUANSHYA-BUDGET-2025.pdf,2025,Programme Total,(0),APPROVED BUDGET 2025,0.0
LUANSHYA-BUDGET-2025.pdf,2025,Programme Total,(0),REVISED BUDGET 2026,9.0
LUANSHYA-BUDGET-2025.pdf,2025,Programme Total,(0),BUDGET ESTIMATE 2027,0.0
LUANSHYA-BUDGET-2025.pdf,2025,Key Output and Output Indicator,2023,BUDGET ESTIMATE 2027,2025.0
LUANSHYA-BUDGET-2025.pdf,2025,Revenue collection efficiency enhanced 01 Number of revenue collection points established 02 Percentage of revenue collection efficiency increased 03 Number of Revenue Task force formed,(0) (0) (0),APPROVED BUDGET 2025,0.0
LUANSHYA-BUDGET-2025.pdf,2025,Revenue collection efficiency enhanced 01 Number of revenue collection points established 02 Percentage of revenue collection efficiency increased 03 Number of Revenue Task force formed,(0) (0) (0),REVISED BUDGET 2026,0.0
LUANSHYA-BUDGET-2025.pdf,2025,Revenue collection efficiency enhanced 01 Number of revenue collection points established 02 Percentage of revenue collection efficiency increased 03 Number of Revenue Task force formed,(0) (0) (0),BUDGET ESTIMATE 2027,2251.0
LUANSHYA-BUDGET-2025.pdf,2025,Ward Development Committee appointed as revenue agents 01 Number of ward development committee appointed as revenue agents,(0),APPROVED BUDGET 2025,0.0
LUANSHYA-BUDGET-2025.pdf,2025,Ward Development Committee appointed as revenue agents 01 Number of ward development committee appointed as revenue agents,(0),REVISED BUDGET 2026,0.0
LUANSHYA-BUDGET-2025.pdf,2025,Ward Development Committee appointed as revenue agents 01 Number of ward development committee appointed as revenue agents,(0),BUDGET ESTIMATE 2027,4.0
LUANSHYA-BUDGET-2025.pdf,2025,Revenue collection system automated 01 Number of Revenue collection system automated 02 Number of Bulk SMS introduced,(0) (0),APPROVED BUDGET 2025,0.0
LUANSHYA-BUDGET-2025.pdf,2025,Revenue collection system automated 01 Number of Revenue collection system automated 02 Number of Bulk SMS introduced,(0) (0),REVISED BUDGET 2026,0.0
LUANSHYA-BUDGET-2025.pdf,2025,Revenue collection system automated 01 Number of Revenue collection system automated 02 Number of Bulk SMS introduced,(0) (0),BUDGET ESTIMATE 2027,11.0
LUANSHYA-BUDGET-2025.pdf,2025,ECONOMIC CLASSIFICATION,2023 BUDGET,BUDGET ESTIMATE 2027,2024.0
LUANSHYA-BUDGET-2025.pdf,2025,Programme Total,(0),APPROVED BUDGET 2025,0.0
LUANSHYA-BUDGET-2025.pdf,2025,Programme Total,(0),BUDGET ESTIMATE 2027,2276915.0
LUANSHYA-BUDGET-2025.pdf,2025,13 District Health servcies 001Primary Health Services 002District Health Coordination 003Hospital Services,(0) (0) (0) (0),APPROVED BUDGET 2025,0.0
LUANSHYA-BUDGET-2025.pdf,2025,13 District Health servcies 001Primary Health Services 002District Health Coordination 003Hospital Services,(0) (0) (0) (0),BUDGET ESTIMATE 2027,0.0
LUANSHYA-BUDGET-2025.pdf,2025,Programme Total,(0),APPROVED BUDGET 2025,0.0
LUANSHYA-BUDGET-2025.pdf,2025,Programme Total,(0),REVISED BUDGET 2026,5.0
LUANSHYA-BUDGET-2025.pdf,2025,Programme Total,(0),BUDGET ESTIMATE 2027,0.0
LUANSHYA-BUDGET-2025.pdf,2025,Key Output and Output Indicator,2023,BUDGET ESTIMATE 2027,2025.0
LUANSHYA-BUDGET-2025.pdf,2025,Outreach Services provided 01 Percentage of under one (1) year fully immunized 02 Percentage of pregnant women attending ANC in the first trimester 03 Percentage of teenagers attending first ANC visit,(0) (0) (0),APPROVED BUDGET 2025,0.0
LUANSHYA-BUDGET-2025.pdf,2025,Outreach Services provided 01 Percentage of under one (1) year fully immunized 02 Percentage of pregnant women attending ANC in the first trimester 03 Percentage of teenagers attending first ANC visit,(0) (0) (0),REVISED BUDGET 2026,0.0
LUANSHYA-BUDGET-2025.pdf,2025,Outreach Services provided 01 Percentage of under one (1) year fully immunized 02 Percentage of pregnant women attending ANC in the first trimester 03 Percentage of teenagers attending first ANC visit,(0) (0) (0),BUDGET ESTIMATE 2027,100100100.0
LUANSHYA-BUDGET-2025.pdf,2025,Community & Family Health services provided 01 Percentage of household with at least 1 ITN 02 Percentage of children with malaria receiving ACT at community level 03 Percentage of children < 5 years with SAM,(0) (0) (0),APPROVED BUDGET 2025,0.0
LUANSHYA-BUDGET-2025.pdf,2025,Community & Family Health services provided 01 Percentage of household with at least 1 ITN 02 Percentage of children with malaria receiving ACT at community level 03 Percentage of children < 5 years with SAM,(0) (0) (0),REVISED BUDGET 2026,0.0
LUANSHYA-BUDGET-2025.pdf,2025,Community & Family Health services provided 01 Percentage of household with at least 1 ITN 02 Percentage of children with malaria receiving ACT at community level 03 Percentage of children < 5 years with SAM,(0) (0) (0),BUDGET ESTIMATE 2027,100100100.0
LUANSHYA-BUDGET-2025.pdf,2025,Health Centre Clinical Care services provided 01 Percentage of deliveries assisted with skilled personal 02 Percentage of HIV positive clients receiving ART 03 Percentage of HIV positive clients receiving ART with suppressed viral load 04 Percentage of TB cases diagnosed and treated among all incident TB cases 05 Number of maternal deaths due to pregnancy or delivery 06 Percentage of institutional deliveries,(0) (0) (0) (0) (0) (0),APPROVED BUDGET 2025,0.0
LUANSHYA-BUDGET-2025.pdf,2025,Health Centre Clinical Care services provided 01 Percentage of deliveries assisted with skilled personal 02 Percentage of HIV positive clients receiving ART 03 Percentage of HIV positive clients receiving ART with suppressed viral load 04 Percentage of TB cases diagnosed and treated among all incident TB cases 05 Number of maternal deaths due to pregnancy or delivery 06 Percentage of institutional deliveries,(0) (0) (0) (0) (0) (0),REVISED BUDGET 2026,0.0
LUANSHYA-BUDGET-2025.pdf,2025,Hosipital Services provided 01 Percentage of essential drugs procured 02 Percentage of food stuff procured 03 Percentage of medical equipment and supplies procured 04 Percentage of community based HIV management activities conducted,(0) (0) (0) (0),APPROVED BUDGET 2025,0.0
LUANSHYA-BUDGET-2025.pdf,2025,Hosipital Services provided 01 Percentage of essential drugs procured 02 Percentage of food stuff procured 03 Percentage of medical equipment and supplies procured 04 Percentage of community based HIV management activities conducted,(0) (0) (0) (0),REVISED BUDGET 2026,0.0
LUANSHYA-BUDGET-2025.pdf,2025,Hosipital Services provided 01 Percentage of essential drugs procured 02 Percentage of food stuff procured 03 Percentage of medical equipment and supplies procured 04 Percentage of community based HIV management activities conducted,(0) (0) (0) (0),BUDGET ESTIMATE 2027,8585104.0
LUANSHYA-BUDGET-2025.pdf,2025,ECONOMIC CLASSIFICATION,2023 BUDGET,REVISED BUDGET 2026,2024.0
LUANSHYA-BUDGET-2025.pdf,2025,Programme Total,(0),APPROVED BUDGET 2025,0.0
LUANSHYA-BUDGET-2025.pdf,2025,Programme Total,(0),REVISED BUDGET 2026,3742847.0
LUANSHYA-BUDGET-2025.pdf,2025,Programme Total,(0),BUDGET ESTIMATE 2027,0.0
LUANSHYA-BUDGET-2025.pdf,2025,15 Transport Services 001Road Transport,(0) (0),APPROVED BUDGET 2025,0.0
LUANSHYA-BUDGET-2025.pdf,2025,15 Transport Services 001Road Transport,(0) (0),BUDGET ESTIMATE 2027,0.0
LUANSHYA-BUDGET-2025.pdf,2025,Programme Total,(0),APPROVED BUDGET 2025,0.0
LUANSHYA-BUDGET-2025.pdf,2025,Programme Total,(0),REVISED BUDGET 2026,7.0
LUANSHYA-BUDGET-2025.pdf,2025,Programme Total,(0),BUDGET ESTIMATE 2027,0.0
LUANSHYA-BUDGET-2025.pdf,2025,Key Output and Output Indicator,2023,BUDGET ESTIMATE 2027,2025.0
LUANSHYA-BUDGET-2025.pdf,2025,Township Roads maintained 01 Kilometer of Township Roads Maintained,(0),APPROVED BUDGET 2025,0.0
LUANSHYA-BUDGET-2025.pdf,2025,Township Roads maintained 01 Kilometer of Township Roads Maintained,(0),REVISED BUDGET 2026,0.0
LUANSHYA-BUDGET-2025.pdf,2025,Township Roads maintained 01 Kilometer of Township Roads Maintained,(0),BUDGET ESTIMATE 2027,10.0
LUANSHYA-BUDGET-2025.pdf,2025,Feeder Roads Graded 01 Kilometres of Feeder Roads graded,(0),APPROVED BUDGET 2025,0.0
LUANSHYA-BUDGET-2025.pdf,2025,Feeder Roads Graded 01 Kilometres of Feeder Roads graded,(0),REVISED BUDGET 2026,0.0
LUANSHYA-BUDGET-2025.pdf,2025,Feeder Roads Graded 01 Kilometres of Feeder Roads graded,(0),BUDGET ESTIMATE 2027,40.0
LUANSHYA-BUDGET-2025.pdf,2025,Street lights installed 01 Number of Streets Lights Installed,(0),APPROVED BUDGET 2025,0.0
LUANSHYA-BUDGET-2025.pdf,2025,Street lights installed 01 Number of Streets Lights Installed,(0),REVISED BUDGET 2026,0.0
LUANSHYA-BUDGET-2025.pdf,2025,Street lights installed 01 Number of Streets Lights Installed,(0),BUDGET ESTIMATE 2027,20.0
LUANSHYA-BUDGET-2025.pdf,2025,Road Furniture Installed 01 Number of Road Furniture installed,(0),APPROVED BUDGET 2025,0.0
LUANSHYA-BUDGET-2025.pdf,2025,Road Furniture Installed 01 Number of Road Furniture installed,(0),REVISED BUDGET 2026,0.0
LUANSHYA-BUDGET-2025.pdf,2025,Road Furniture Installed 01 Number of Road Furniture installed,(0),BUDGET ESTIMATE 2027,20.0
LUANSHYA-BUDGET-2025.pdf,2025,ECONOMIC CLASSIFICATION,2023 BUDGET,REVISED BUDGET 2026,2024.0
LUANSHYA-BUDGET-2025.pdf,2025,Programme Total,(0),APPROVED BUDGET 2025,0.0
LUANSHYA-BUDGET-2025.pdf,2025,Programme Total,(0),BUDGET ESTIMATE 2027,0.0
LUANSHYA-BUDGET-2025.pdf,2025,PROGRAMME/SUBPROGRAMME,2023 BUDGET,BUDGET ESTIMATE 2027,2025.0
LUANSHYA-BUDGET-2025.pdf,2025,Programme Total,(0),APPROVED BUDGET 2025,0.0
LUANSHYA-BUDGET-2025.pdf,2025,Programme Total,(0),BUDGET ESTIMATE 2027,-0.0
LUANSHYA-BUDGET-2025.pdf,2025,Key Output and Output Indicator,2023,BUDGET ESTIMATE 2027,2025.0
LUANSHYA-BUDGET-2025.pdf,2025,Farm mechanization promoted 01 No. of farmers trained in mechanization 02 No. of farmers accessing mechanisation services 03 No. of field officers trained in mechanization,(0) (0) (0),APPROVED BUDGET 2025,0.0
LUANSHYA-BUDGET-2025.pdf,2025,Farm mechanization promoted 01 No. of farmers trained in mechanization 02 No. of farmers accessing mechanisation services 03 No. of field officers trained in mechanization,(0) (0) (0),REVISED BUDGET 2026,0.0
LUANSHYA-BUDGET-2025.pdf,2025,Farm mechanization promoted 01 No. of farmers trained in mechanization 02 No. of farmers accessing mechanisation services 03 No. of field officers trained in mechanization,(0) (0) (0),BUDGET ESTIMATE 2027,13600100027.0
LUANSHYA-BUDGET-2025.pdf,2025,Irrigation technologies promoted 01 No. of farmers trained in irrigation technologies 02 No. of field officers trained in irrigation,(0) (0),APPROVED BUDGET 2025,0.0
LUANSHYA-BUDGET-2025.pdf,2025,Irrigation technologies promoted 01 No. of farmers trained in irrigation technologies 02 No. of field officers trained in irrigation,(0) (0),REVISED BUDGET 2026,0.0
LUANSHYA-BUDGET-2025.pdf,2025,Irrigation technologies promoted 01 No. of farmers trained in irrigation technologies 02 No. of field officers trained in irrigation,(0) (0),BUDGET ESTIMATE 2027,1360027.0
LUANSHYA-BUDGET-2025.pdf,2025,Climate Smart Agriculture technologies promoted 01 No. of farmers trained in Climate Smart Agriculture technologies 02 No. of field officers trained in Climate Smart Agriculture (CSA),(0) (0),APPROVED BUDGET 2025,0.0
LUANSHYA-BUDGET-2025.pdf,2025,Climate Smart Agriculture technologies promoted 01 No. of farmers trained in Climate Smart Agriculture technologies 02 No. of field officers trained in Climate Smart Agriculture (CSA),(0) (0),REVISED BUDGET 2026,0.0
LUANSHYA-BUDGET-2025.pdf,2025,Climate Smart Agriculture technologies promoted 01 No. of farmers trained in Climate Smart Agriculture technologies 02 No. of field officers trained in Climate Smart Agriculture (CSA),(0) (0),BUDGET ESTIMATE 2027,1360027.0
LUANSHYA-BUDGET-2025.pdf,2025,Nutrition education promoted among farmers 01 No. of farmers trained in Nutrition 02 No. of field officers trained in mechanization Nutrition,(0) (0),APPROVED BUDGET 2025,0.0
LUANSHYA-BUDGET-2025.pdf,2025,Nutrition education promoted among farmers 01 No. of farmers trained in Nutrition 02 No. of field officers trained in mechanization Nutrition,(0) (0),REVISED BUDGET 2026,0.0
LUANSHYA-BUDGET-2025.pdf,2025,Nutrition education promoted among farmers 01 No. of farmers trained in Nutrition 02 No. of field officers trained in mechanization Nutrition,(0) (0),BUDGET ESTIMATE 2027,1360027.0
LUANSHYA-BUDGET-2025.pdf,2025,Crop diversification promoted 01 No. of farmers trained in Crop diversification,(0),APPROVED BUDGET 2025,0.0
LUANSHYA-BUDGET-2025.pdf,2025,Crop diversification promoted 01 No. of farmers trained in Crop diversification,(0),REVISED BUDGET 2026,0.0
LUANSHYA-BUDGET-2025.pdf,2025,Crop diversification promoted 01 No. of farmers trained in Crop diversification,(0),BUDGET ESTIMATE 2027,13600.0
LUANSHYA-BUDGET-2025.pdf,2025,Good farm management practices promoted 01 No. of farmers trained in good farm management practices,(0),APPROVED BUDGET 2025,0.0
LUANSHYA-BUDGET-2025.pdf,2025,Good farm management practices promoted 01 No. of farmers trained in good farm management practices,(0),REVISED BUDGET 2026,0.0
LUANSHYA-BUDGET-2025.pdf,2025,Good farm management practices promoted 01 No. of farmers trained in good farm management practices,(0),BUDGET ESTIMATE 2027,13600.0
LUANSHYA-BUDGET-2025.pdf,2025,Extension Services enhanced 01 No. of crop production demos established,(0),APPROVED BUDGET 2025,0.0
LUANSHYA-BUDGET-2025.pdf,2025,Extension Services enhanced 01 No. of crop production demos established,(0),REVISED BUDGET 2026,0.0
LUANSHYA-BUDGET-2025.pdf,2025,Extension Services enhanced 01 No. of crop production demos established,(0),BUDGET ESTIMATE 2027,15.0
LUANSHYA-BUDGET-2025.pdf,2025,Agricultural Information Disseminated 01 No. of agricultural radio programmes disseminated 02 No. of agricultural TV programmes disseminated 03 No. of agricultural publications disseminated,(0) (0) (0),APPROVED BUDGET 2025,0.0
LUANSHYA-BUDGET-2025.pdf,2025,Agricultural Information Disseminated 01 No. of agricultural radio programmes disseminated 02 No. of agricultural TV programmes disseminated 03 No. of agricultural publications disseminated,(0) (0) (0),REVISED BUDGET 2026,0.0
LUANSHYA-BUDGET-2025.pdf,2025,Agricultural Information Disseminated 01 No. of agricultural radio programmes disseminated 02 No. of agricultural TV programmes disseminated 03 No. of agricultural publications disseminated,(0) (0) (0),BUDGET ESTIMATE 2027,121212.0
LUANSHYA-BUDGET-2025.pdf,2025,Market Information and Bulletin Developed 01 Number of commodity Market Bulletins produced 02 Number of commodity Market Bulletins disseminated,(0) (0),APPROVED BUDGET 2025,0.0
LUANSHYA-BUDGET-2025.pdf,2025,Market Information and Bulletin Developed 01 Number of commodity Market Bulletins produced 02 Number of commodity Market Bulletins disseminated,(0) (0),REVISED BUDGET 2026,0.0
LUANSHYA-BUDGET-2025.pdf,2025,Market Information and Bulletin Developed 01 Number of commodity Market Bulletins produced 02 Number of commodity Market Bulletins disseminated,(0) (0),BUDGET ESTIMATE 2027,1212.0
LUANSHYA-BUDGET-2025.pdf,2025,Access to agricultural finance enhanced 01 Number of farmers accessing agricultural finance,(0),APPROVED BUDGET 2025,0.0
LUANSHYA-BUDGET-2025.pdf,2025,Access to agricultural finance enhanced 01 Number of farmers accessing agricultural finance,(0),REVISED BUDGET 2026,0.0
LUANSHYA-BUDGET-2025.pdf,2025,Access to agricultural finance enhanced 01 Number of farmers accessing agricultural finance,(0),BUDGET ESTIMATE 2027,1000.0
LUANSHYA-BUDGET-2025.pdf,2025,Farmers trained in entrepreneurship 01 Number of farmers trained in entrepreneurship,(0),APPROVED BUDGET 2025,0.0
LUANSHYA-BUDGET-2025.pdf,2025,Farmers trained in entrepreneurship 01 Number of farmers trained in entrepreneurship,(0),REVISED BUDGET 2026,0.0
LUANSHYA-BUDGET-2025.pdf,2025,Farmers trained in entrepreneurship 01 Number of farmers trained in entrepreneurship,(0),BUDGET ESTIMATE 2027,13000.0
LUANSHYA-BUDGET-2025.pdf,2025,Agricultural trade facilitated 01 Number of control goods permits issued 02 Number of agricultural trade inspections conducted,(0) (0),APPROVED BUDGET 2025,0.0
LUANSHYA-BUDGET-2025.pdf,2025,Agricultural trade facilitated 01 Number of control goods permits issued 02 Number of agricultural trade inspections conducted,(0) (0),REVISED BUDGET 2026,0.0
LUANSHYA-BUDGET-2025.pdf,2025,Agricultural trade facilitated 01 Number of control goods permits issued 02 Number of agricultural trade inspections conducted,(0) (0),BUDGET ESTIMATE 2027,7144.0
LUANSHYA-BUDGET-2025.pdf,2025,Agricultural reports produced 01 Number of quarterly report produced 02 Number of annual report produced,(0) (0),APPROVED BUDGET 2025,0.0
LUANSHYA-BUDGET-2025.pdf,2025,Agricultural reports produced 01 Number of quarterly report produced 02 Number of annual report produced,(0) (0),REVISED BUDGET 2026,0.0
LUANSHYA-BUDGET-2025.pdf,2025,Agricultural reports produced 01 Number of quarterly report produced 02 Number of annual report produced,(0) (0),BUDGET ESTIMATE 2027,41.0
LUANSHYA-BUDGET-2025.pdf,2025,Planning and review meetings conducted 01 Number of planning and review meetings conducted,(0),APPROVED BUDGET 2025,0.0
LUANSHYA-BUDGET-2025.pdf,2025,Planning and review meetings conducted 01 Number of planning and review meetings conducted,(0),REVISED BUDGET 2026,0.0
LUANSHYA-BUDGET-2025.pdf,2025,Planning and review meetings conducted 01 Number of planning and review meetings conducted,(0),BUDGET ESTIMATE 2027,4.0
LUANSHYA-BUDGET-2025.pdf,2025,Monitoring and Evaluations conducted 01 Number of monitoring and evaluation visits conducted,(0),APPROVED BUDGET 2025,0.0
LUANSHYA-BUDGET-2025.pdf,2025,Monitoring and Evaluations conducted 01 Number of monitoring and evaluation visits conducted,(0),REVISED BUDGET 2026,0.0
LUANSHYA-BUDGET-2025.pdf,2025,Monitoring and Evaluations conducted 01 Number of monitoring and evaluation visits conducted,(0),BUDGET ESTIMATE 2027,4.0
LUANSHYA-BUDGET-2025.pdf,2025,Agriculture Events commemorated 01 Number of Agriculture Events commemorated,(0),APPROVED BUDGET 2025,0.0
LUANSHYA-BUDGET-2025.pdf,2025,Agriculture Events commemorated 01 Number of Agriculture Events commemorated,(0),REVISED BUDGET 2026,0.0
LUANSHYA-BUDGET-2025.pdf,2025,Agriculture Events commemorated 01 Number of Agriculture Events commemorated,(0),BUDGET ESTIMATE 2027,3.0
LUANSHYA-BUDGET-2025.pdf,2025,ECONOMIC CLASSIFICATION,2023 BUDGET,BUDGET ESTIMATE 2027,2024.0
LUANSHYA-BUDGET-2025.pdf,2025,Programme Total,(0),APPROVED BUDGET 2025,0.0
LUANSHYA-BUDGET-2025.pdf,2025,Programme Total,(0),BUDGET ESTIMATE 2027,126868.0
LUANSHYA-BUDGET-2025.pdf,2025,PROGRAMME/SUBPROGRAMME,2023 BUDGET,BUDGET ESTIMATE 2027,2025.0
LUANSHYA-BUDGET-2025.pdf,2025,Programme Total,(0),APPROVED BUDGET 2025,0.0
LUANSHYA-BUDGET-2025.pdf,2025,Programme Total,(0),REVISED BUDGET 2026,8.0
LUANSHYA-BUDGET-2025.pdf,2025,Programme Total,(0),BUDGET ESTIMATE 2027,0.0
LUANSHYA-BUDGET-2025.pdf,2025,Key Output and Output Indicator,2023,BUDGET ESTIMATE 2027,2025.0
LUANSHYA-BUDGET-2025.pdf,2025,Market information on fishery and livestock produced 01 Number of market bulletins produced 02 Number of market data collcted,(0) (0),APPROVED BUDGET 2025,0.0
LUANSHYA-BUDGET-2025.pdf,2025,Market information on fishery and livestock produced 01 Number of market bulletins produced 02 Number of market data collcted,(0) (0),REVISED BUDGET 2026,0.0
LUANSHYA-BUDGET-2025.pdf,2025,Market information on fishery and livestock produced 01 Number of market bulletins produced 02 Number of market data collcted,(0) (0),BUDGET ESTIMATE 2027,1248.0
LUANSHYA-BUDGET-2025.pdf,2025,Farmers trained in agribusiness skills 01 Number of farmers trained in agribusiness skills,(0),APPROVED BUDGET 2025,0.0
LUANSHYA-BUDGET-2025.pdf,2025,Farmers trained in agribusiness skills 01 Number of farmers trained in agribusiness skills,(0),REVISED BUDGET 2026,0.0
LUANSHYA-BUDGET-2025.pdf,2025,Farmers trained in agribusiness skills 01 Number of farmers trained in agribusiness skills,(0),BUDGET ESTIMATE 2027,100.0
LUANSHYA-BUDGET-2025.pdf,2025,Market days held 01 Number of Market Days held,(0),APPROVED BUDGET 2025,0.0
LUANSHYA-BUDGET-2025.pdf,2025,Market days held 01 Number of Market Days held,(0),REVISED BUDGET 2026,0.0
LUANSHYA-BUDGET-2025.pdf,2025,Market days held 01 Number of Market Days held,(0),BUDGET ESTIMATE 2027,2.0
LUANSHYA-BUDGET-2025.pdf,2025,Farmers trained in livestock diseases 01 Number farmers trained in livestock diseases,(0),APPROVED BUDGET 2025,0.0
LUANSHYA-BUDGET-2025.pdf,2025,Farmers trained in livestock diseases 01 Number farmers trained in livestock diseases,(0),REVISED BUDGET 2026,0.0
LUANSHYA-BUDGET-2025.pdf,2025,Farmers trained in livestock diseases 01 Number farmers trained in livestock diseases,(0),BUDGET ESTIMATE 2027,200.0
LUANSHYA-BUDGET-2025.pdf,2025,Surveillance of Diseases of Economic importance undertaken 01 Number of surveillance of Diseases of Economic importance undertaken,(0),APPROVED BUDGET 2025,0.0
LUANSHYA-BUDGET-2025.pdf,2025,Surveillance of Diseases of Economic importance undertaken 01 Number of surveillance of Diseases of Economic importance undertaken,(0),REVISED BUDGET 2026,0.0
LUANSHYA-BUDGET-2025.pdf,2025,Surveillance of Diseases of Economic importance undertaken 01 Number of surveillance of Diseases of Economic importance undertaken,(0),BUDGET ESTIMATE 2027,12.0
LUANSHYA-BUDGET-2025.pdf,2025,Tsetse Surveys Conducted 01 Number of Tsetse Surveys Conducted,(0),APPROVED BUDGET 2025,0.0
LUANSHYA-BUDGET-2025.pdf,2025,Tsetse Surveys Conducted 01 Number of Tsetse Surveys Conducted,(0),REVISED BUDGET 2026,0.0
LUANSHYA-BUDGET-2025.pdf,2025,Tsetse Surveys Conducted 01 Number of Tsetse Surveys Conducted,(0),BUDGET ESTIMATE 2027,4.0
LUANSHYA-BUDGET-2025.pdf,2025,Trypanosomiasis Surveys conducted 01 Number of Trypanosomiasis Surveys conducted,(0),APPROVED BUDGET 2025,0.0
LUANSHYA-BUDGET-2025.pdf,2025,Trypanosomiasis Surveys conducted 01 Number of Trypanosomiasis Surveys conducted,(0),REVISED BUDGET 2026,0.0
LUANSHYA-BUDGET-2025.pdf,2025,Trypanosomiasis Surveys conducted 01 Number of Trypanosomiasis Surveys conducted,(0),BUDGET ESTIMATE 2027,1600.0
LUANSHYA-BUDGET-2025.pdf,2025,Climate smart livestock technologies and practices promoted 01 Number of climate smart livestock technologies and practices developed,(0),APPROVED BUDGET 2025,0.0
LUANSHYA-BUDGET-2025.pdf,2025,Climate smart livestock technologies and practices promoted 01 Number of climate smart livestock technologies and practices developed,(0),REVISED BUDGET 2026,0.0
LUANSHYA-BUDGET-2025.pdf,2025,Climate smart livestock technologies and practices promoted 01 Number of climate smart livestock technologies and practices developed,(0),BUDGET ESTIMATE 2027,5.0
LUANSHYA-BUDGET-2025.pdf,2025,Trainings monitored 01 Number of monitoring of trainings conducted.,(0),APPROVED BUDGET 2025,0.0
LUANSHYA-BUDGET-2025.pdf,2025,Trainings monitored 01 Number of monitoring of trainings conducted.,(0),REVISED BUDGET 2026,0.0
LUANSHYA-BUDGET-2025.pdf,2025,Trainings monitored 01 Number of monitoring of trainings conducted.,(0),BUDGET ESTIMATE 2027,12.0
LUANSHYA-BUDGET-2025.pdf,2025,Monitoring and backstopping conducted 01 Number of monitoring and backstopping visits conducted,(0),APPROVED BUDGET 2025,0.0
LUANSHYA-BUDGET-2025.pdf,2025,Monitoring and backstopping conducted 01 Number of monitoring and backstopping visits conducted,(0),REVISED BUDGET 2026,0.0
LUANSHYA-BUDGET-2025.pdf,2025,Monitoring and backstopping conducted 01 Number of monitoring and backstopping visits conducted,(0),BUDGET ESTIMATE 2027,16.0
LUANSHYA-BUDGET-2025.pdf,2025,Quarterly reports produced 01 Number of Quarterly reports compiled,(0),APPROVED BUDGET 2025,0.0
LUANSHYA-BUDGET-2025.pdf,2025,Quarterly reports produced 01 Number of Quarterly reports compiled,(0),REVISED BUDGET 2026,0.0
LUANSHYA-BUDGET-2025.pdf,2025,Quarterly reports produced 01 Number of Quarterly reports compiled,(0),BUDGET ESTIMATE 2027,4.0
LUANSHYA-BUDGET-2025.pdf,2025,"District, Provincial and National shows participated 01 Number of District, Provincial and National shows participated",(0),APPROVED BUDGET 2025,0.0
LUANSHYA-BUDGET-2025.pdf,2025,"District, Provincial and National shows participated 01 Number of District, Provincial and National shows participated",(0),REVISED BUDGET 2026,0.0
LUANSHYA-BUDGET-2025.pdf,2025,"District, Provincial and National shows participated 01 Number of District, Provincial and National shows participated",(0),BUDGET ESTIMATE 2027,3.0
LUANSHYA-BUDGET-2025.pdf,2025,ECONOMIC CLASSIFICATION,2023 BUDGET,REVISED BUDGET 2026,2024.0
LUANSHYA-BUDGET-2025.pdf,2025,Programme Total,(0),APPROVED BUDGET 2025,0.0
LUANSHYA-BUDGET-2025.pdf,2025,Programme Total,(0),BUDGET ESTIMATE 2027,0.0
LUANSHYA-BUDGET-2025.pdf,2025,18 Social Protection and Community Development 079District Social welfare 080Community Development,(0) (0) (0),APPROVED BUDGET 2025,0.0
LUANSHYA-BUDGET-2025.pdf,2025,18 Social Protection and Community Development 079District Social welfare 080Community Development,(0) (0) (0),BUDGET ESTIMATE 2027,0.0
LUANSHYA-BUDGET-2025.pdf,2025,Programme Total,(0),APPROVED BUDGET 2025,0.0
LUANSHYA-BUDGET-2025.pdf,2025,Programme Total,(0),BUDGET ESTIMATE 2027,-0.0
LUANSHYA-BUDGET-2025.pdf,2025,Key Output and Output Indicator,2023,BUDGET ESTIMATE 2027,2025.0
LUANSHYA-BUDGET-2025.pdf,2025,Old Peoples homes supported 01 Old people's home supported,(0),APPROVED BUDGET 2025,0.0
LUANSHYA-BUDGET-2025.pdf,2025,Old Peoples homes supported 01 Old people's home supported,(0),REVISED BUDGET 2026,0.0
LUANSHYA-BUDGET-2025.pdf,2025,Old Peoples homes supported 01 Old people's home supported,(0),BUDGET ESTIMATE 2027,1.0
LUANSHYA-BUDGET-2025.pdf,2025,Welfare and Counselling services provided 01 Percentage of GBV survivors supported 02 Percentage of human trafficing victims supported 03 Percentage of families receiving counselling services,(0) (0) (0),APPROVED BUDGET 2025,0.0
LUANSHYA-BUDGET-2025.pdf,2025,Welfare and Counselling services provided 01 Percentage of GBV survivors supported 02 Percentage of human trafficing victims supported 03 Percentage of families receiving counselling services,(0) (0) (0),REVISED BUDGET 2026,0.0
LUANSHYA-BUDGET-2025.pdf,2025,Welfare and Counselling services provided 01 Percentage of GBV survivors supported 02 Percentage of human trafficing victims supported 03 Percentage of families receiving counselling services,(0) (0) (0),BUDGET ESTIMATE 2027,100100100.0
LUANSHYA-BUDGET-2025.pdf,2025,Cash for Work Initiative Implemented 01 Number of beneficiaries for cash for work 02 Proportion of Cash for work funds disbursed,(0) (0),APPROVED BUDGET 2025,0.0
LUANSHYA-BUDGET-2025.pdf,2025,Cash for Work Initiative Implemented 01 Number of beneficiaries for cash for work 02 Proportion of Cash for work funds disbursed,(0) (0),REVISED BUDGET 2026,0.0
LUANSHYA-BUDGET-2025.pdf,2025,Cash for Work Initiative Implemented 01 Number of beneficiaries for cash for work 02 Proportion of Cash for work funds disbursed,(0) (0),BUDGET ESTIMATE 2027,22344100.0
LUANSHYA-BUDGET-2025.pdf,2025,Adult Functional Literacy Promoted 01 Number of sensitization meetings on adult functional literacy conducted 02 Number of learners in functional literacy trained,(0) (0),APPROVED BUDGET 2025,0.0
LUANSHYA-BUDGET-2025.pdf,2025,Adult Functional Literacy Promoted 01 Number of sensitization meetings on adult functional literacy conducted 02 Number of learners in functional literacy trained,(0) (0),REVISED BUDGET 2026,0.0
LUANSHYA-BUDGET-2025.pdf,2025,Adult Functional Literacy Promoted 01 Number of sensitization meetings on adult functional literacy conducted 02 Number of learners in functional literacy trained,(0) (0),BUDGET ESTIMATE 2027,4100.0
LUANSHYA-BUDGET-2025.pdf,2025,,"02Quarterly reports produced 1 Number of Quarterly reports compiled 03District, Provincial and National shows participated 1 Number of District, Provincial and National shows participated 01Incapacited housholds assisted with inkind support 1 Number of incapacitated households and individuals assisted with inkind support 2 Percentage of vulnerable students assesed and recommended for bursaries for tertiary education 3 Percentage of stranded persons provided with transit shelter 02Old Peoples homes supported 1 Old people's home supported 03Welfare and Counselling services provided 1 Percentage of GBV survivors supported 2 Percentage of human trafficing victims supported 3 Percentage of families receiving counselling services 04Cash for Work Initiative Implemented 1 Number of beneficiaries for cash for work 2 Proportion of Cash for work funds disbursed 01 Adult Functional Literacy Promoted 1 Number of sensitization meetings on adult functional literacy conducted 2 Number of learners in functional literacy trained",APPROVED BUDGET 2025,4.3501111001001003e+27
LMC-OBB_Budget-2026.pdf,2026,001,Residential,APPROVED BUDGET 2026,10890070.0
LMC-OBB_Budget-2026.pdf,2026,001,Residential,REVISED BUDGET 2027,11343574.0
LMC-OBB_Budget-2026.pdf,2026,001,Residential,BUDGET ESTIMATE 2028,12006302.0
LMC-OBB_Budget-2026.pdf,2026,002,Commercial,APPROVED BUDGET 2026,3646258.0
LMC-OBB_Budget-2026.pdf,2026,002,Commercial,REVISED BUDGET 2027,1600050.0
LMC-OBB_Budget-2026.pdf,2026,002,Commercial,BUDGET ESTIMATE 2028,1600050.0
LMC-OBB_Budget-2026.pdf,2026,003,Industrial,APPROVED BUDGET 2026,8926882.0
LMC-OBB_Budget-2026.pdf,2026,003,Industrial,REVISED BUDGET 2027,9395036.0
LMC-OBB_Budget-2026.pdf,2026,003,Industrial,BUDGET ESTIMATE 2028,9395036.0
LMC-OBB_Budget-2026.pdf,2026,005,Mining/Plant,APPROVED BUDGET 2026,50327102.0
LMC-OBB_Budget-2026.pdf,2026,005,Mining/Plant,REVISED BUDGET 2027,50327102.0
LMC-OBB_Budget-2026.pdf,2026,005,Mining/Plant,BUDGET ESTIMATE 2028,50327102.0
LMC-OBB_Budget-2026.pdf,2026,,SubItem Total,REVISED BUDGET 2027,72665762.0
LMC-OBB_Budget-2026.pdf,2026,,SubItem Total,BUDGET ESTIMATE 2028,73328490.0
LMC-OBB_Budget-2026.pdf,2026,001,Personal levy,APPROVED BUDGET 2026,216060.0
LMC-OBB_Budget-2026.pdf,2026,001,Personal levy,REVISED BUDGET 2027,226863.0
LMC-OBB_Budget-2026.pdf,2026,001,Personal levy,BUDGET ESTIMATE 2028,238206.0
LMC-OBB_Budget-2026.pdf,2026,,SubItem Total,REVISED BUDGET 2027,226863.0
LMC-OBB_Budget-2026.pdf,2026,,SubItem Total,BUDGET ESTIMATE 2028,238206.0
LMC-OBB_Budget-2026.pdf,2026,001,Consent fees,APPROVED BUDGET 2026,548700.0
LMC-OBB_Budget-2026.pdf,2026,001,Consent fees,REVISED BUDGET 2027,576135.0
LMC-OBB_Budget-2026.pdf,2026,001,Consent fees,BUDGET ESTIMATE 2028,604942.0
LMC-OBB_Budget-2026.pdf,2026,002,Survey fees,APPROVED BUDGET 2026,116800.0
LMC-OBB_Budget-2026.pdf,2026,002,Survey fees,REVISED BUDGET 2027,122640.0
LMC-OBB_Budget-2026.pdf,2026,002,Survey fees,BUDGET ESTIMATE 2028,128772.0
LMC-OBB_Budget-2026.pdf,2026,003,Building inspection-fees,APPROVED BUDGET 2026,450240.0
LMC-OBB_Budget-2026.pdf,2026,003,Building inspection-fees,REVISED BUDGET 2027,472752.0
LMC-OBB_Budget-2026.pdf,2026,003,Building inspection-fees,BUDGET ESTIMATE 2028,496389.0
LMC-OBB_Budget-2026.pdf,2026,004,Plan scrutiny fee,APPROVED BUDGET 2026,353670.0
LMC-OBB_Budget-2026.pdf,2026,004,Plan scrutiny fee,REVISED BUDGET 2027,371354.0
LMC-OBB_Budget-2026.pdf,2026,004,Plan scrutiny fee,BUDGET ESTIMATE 2028,389921.0
LMC-OBB_Budget-2026.pdf,2026,005,Change of premise use,APPROVED BUDGET 2026,50000.0
LMC-OBB_Budget-2026.pdf,2026,005,Change of premise use,REVISED BUDGET 2027,55000.0
LMC-OBB_Budget-2026.pdf,2026,005,Change of premise use,BUDGET ESTIMATE 2028,60000.0
LMC-OBB_Budget-2026.pdf,2026,007,Rentals/lease of Council’s properties,APPROVED BUDGET 2026,1213680.0
LMC-OBB_Budget-2026.pdf,2026,007,Rentals/lease of Council’s properties,REVISED BUDGET 2027,1274364.0
LMC-OBB_Budget-2026.pdf,2026,007,Rentals/lease of Council’s properties,BUDGET ESTIMATE 2028,1338082.0
LMC-OBB_Budget-2026.pdf,2026,008,Non-Land Application forms fees,APPROVED BUDGET 2026,298000.0
LMC-OBB_Budget-2026.pdf,2026,008,Non-Land Application forms fees,REVISED BUDGET 2027,297550.0
LMC-OBB_Budget-2026.pdf,2026,008,Non-Land Application forms fees,BUDGET ESTIMATE 2028,314428.0
LMC-OBB_Budget-2026.pdf,2026,009,Rentals from houses,APPROVED BUDGET 2026,66300.0
LMC-OBB_Budget-2026.pdf,2026,009,Rentals from houses,REVISED BUDGET 2027,69615.0
LMC-OBB_Budget-2026.pdf,2026,009,Rentals from houses,BUDGET ESTIMATE 2028,73095.0
LMC-OBB_Budget-2026.pdf,2026,010,Sketch plan,APPROVED BUDGET 2026,50000.0
LMC-OBB_Budget-2026.pdf,2026,010,Sketch plan,REVISED BUDGET 2027,50400.0
LMC-OBB_Budget-2026.pdf,2026,010,Sketch plan,BUDGET ESTIMATE 2028,52000.0
LMC-OBB_Budget-2026.pdf,2026,011,Search fees,APPROVED BUDGET 2026,30000.0
LMC-OBB_Budget-2026.pdf,2026,011,Search fees,REVISED BUDGET 2027,31500.0
LMC-OBB_Budget-2026.pdf,2026,011,Search fees,BUDGET ESTIMATE 2028,33075.0
LMC-OBB_Budget-2026.pdf,2026,012,Notice board advert fees,APPROVED BUDGET 2026,6000.0
LMC-OBB_Budget-2026.pdf,2026,012,Notice board advert fees,REVISED BUDGET 2027,6300.0
LMC-OBB_Budget-2026.pdf,2026,012,Notice board advert fees,BUDGET ESTIMATE 2028,6615.0
LMC-OBB_Budget-2026.pdf,2026,013,Market fees,APPROVED BUDGET 2026,537820.0
LMC-OBB_Budget-2026.pdf,2026,013,Market fees,REVISED BUDGET 2027,564711.0
LMC-OBB_Budget-2026.pdf,2026,013,Market fees,BUDGET ESTIMATE 2028,592946.0
LMC-OBB_Budget-2026.pdf,2026,014,Parking fees,APPROVED BUDGET 2026,100000.0
LMC-OBB_Budget-2026.pdf,2026,014,Parking fees,REVISED BUDGET 2027,105000.0
LMC-OBB_Budget-2026.pdf,2026,014,Parking fees,BUDGET ESTIMATE 2028,110250.0
LMC-OBB_Budget-2026.pdf,2026,016,"Loading fees (buses, trucks, trains, taxies etc.)",APPROVED BUDGET 2026,692288.0
LMC-OBB_Budget-2026.pdf,2026,016,"Loading fees (buses, trucks, trains, taxies etc.)",REVISED BUDGET 2027,726901.0
LMC-OBB_Budget-2026.pdf,2026,016,"Loading fees (buses, trucks, trains, taxies etc.)",BUDGET ESTIMATE 2028,763246.0
LMC-OBB_Budget-2026.pdf,2026,017,Affidavit fees,APPROVED BUDGET 2026,6000.0
LMC-OBB_Budget-2026.pdf,2026,017,Affidavit fees,REVISED BUDGET 2027,6300.0
LMC-OBB_Budget-2026.pdf,2026,017,Affidavit fees,BUDGET ESTIMATE 2028,6615.0
LMC-OBB_Budget-2026.pdf,2026,020,Hire of halls,APPROVED BUDGET 2026,43000.0
LMC-OBB_Budget-2026.pdf,2026,020,Hire of halls,REVISED BUDGET 2027,45150.0
LMC-OBB_Budget-2026.pdf,2026,020,Hire of halls,BUDGET ESTIMATE 2028,47408.0
LMC-OBB_Budget-2026.pdf,2026,024,Recommendations fees,APPROVED BUDGET 2026,348000.0
LMC-OBB_Budget-2026.pdf,2026,024,Recommendations fees,REVISED BUDGET 2027,365400.0
LMC-OBB_Budget-2026.pdf,2026,024,Recommendations fees,BUDGET ESTIMATE 2028,383670.0
LMC-OBB_Budget-2026.pdf,2026,030,Education fees,APPROVED BUDGET 2026,5000.0
LMC-OBB_Budget-2026.pdf,2026,030,Education fees,REVISED BUDGET 2027,5250.0
LMC-OBB_Budget-2026.pdf,2026,030,Education fees,BUDGET ESTIMATE 2028,5512.0
LMC-OBB_Budget-2026.pdf,2026,032,Hire of plant and equipment,APPROVED BUDGET 2026,354600.0
LMC-OBB_Budget-2026.pdf,2026,032,Hire of plant and equipment,REVISED BUDGET 2027,372330.0
LMC-OBB_Budget-2026.pdf,2026,032,Hire of plant and equipment,BUDGET ESTIMATE 2028,390947.0
LMC-OBB_Budget-2026.pdf,2026,033,Refuse disposal,APPROVED BUDGET 2026,360000.0
LMC-OBB_Budget-2026.pdf,2026,033,Refuse disposal,REVISED BUDGET 2027,370000.0
LMC-OBB_Budget-2026.pdf,2026,033,Refuse disposal,BUDGET ESTIMATE 2028,380000.0
LMC-OBB_Budget-2026.pdf,2026,035,Commercial & non-commercial Exhibitions,APPROVED BUDGET 2026,6000.0
LMC-OBB_Budget-2026.pdf,2026,035,Commercial & non-commercial Exhibitions,REVISED BUDGET 2027,6300.0
LMC-OBB_Budget-2026.pdf,2026,035,Commercial & non-commercial Exhibitions,BUDGET ESTIMATE 2028,6615.0
LMC-OBB_Budget-2026.pdf,2026,038,Library membership fees,APPROVED BUDGET 2026,18490.0
LMC-OBB_Budget-2026.pdf,2026,038,Library membership fees,REVISED BUDGET 2027,19414.0
LMC-OBB_Budget-2026.pdf,2026,038,Library membership fees,BUDGET ESTIMATE 2028,20385.0
LMC-OBB_Budget-2026.pdf,2026,041,Dumb site fees,APPROVED BUDGET 2026,36000.0
LMC-OBB_Budget-2026.pdf,2026,041,Dumb site fees,REVISED BUDGET 2027,37000.0
LMC-OBB_Budget-2026.pdf,2026,041,Dumb site fees,BUDGET ESTIMATE 2028,38000.0
LMC-OBB_Budget-2026.pdf,2026,045,Notice of marriage fees,APPROVED BUDGET 2026,258600.0
LMC-OBB_Budget-2026.pdf,2026,045,Notice of marriage fees,REVISED BUDGET 2027,271530.0
LMC-OBB_Budget-2026.pdf,2026,045,Notice of marriage fees,BUDGET ESTIMATE 2028,285107.0
LMC-OBB_Budget-2026.pdf,2026,046,Abattoir/meat inspection fees,APPROVED BUDGET 2026,84000.0
LMC-OBB_Budget-2026.pdf,2026,046,Abattoir/meat inspection fees,REVISED BUDGET 2027,85000.0
LMC-OBB_Budget-2026.pdf,2026,046,Abattoir/meat inspection fees,BUDGET ESTIMATE 2028,86000.0
LMC-OBB_Budget-2026.pdf,2026,047,Registration of clubs and societies,APPROVED BUDGET 2026,18000.0
LMC-OBB_Budget-2026.pdf,2026,047,Registration of clubs and societies,REVISED BUDGET 2027,18900.0
LMC-OBB_Budget-2026.pdf,2026,047,Registration of clubs and societies,BUDGET ESTIMATE 2028,19845.0
LMC-OBB_Budget-2026.pdf,2026,048,Slaughter inspections,APPROVED BUDGET 2026,14033.0
LMC-OBB_Budget-2026.pdf,2026,048,Slaughter inspections,REVISED BUDGET 2027,14735.0
LMC-OBB_Budget-2026.pdf,2026,048,Slaughter inspections,BUDGET ESTIMATE 2028,15471.0
LMC-OBB_Budget-2026.pdf,2026,055,Illegal Paring of vehicles,APPROVED BUDGET 2026,180000.0
LMC-OBB_Budget-2026.pdf,2026,055,Illegal Paring of vehicles,REVISED BUDGET 2027,189000.0
LMC-OBB_Budget-2026.pdf,2026,055,Illegal Paring of vehicles,BUDGET ESTIMATE 2028,198450.0
LMC-OBB_Budget-2026.pdf,2026,058,Carcases movement,APPROVED BUDGET 2026,8549.0
LMC-OBB_Budget-2026.pdf,2026,058,Carcases movement,REVISED BUDGET 2027,8977.0
LMC-OBB_Budget-2026.pdf,2026,058,Carcases movement,BUDGET ESTIMATE 2028,9426.0
LMC-OBB_Budget-2026.pdf,2026,063,Billboards and banners,APPROVED BUDGET 2026,82500.0
LMC-OBB_Budget-2026.pdf,2026,063,Billboards and banners,REVISED BUDGET 2027,86625.0
LMC-OBB_Budget-2026.pdf,2026,063,Billboards and banners,BUDGET ESTIMATE 2028,90956.0
LMC-OBB_Budget-2026.pdf,2026,065,Council Minutes Extracts,APPROVED BUDGET 2026,36000.0
LMC-OBB_Budget-2026.pdf,2026,065,Council Minutes Extracts,REVISED BUDGET 2027,37800.0
LMC-OBB_Budget-2026.pdf,2026,065,Council Minutes Extracts,BUDGET ESTIMATE 2028,39690.0
LMC-OBB_Budget-2026.pdf,2026,066,Penalties,APPROVED BUDGET 2026,72000.0
LMC-OBB_Budget-2026.pdf,2026,066,Penalties,REVISED BUDGET 2027,75600.0
LMC-OBB_Budget-2026.pdf,2026,066,Penalties,BUDGET ESTIMATE 2028,79380.0
LMC-OBB_Budget-2026.pdf,2026,067,Ablution Fee,APPROVED BUDGET 2026,48000.0
LMC-OBB_Budget-2026.pdf,2026,067,Ablution Fee,REVISED BUDGET 2027,50400.0
LMC-OBB_Budget-2026.pdf,2026,067,Ablution Fee,BUDGET ESTIMATE 2028,52920.0
LMC-OBB_Budget-2026.pdf,2026,082,Telecommunication site rentals,APPROVED BUDGET 2026,98111.0
LMC-OBB_Budget-2026.pdf,2026,082,Telecommunication site rentals,REVISED BUDGET 2027,103017.0
LMC-OBB_Budget-2026.pdf,2026,082,Telecommunication site rentals,BUDGET ESTIMATE 2028,108167.0
LMC-OBB_Budget-2026.pdf,2026,084,Consultation Clinic fees,APPROVED BUDGET 2026,1000.0
LMC-OBB_Budget-2026.pdf,2026,084,Consultation Clinic fees,REVISED BUDGET 2027,1050.0
LMC-OBB_Budget-2026.pdf,2026,084,Consultation Clinic fees,BUDGET ESTIMATE 2028,1102.0
LMC-OBB_Budget-2026.pdf,2026,088,Farm call visits,APPROVED BUDGET 2026,1250.0
LMC-OBB_Budget-2026.pdf,2026,088,Farm call visits,REVISED BUDGET 2027,1313.0
LMC-OBB_Budget-2026.pdf,2026,088,Farm call visits,BUDGET ESTIMATE 2028,1378.0
LMC-OBB_Budget-2026.pdf,2026,,SubItem Total,REVISED BUDGET 2027,6895311.0
LMC-OBB_Budget-2026.pdf,2026,,SubItem Total,BUDGET ESTIMATE 2028,7230803.0
LMC-OBB_Budget-2026.pdf,2026,001,Occupancy licence,APPROVED BUDGET 2026,69000.0
LMC-OBB_Budget-2026.pdf,2026,001,Occupancy licence,REVISED BUDGET 2027,72450.0
LMC-OBB_Budget-2026.pdf,2026,001,Occupancy licence,BUDGET ESTIMATE 2028,76073.0
LMC-OBB_Budget-2026.pdf,2026,002,Liquor licence,APPROVED BUDGET 2026,48000.0
LMC-OBB_Budget-2026.pdf,2026,002,Liquor licence,REVISED BUDGET 2027,50400.0
LMC-OBB_Budget-2026.pdf,2026,002,Liquor licence,BUDGET ESTIMATE 2028,52920.0
LMC-OBB_Budget-2026.pdf,2026,003,Firearm and ammunition licence,APPROVED BUDGET 2026,48000.0
LMC-OBB_Budget-2026.pdf,2026,003,Firearm and ammunition licence,REVISED BUDGET 2027,50400.0
LMC-OBB_Budget-2026.pdf,2026,003,Firearm and ammunition licence,BUDGET ESTIMATE 2028,52920.0
LMC-OBB_Budget-2026.pdf,2026,004,Petroleum Storage licence,APPROVED BUDGET 2026,510000.0
LMC-OBB_Budget-2026.pdf,2026,004,Petroleum Storage licence,REVISED BUDGET 2027,510000.0
LMC-OBB_Budget-2026.pdf,2026,004,Petroleum Storage licence,BUDGET ESTIMATE 2028,510000.0
LMC-OBB_Budget-2026.pdf,2026,005,Dog licence,APPROVED BUDGET 2026,25000.0
LMC-OBB_Budget-2026.pdf,2026,005,Dog licence,REVISED BUDGET 2027,26250.0
LMC-OBB_Budget-2026.pdf,2026,005,Dog licence,BUDGET ESTIMATE 2028,27563.0
LMC-OBB_Budget-2026.pdf,2026,007,Fish Licences/origin of fish,APPROVED BUDGET 2026,210.0
LMC-OBB_Budget-2026.pdf,2026,007,Fish Licences/origin of fish,REVISED BUDGET 2027,220.0
LMC-OBB_Budget-2026.pdf,2026,007,Fish Licences/origin of fish,BUDGET ESTIMATE 2028,231.0
LMC-OBB_Budget-2026.pdf,2026,,SubItem Total,REVISED BUDGET 2027,709720.0
LMC-OBB_Budget-2026.pdf,2026,,SubItem Total,BUDGET ESTIMATE 2028,719706.0
LMC-OBB_Budget-2026.pdf,2026,001,Livestock Movement levy,APPROVED BUDGET 2026,49000.0
LMC-OBB_Budget-2026.pdf,2026,001,Livestock Movement levy,REVISED BUDGET 2027,51450.0
LMC-OBB_Budget-2026.pdf,2026,001,Livestock Movement levy,BUDGET ESTIMATE 2028,54022.0
LMC-OBB_Budget-2026.pdf,2026,002,Birds levy,APPROVED BUDGET 2026,85000.0
LMC-OBB_Budget-2026.pdf,2026,002,Birds levy,REVISED BUDGET 2027,89250.0
LMC-OBB_Budget-2026.pdf,2026,002,Birds levy,BUDGET ESTIMATE 2028,93713.0
LMC-OBB_Budget-2026.pdf,2026,004,Pole levy,APPROVED BUDGET 2026,20137.0
LMC-OBB_Budget-2026.pdf,2026,004,Pole levy,REVISED BUDGET 2027,21144.0
LMC-OBB_Budget-2026.pdf,2026,004,Pole levy,BUDGET ESTIMATE 2028,22201.0
LMC-OBB_Budget-2026.pdf,2026,006,Sand levy,APPROVED BUDGET 2026,50000.0
LMC-OBB_Budget-2026.pdf,2026,006,Sand levy,REVISED BUDGET 2027,52500.0
LMC-OBB_Budget-2026.pdf,2026,006,Sand levy,BUDGET ESTIMATE 2028,55125.0
LMC-OBB_Budget-2026.pdf,2026,008,Quarry levy,APPROVED BUDGET 2026,149400.0
LMC-OBB_Budget-2026.pdf,2026,008,Quarry levy,REVISED BUDGET 2027,156870.0
LMC-OBB_Budget-2026.pdf,2026,008,Quarry levy,BUDGET ESTIMATE 2028,164714.0
LMC-OBB_Budget-2026.pdf,2026,010,Timber Levy,APPROVED BUDGET 2026,10000.0
LMC-OBB_Budget-2026.pdf,2026,010,Timber Levy,REVISED BUDGET 2027,10500.0
LMC-OBB_Budget-2026.pdf,2026,010,Timber Levy,BUDGET ESTIMATE 2028,11025.0
LMC-OBB_Budget-2026.pdf,2026,011,Telecommunication Mast,APPROVED BUDGET 2026,189000.0
LMC-OBB_Budget-2026.pdf,2026,011,Telecommunication Mast,REVISED BUDGET 2027,198450.0
LMC-OBB_Budget-2026.pdf,2026,011,Telecommunication Mast,BUDGET ESTIMATE 2028,208372.0
LMC-OBB_Budget-2026.pdf,2026,017,Trading (Wholesale) Business Levy,APPROVED BUDGET 2026,113356.0
LMC-OBB_Budget-2026.pdf,2026,017,Trading (Wholesale) Business Levy,REVISED BUDGET 2027,119024.0
LMC-OBB_Budget-2026.pdf,2026,017,Trading (Wholesale) Business Levy,BUDGET ESTIMATE 2028,124974.0
LMC-OBB_Budget-2026.pdf,2026,018,Trading (Retail) Consumable groceries business,APPROVED BUDGET 2026,577720.0
LMC-OBB_Budget-2026.pdf,2026,018,Trading (Retail) Consumable groceries business,REVISED BUDGET 2027,606606.0
LMC-OBB_Budget-2026.pdf,2026,018,Trading (Retail) Consumable groceries business,BUDGET ESTIMATE 2028,636936.0
LMC-OBB_Budget-2026.pdf,2026,019,Retail Merchants non-consumable business,APPROVED BUDGET 2026,1031472.0
LMC-OBB_Budget-2026.pdf,2026,019,Retail Merchants non-consumable business,REVISED BUDGET 2027,1083046.0
LMC-OBB_Budget-2026.pdf,2026,019,Retail Merchants non-consumable business,BUDGET ESTIMATE 2028,1137198.0
LMC-OBB_Budget-2026.pdf,2026,020,Trading (Retail) chain stores and supermarkets,APPROVED BUDGET 2026,66672.0
LMC-OBB_Budget-2026.pdf,2026,020,Trading (Retail) chain stores and supermarkets,REVISED BUDGET 2027,70006.0
LMC-OBB_Budget-2026.pdf,2026,020,Trading (Retail) chain stores and supermarkets,BUDGET ESTIMATE 2028,73506.0
LMC-OBB_Budget-2026.pdf,2026,021,Manufacturing,APPROVED BUDGET 2026,58338.0
LMC-OBB_Budget-2026.pdf,2026,021,Manufacturing,REVISED BUDGET 2027,61255.0
LMC-OBB_Budget-2026.pdf,2026,021,Manufacturing,BUDGET ESTIMATE 2028,64318.0
LMC-OBB_Budget-2026.pdf,2026,022,Agent Consumables,APPROVED BUDGET 2026,18671.0
LMC-OBB_Budget-2026.pdf,2026,022,Agent Consumables,REVISED BUDGET 2027,21000.0
LMC-OBB_Budget-2026.pdf,2026,022,Agent Consumables,BUDGET ESTIMATE 2028,23500.0
LMC-OBB_Budget-2026.pdf,2026,024,Trading (Retail) Automobiles,APPROVED BUDGET 2026,55556.0
LMC-OBB_Budget-2026.pdf,2026,024,Trading (Retail) Automobiles,REVISED BUDGET 2027,58334.0
LMC-OBB_Budget-2026.pdf,2026,024,Trading (Retail) Automobiles,BUDGET ESTIMATE 2028,61250.0
LMC-OBB_Budget-2026.pdf,2026,028,Filling Station,APPROVED BUDGET 2026,31111.0
LMC-OBB_Budget-2026.pdf,2026,028,Filling Station,REVISED BUDGET 2027,36335.0
LMC-OBB_Budget-2026.pdf,2026,028,Filling Station,BUDGET ESTIMATE 2028,47151.0
LMC-OBB_Budget-2026.pdf,2026,029,Professional Occupation,APPROVED BUDGET 2026,222240.0
LMC-OBB_Budget-2026.pdf,2026,029,Professional Occupation,REVISED BUDGET 2027,233352.0
LMC-OBB_Budget-2026.pdf,2026,029,Professional Occupation,BUDGET ESTIMATE 2028,245020.0
LMC-OBB_Budget-2026.pdf,2026,030,Scrap Metal Dealers,APPROVED BUDGET 2026,11852.0
LMC-OBB_Budget-2026.pdf,2026,030,Scrap Metal Dealers,REVISED BUDGET 2027,12445.0
LMC-OBB_Budget-2026.pdf,2026,030,Scrap Metal Dealers,BUDGET ESTIMATE 2028,13067.0
LMC-OBB_Budget-2026.pdf,2026,031,Car Wash,APPROVED BUDGET 2026,16000.0
LMC-OBB_Budget-2026.pdf,2026,031,Car Wash,REVISED BUDGET 2027,16800.0
LMC-OBB_Budget-2026.pdf,2026,031,Car Wash,BUDGET ESTIMATE 2028,17640.0
LMC-OBB_Budget-2026.pdf,2026,032,Hospitality,APPROVED BUDGET 2026,255000.0
LMC-OBB_Budget-2026.pdf,2026,032,Hospitality,REVISED BUDGET 2027,267750.0
LMC-OBB_Budget-2026.pdf,2026,032,Hospitality,BUDGET ESTIMATE 2028,281138.0
LMC-OBB_Budget-2026.pdf,2026,033,Commercial Banks,APPROVED BUDGET 2026,72000.0
LMC-OBB_Budget-2026.pdf,2026,033,Commercial Banks,REVISED BUDGET 2027,81500.0
LMC-OBB_Budget-2026.pdf,2026,033,Commercial Banks,BUDGET ESTIMATE 2028,93075.0
LMC-OBB_Budget-2026.pdf,2026,034,Micro- Finance and Money-Lenders,APPROVED BUDGET 2026,120000.0
LMC-OBB_Budget-2026.pdf,2026,034,Micro- Finance and Money-Lenders,REVISED BUDGET 2027,126000.0
LMC-OBB_Budget-2026.pdf,2026,034,Micro- Finance and Money-Lenders,BUDGET ESTIMATE 2028,132300.0
LMC-OBB_Budget-2026.pdf,2026,,SubItem Total,REVISED BUDGET 2027,3373615.0
LMC-OBB_Budget-2026.pdf,2026,,SubItem Total,BUDGET ESTIMATE 2028,3560244.0
LMC-OBB_Budget-2026.pdf,2026,001,Health permits,APPROVED BUDGET 2026,1314950.0
LMC-OBB_Budget-2026.pdf,2026,001,Health permits,REVISED BUDGET 2027,1275698.0
LMC-OBB_Budget-2026.pdf,2026,001,Health permits,BUDGET ESTIMATE 2028,1339482.0
LMC-OBB_Budget-2026.pdf,2026,008,Burial permits and grave sites,APPROVED BUDGET 2026,374060.0
LMC-OBB_Budget-2026.pdf,2026,008,Burial permits and grave sites,REVISED BUDGET 2027,392763.0
LMC-OBB_Budget-2026.pdf,2026,008,Burial permits and grave sites,BUDGET ESTIMATE 2028,412401.0
LMC-OBB_Budget-2026.pdf,2026,009,Fire certificate,APPROVED BUDGET 2026,1519257.0
LMC-OBB_Budget-2026.pdf,2026,009,Fire certificate,REVISED BUDGET 2027,1385220.0
LMC-OBB_Budget-2026.pdf,2026,009,Fire certificate,BUDGET ESTIMATE 2028,1454481.0
LMC-OBB_Budget-2026.pdf,2026,010,Extension of Business hours permits,APPROVED BUDGET 2026,15000.0
LMC-OBB_Budget-2026.pdf,2026,010,Extension of Business hours permits,REVISED BUDGET 2027,15750.0
LMC-OBB_Budget-2026.pdf,2026,010,Extension of Business hours permits,BUDGET ESTIMATE 2028,16537.0
LMC-OBB_Budget-2026.pdf,2026,011,Social gathering permit,APPROVED BUDGET 2026,1000.0
LMC-OBB_Budget-2026.pdf,2026,011,Social gathering permit,REVISED BUDGET 2027,1050.0
LMC-OBB_Budget-2026.pdf,2026,011,Social gathering permit,BUDGET ESTIMATE 2028,1103.0
LMC-OBB_Budget-2026.pdf,2026,,SubItem Total,REVISED BUDGET 2027,3070481.0
LMC-OBB_Budget-2026.pdf,2026,,SubItem Total,BUDGET ESTIMATE 2028,3224004.0
LMC-OBB_Budget-2026.pdf,2026,003,Premium Plot- Residential,APPROVED BUDGET 2026,2000000.0
LMC-OBB_Budget-2026.pdf,2026,003,Premium Plot- Residential,REVISED BUDGET 2027,2100000.0
LMC-OBB_Budget-2026.pdf,2026,003,Premium Plot- Residential,BUDGET ESTIMATE 2028,2205000.0
LMC-OBB_Budget-2026.pdf,2026,004,Premium Plot Commercial,APPROVED BUDGET 2026,625000.0
LMC-OBB_Budget-2026.pdf,2026,004,Premium Plot Commercial,REVISED BUDGET 2027,656250.0
LMC-OBB_Budget-2026.pdf,2026,004,Premium Plot Commercial,BUDGET ESTIMATE 2028,689063.0
LMC-OBB_Budget-2026.pdf,2026,007,Land Application Charges,APPROVED BUDGET 2026,188500.0
LMC-OBB_Budget-2026.pdf,2026,007,Land Application Charges,REVISED BUDGET 2027,238350.0
LMC-OBB_Budget-2026.pdf,2026,007,Land Application Charges,BUDGET ESTIMATE 2028,250538.0
LMC-OBB_Budget-2026.pdf,2026,009,Change of ownership,APPROVED BUDGET 2026,170000.0
LMC-OBB_Budget-2026.pdf,2026,009,Change of ownership,REVISED BUDGET 2027,178500.0
LMC-OBB_Budget-2026.pdf,2026,009,Change of ownership,BUDGET ESTIMATE 2028,187425.0
LMC-OBB_Budget-2026.pdf,2026,010,Sub-division of plot,APPROVED BUDGET 2026,120000.0
LMC-OBB_Budget-2026.pdf,2026,010,Sub-division of plot,REVISED BUDGET 2027,130000.0
LMC-OBB_Budget-2026.pdf,2026,010,Sub-division of plot,BUDGET ESTIMATE 2028,140000.0
LMC-OBB_Budget-2026.pdf,2026,012,Change of Land use,APPROVED BUDGET 2026,24000.0
LMC-OBB_Budget-2026.pdf,2026,012,Change of Land use,REVISED BUDGET 2027,25000.0
LMC-OBB_Budget-2026.pdf,2026,012,Change of Land use,BUDGET ESTIMATE 2028,26000.0
LMC-OBB_Budget-2026.pdf,2026,,SubItem Total,REVISED BUDGET 2027,3328100.0
LMC-OBB_Budget-2026.pdf,2026,,SubItem Total,BUDGET ESTIMATE 2028,3498025.0
LMC-OBB_Budget-2026.pdf,2026,002,Surplus/ Deficit from Commercial Ventures,APPROVED BUDGET 2026,290778.0
LMC-OBB_Budget-2026.pdf,2026,002,Surplus/ Deficit from Commercial Ventures,REVISED BUDGET 2027,305317.0
LMC-OBB_Budget-2026.pdf,2026,002,Surplus/ Deficit from Commercial Ventures,BUDGET ESTIMATE 2028,320583.0
LMC-OBB_Budget-2026.pdf,2026,099,Other Income,APPROVED BUDGET 2026,55400.0
LMC-OBB_Budget-2026.pdf,2026,099,Other Income,REVISED BUDGET 2027,58170.0
LMC-OBB_Budget-2026.pdf,2026,099,Other Income,BUDGET ESTIMATE 2028,61078.0
LMC-OBB_Budget-2026.pdf,2026,,SubItem Total,REVISED BUDGET 2027,363487.0
LMC-OBB_Budget-2026.pdf,2026,,SubItem Total,BUDGET ESTIMATE 2028,381661.0
LMC-OBB_Budget-2026.pdf,2026,001,Constituency Development Fund,APPROVED BUDGET 2026,80065100.0
LMC-OBB_Budget-2026.pdf,2026,001,Constituency Development Fund,REVISED BUDGET 2027,80065100.0
LMC-OBB_Budget-2026.pdf,2026,001,Constituency Development Fund,BUDGET ESTIMATE 2028,80065100.0
LMC-OBB_Budget-2026.pdf,2026,002,Roads Grant,APPROVED BUDGET 2026,3200587.0
LMC-OBB_Budget-2026.pdf,2026,002,Roads Grant,REVISED BUDGET 2027,3200587.0
LMC-OBB_Budget-2026.pdf,2026,002,Roads Grant,BUDGET ESTIMATE 2028,3200587.0
LMC-OBB_Budget-2026.pdf,2026,003,Health Grant,APPROVED BUDGET 2026,6703880.0
LMC-OBB_Budget-2026.pdf,2026,003,Health Grant,REVISED BUDGET 2027,6703880.0
LMC-OBB_Budget-2026.pdf,2026,003,Health Grant,BUDGET ESTIMATE 2028,6703880.0
LMC-OBB_Budget-2026.pdf,2026,004,Local Government Equalisation Fund,APPROVED BUDGET 2026,14707634.0
LMC-OBB_Budget-2026.pdf,2026,004,Local Government Equalisation Fund,REVISED BUDGET 2027,15443016.0
LMC-OBB_Budget-2026.pdf,2026,004,Local Government Equalisation Fund,BUDGET ESTIMATE 2028,16215166.0
LMC-OBB_Budget-2026.pdf,2026,005,Grants in lieu of Rates,APPROVED BUDGET 2026,300000.0
LMC-OBB_Budget-2026.pdf,2026,005,Grants in lieu of Rates,REVISED BUDGET 2027,300000.0
LMC-OBB_Budget-2026.pdf,2026,005,Grants in lieu of Rates,BUDGET ESTIMATE 2028,300000.0
LMC-OBB_Budget-2026.pdf,2026,099,Other Grants,APPROVED BUDGET 2026,7370050.0
LMC-OBB_Budget-2026.pdf,2026,099,Other Grants,REVISED BUDGET 2027,1312503.0
LMC-OBB_Budget-2026.pdf,2026,099,Other Grants,BUDGET ESTIMATE 2028,1312503.0
LMC-OBB_Budget-2026.pdf,2026,,SubItem Total,REVISED BUDGET 2027,107025086.0
LMC-OBB_Budget-2026.pdf,2026,,SubItem Total,BUDGET ESTIMATE 2028,107797236.0
LMC-OBB_Budget-2026.pdf,2026,Grand Total,"203,546,934",APPROVED BUDGET 2026,197658423.0
LMC-OBB_Budget-2026.pdf,2026,No,ECONOMIC CLASSIFICATION,APPROVED BUDGET 2026,2024.0
LMC-OBB_Budget-2026.pdf,2026,No,ECONOMIC CLASSIFICATION,REVISED BUDGET 2027,2026.0
LMC-OBB_Budget-2026.pdf,2026,27 31 32 41,Subsidies to Non-Financial Enterprises Non-Financial Assets Financial Assets Current Liabilities (Payable within one year),APPROVED BUDGET 2026,1.1641544379420147e+29
LMC-OBB_Budget-2026.pdf,2026,27 31 32 41,Subsidies to Non-Financial Enterprises Non-Financial Assets Financial Assets Current Liabilities (Payable within one year),REVISED BUDGET 2027,1.3796210575100478e+29
LMC-OBB_Budget-2026.pdf,2026,,Head Total,APPROVED BUDGET 2026,130612884.0
LMC-OBB_Budget-2026.pdf,2026,,Head Total,REVISED BUDGET 2027,203546934.0
LMC-OBB_Budget-2026.pdf,2026,Code,Programme,APPROVED BUDGET 2026,2024.0
LMC-OBB_Budget-2026.pdf,2026,Code,Programme,REVISED BUDGET 2027,2026.0
LMC-OBB_Budget-2026.pdf,2026,1 2 3 4 5 6 7 8 10 11 12 13 15 16 17 18,Constituency Development Local Governance Integrated Development Planning Economic and business development Public health and Environmental protection Housing and Community Amenities Recreation Culture and Religion Education and skills development Public order and safety Management and support Services Resource Mobilisation and Management District Health servcies Transport Services Agricultural Services Fisheries and Livestock Social Protection and Community Development,APPROVED BUDGET 2026,51271284.0
LMC-OBB_Budget-2026.pdf,2026,1 2 3 4 5 6 7 8 10 11 12 13 15 16 17 18,Constituency Development Local Governance Integrated Development Planning Economic and business development Public health and Environmental protection Housing and Community Amenities Recreation Culture and Religion Education and skills development Public order and safety Management and support Services Resource Mobilisation and Management District Health servcies Transport Services Agricultural Services Fisheries and Livestock Social Protection and Community Development,REVISED BUDGET 2027,8.006509933689314e+112
LMC-OBB_Budget-2026.pdf,2026,,Head Total,APPROVED BUDGET 2026,130612884.0
LMC-OBB_Budget-2026.pdf,2026,,Head Total,REVISED BUDGET 2027,203546934.0
LMC-OBB_Budget-2026.pdf,2026,PROGRAMME/SUB-PROGRAMME,2024 BUDGET,BUDGET ESTIMATE 2028,2026.0
LMC-OBB_Budget-2026.pdf,2026,ECONOMIC CLASSIFICATION,2024 BUDGET,BUDGET ESTIMATE 2028,2025.0
LMC-OBB_Budget-2026.pdf,2026,02Use of Goods and Services 02General Operations 03Transfers 01Transfers 02Subsidies 04Assets 01Non-Financial Assets (Capital Expenditure) 02Financial Assets,"2,713,564 2,713,564 16,298,162 4,656,618 11,641,544 42,259,558 35,274,632 6,984,926",BUDGET ESTIMATE 2028,9.049657904965717e+59
LMC-OBB_Budget-2026.pdf,2026,Programme Total,"61,271,284",BUDGET ESTIMATE 2028,72116302.0
LMC-OBB_Budget-2026.pdf,2026,PROGRAMME/SUBPROGRAMME,2024 BUDGET,BUDGET ESTIMATE 2028,2026.0
LMC-OBB_Budget-2026.pdf,2026,Programme Total,"61,271,284",REVISED BUDGET 2027,2.0
LMC-OBB_Budget-2026.pdf,2026,Key Output and Output Indicator,2024,BUDGET ESTIMATE 2028,2026.0
LMC-OBB_Budget-2026.pdf,2026,Community Projects Implemented 01 Number of community projects completed 02 Percentage of community project funds spent 03 Kilometres of feeder roads graded,30 100 -,BUDGET ESTIMATE 2028,2610040.0
LMC-OBB_Budget-2026.pdf,2026,Empowerment Grant Disbursed 01 Number of groups empowered with grants 02 Percentage of empowerment grant fund disbursed,136 -,REVISED BUDGET 2027,230100.0
LMC-OBB_Budget-2026.pdf,2026,Empowerment Grant Disbursed 01 Number of groups empowered with grants 02 Percentage of empowerment grant fund disbursed,136 -,BUDGET ESTIMATE 2028,203100.0
LMC-OBB_Budget-2026.pdf,2026,Empowerment Loans disbursed 01 Number of beneficiaries empowered with loans 02 Percentage of empowerement loan funds disbursed,169 100,APPROVED BUDGET 2026,169100.0
LMC-OBB_Budget-2026.pdf,2026,Empowerment Loans disbursed 01 Number of beneficiaries empowered with loans 02 Percentage of empowerement loan funds disbursed,169 100,REVISED BUDGET 2027,156100.0
LMC-OBB_Budget-2026.pdf,2026,Empowerment Loans disbursed 01 Number of beneficiaries empowered with loans 02 Percentage of empowerement loan funds disbursed,169 100,BUDGET ESTIMATE 2028,150100.0
LMC-OBB_Budget-2026.pdf,2026,Constituency Development Fund Administered 01 Number of monitoring visits conducted 02 Number of CDFC meetings conducted 03 Percentage of completed community projects branded 04 Number of WDCs supported,24 12 100 30,APPROVED BUDGET 2026,1984530.0
LMC-OBB_Budget-2026.pdf,2026,Constituency Development Fund Administered 01 Number of monitoring visits conducted 02 Number of CDFC meetings conducted 03 Percentage of completed community projects branded 04 Number of WDCs supported,24 12 100 30,REVISED BUDGET 2027,101210030.0
LMC-OBB_Budget-2026.pdf,2026,Constituency Development Fund Administered 01 Number of monitoring visits conducted 02 Number of CDFC meetings conducted 03 Percentage of completed community projects branded 04 Number of WDCs supported,24 12 100 30,BUDGET ESTIMATE 2028,121010030.0
LMC-OBB_Budget-2026.pdf,2026,Secondary Boarding School Bursaries Disbursed 01 Number of pupils accessing secondary school boarding bursaries 02 Percentage of secondary boarding bursary fund disbursed,- 100,APPROVED BUDGET 2026,-100.0
LMC-OBB_Budget-2026.pdf,2026,Secondary Boarding School Bursaries Disbursed 01 Number of pupils accessing secondary school boarding bursaries 02 Percentage of secondary boarding bursary fund disbursed,- 100,REVISED BUDGET 2027,97100.0
LMC-OBB_Budget-2026.pdf,2026,Secondary Boarding School Bursaries Disbursed 01 Number of pupils accessing secondary school boarding bursaries 02 Percentage of secondary boarding bursary fund disbursed,- 100,BUDGET ESTIMATE 2028,69100.0
LMC-OBB_Budget-2026.pdf,2026,Skills Development Busaries Disbursed 01 Number of students sponsored 02 Percentage of skills development bursary fund disbursed,755 100,APPROVED BUDGET 2026,944100.0
LMC-OBB_Budget-2026.pdf,2026,Skills Development Busaries Disbursed 01 Number of students sponsored 02 Percentage of skills development bursary fund disbursed,755 100,REVISED BUDGET 2027,531100.0
LMC-OBB_Budget-2026.pdf,2026,Skills Development Busaries Disbursed 01 Number of students sponsored 02 Percentage of skills development bursary fund disbursed,755 100,BUDGET ESTIMATE 2028,530100.0
LMC-OBB_Budget-2026.pdf,2026,ECONOMIC CLASSIFICATION,2024 BUDGET,REVISED BUDGET 2027,2025.0
LMC-OBB_Budget-2026.pdf,2026,01Personal Emoluments 01Salaries and Wages 03Personnel Related Costs 02Use of Goods and Services 02General Operations 04Assets 01Non-Financial Assets (Capital Expenditure),"2,160,000 - 2,160,000 657,828 657,828 137,010 137,010",REVISED BUDGET 2027,2.960691800691216e+45
LMC-OBB_Budget-2026.pdf,2026,Programme Total,"2,954,838",REVISED BUDGET 2027,4784862.0
LMC-OBB_Budget-2026.pdf,2026,Programme Total,"2,954,838",REVISED BUDGET 2027,2.0
LMC-OBB_Budget-2026.pdf,2026,Key Output and Output Indicator,2024,BUDGET ESTIMATE 2028,2026.0
LMC-OBB_Budget-2026.pdf,2026,Council and Standing Committee Meetings Held 01 Number of Ordinary council meetings held 02 Number of special council meetings held 03 Number of standing committee meetings held 04 Number of special committee meetings held,4 2 12 12,REVISED BUDGET 2027,311818.0
LMC-OBB_Budget-2026.pdf,2026,Council and Standing Committee Meetings Held 01 Number of Ordinary council meetings held 02 Number of special council meetings held 03 Number of standing committee meetings held 04 Number of special committee meetings held,4 2 12 12,BUDGET ESTIMATE 2028,21101.0
LMC-OBB_Budget-2026.pdf,2026,Councillors Oriented 01 Number of Councillors oriented,-,BUDGET ESTIMATE 2028,30.0
LMC-OBB_Budget-2026.pdf,2026,Ward Development Committees Formed 01 Number of Ward Development Committees established,30,APPROVED BUDGET 2026,30.0
LMC-OBB_Budget-2026.pdf,2026,Ward Development Committees Formed 01 Number of Ward Development Committees established,30,REVISED BUDGET 2027,30.0
LMC-OBB_Budget-2026.pdf,2026,Ward Development Committees Formed 01 Number of Ward Development Committees established,30,BUDGET ESTIMATE 2028,30.0
LMC-OBB_Budget-2026.pdf,2026,Capacity building conducted 01 Number of Ward Development Committee members trained 02 Number of WDCs oriented 03 Number of Ward Development Committees supported,- 30 -,BUDGET ESTIMATE 2028,1203030.0
LMC-OBB_Budget-2026.pdf,2026,HIV/AIDS Awareness Conducted 01 Number of comunity sensitisation campaigns on HIV/AIDS conducted 02 Number of community HIV/AIDS committees formed 03 Number of sourced condoms distributed 04 National HIV Testing Counselling and Treatment Day held,12 - - -,BUDGET ESTIMATE 2028,41020001.0
LMC-OBB_Budget-2026.pdf,2026,Gender Based Violence Day Commemorated 01 Number of wards sensitised on Gender Based Violence 02 Number of Gender Based Violence day commemorated,- 1,BUDGET ESTIMATE 2028,61.0
LMC-OBB_Budget-2026.pdf,2026,ECONOMIC CLASSIFICATION,2024 BUDGET,REVISED BUDGET 2027,2025.0
LMC-OBB_Budget-2026.pdf,2026,01Personal Emoluments 01Salaries and Wages 02Use of Goods and Services 02General Operations 04Assets 01Non-Financial Assets (Capital Expenditure),"512,493 512,493 678,043 678,043 80,410 80,410",REVISED BUDGET 2027,2.800938280093824e+39
LMC-OBB_Budget-2026.pdf,2026,Programme Total,"1,270,946",REVISED BUDGET 2027,4.0
LMC-OBB_Budget-2026.pdf,2026,Key Output and Output Indicator,2024,BUDGET ESTIMATE 2028,2026.0
LMC-OBB_Budget-2026.pdf,2026,Environmental Awareness Conducted 01 Number of community sensitisation meetings conducted 02 Number of environmental education meetings meetings held,4 -,REVISED BUDGET 2027,35.0
LMC-OBB_Budget-2026.pdf,2026,Environmental Awareness Conducted 01 Number of community sensitisation meetings conducted 02 Number of environmental education meetings meetings held,4 -,BUDGET ESTIMATE 2028,44.0
LMC-OBB_Budget-2026.pdf,2026,World Environment Day Commemorated 01 World Environment Day Commemorated,1,APPROVED BUDGET 2026,1.0
LMC-OBB_Budget-2026.pdf,2026,World Environment Day Commemorated 01 World Environment Day Commemorated,1,REVISED BUDGET 2027,1.0
LMC-OBB_Budget-2026.pdf,2026,World Environment Day Commemorated 01 World Environment Day Commemorated,1,BUDGET ESTIMATE 2028,1.0
LMC-OBB_Budget-2026.pdf,2026,Monitoring and Evaluation Conducted 01 Number of monitoring and evaluation conducted,-,REVISED BUDGET 2027,3.0
LMC-OBB_Budget-2026.pdf,2026,Monitoring and Evaluation Conducted 01 Number of monitoring and evaluation conducted,-,BUDGET ESTIMATE 2028,5.0
LMC-OBB_Budget-2026.pdf,2026,Environmental Project Briefs Reviewed 01 Number of Environmental Project briefs reviewed,-,REVISED BUDGET 2027,5.0
LMC-OBB_Budget-2026.pdf,2026,Environmental Project Briefs Reviewed 01 Number of Environmental Project briefs reviewed,-,BUDGET ESTIMATE 2028,5.0
LMC-OBB_Budget-2026.pdf,2026,Trees planted 01 Number of trees planted,-,BUDGET ESTIMATE 2028,200.0
LMC-OBB_Budget-2026.pdf,2026,Development controlled 01 Number of inspections conducted,-,BUDGET ESTIMATE 2028,40.0
LMC-OBB_Budget-2026.pdf,2026,Luanshya District Plan updated 01 Luanshya district plan updated with attribute data,-,BUDGET ESTIMATE 2028,1.0
LMC-OBB_Budget-2026.pdf,2026,Kamuchanga and Fisenge Settlements upgraded 01 Number of Settlements upgraded,1,REVISED BUDGET 2027,1.0
LMC-OBB_Budget-2026.pdf,2026,Kamuchanga and Fisenge Settlements upgraded 01 Number of Settlements upgraded,1,BUDGET ESTIMATE 2028,2.0
LMC-OBB_Budget-2026.pdf,2026,"Plots demarcated, allocated and road reserves marked 01 Number of plots demarcated 02 Number of plots allocated 03 Km of road reserves marked",100 100 -,REVISED BUDGET 2027,66266245.0
LMC-OBB_Budget-2026.pdf,2026,"Plots demarcated, allocated and road reserves marked 01 Number of plots demarcated 02 Number of plots allocated 03 Km of road reserves marked",100 100 -,BUDGET ESTIMATE 2028,50050025.0
LMC-OBB_Budget-2026.pdf,2026,District Development Coordinating Committee(DDCC) Meetings Held 01 Number of DDCC meeting held,-,REVISED BUDGET 2027,3.0
LMC-OBB_Budget-2026.pdf,2026,District Development Coordinating Committee(DDCC) Meetings Held 01 Number of DDCC meeting held,-,BUDGET ESTIMATE 2028,4.0
LMC-OBB_Budget-2026.pdf,2026,Service Delivery Charter Implemented 01 Number of customer satisfaction survey conducted,-,REVISED BUDGET 2027,1.0
LMC-OBB_Budget-2026.pdf,2026,Service Delivery Charter Implemented 01 Number of customer satisfaction survey conducted,-,BUDGET ESTIMATE 2028,1.0
LMC-OBB_Budget-2026.pdf,2026,Integrated Development Plan (IDP) Implemented 01 Number of IDP performance review meetings conducted 02 Citizen Version Integrated Development Plan Published,4 -,BUDGET ESTIMATE 2028,41.0
LMC-OBB_Budget-2026.pdf,2026,ECONOMIC CLASSIFICATION,2024 BUDGET,REVISED BUDGET 2027,2025.0
LMC-OBB_Budget-2026.pdf,2026,01Personal Emoluments 01Salaries and Wages 02Use of Goods and Services 02General Operations 04Assets 01Non-Financial Assets (Capital Expenditure),"- - 189,750 189,750 - -",REVISED BUDGET 2027,5.110195110198393e+31
LMC-OBB_Budget-2026.pdf,2026,Programme Total,"189,750",REVISED BUDGET 2027,9.0
LMC-OBB_Budget-2026.pdf,2026,Key Output and Output Indicator,2024,BUDGET ESTIMATE 2028,2026.0
LMC-OBB_Budget-2026.pdf,2026,Businesses Licensed 01 Number of business licenses issued 02 Number of inspections on business premises conducted.,"2,400 4",APPROVED BUDGET 2026,2564.0
LMC-OBB_Budget-2026.pdf,2026,Businesses Licensed 01 Number of business licenses issued 02 Number of inspections on business premises conducted.,"2,400 4",REVISED BUDGET 2027,27104.0
LMC-OBB_Budget-2026.pdf,2026,Businesses Licensed 01 Number of business licenses issued 02 Number of inspections on business premises conducted.,"2,400 4",BUDGET ESTIMATE 2028,30004.0
LMC-OBB_Budget-2026.pdf,2026,Senstization Meeting Conducted 01 Number of sensitization meetings conducted,4,APPROVED BUDGET 2026,30.0
LMC-OBB_Budget-2026.pdf,2026,Senstization Meeting Conducted 01 Number of sensitization meetings conducted,4,REVISED BUDGET 2027,3.0
LMC-OBB_Budget-2026.pdf,2026,Senstization Meeting Conducted 01 Number of sensitization meetings conducted,4,BUDGET ESTIMATE 2028,5.0
LMC-OBB_Budget-2026.pdf,2026,Community Sensitization on Local Economic Development conducted 01 Number of communities sensitization meeting held on LED,-,BUDGET ESTIMATE 2028,4.0
LMC-OBB_Budget-2026.pdf,2026,ECONOMIC CLASSIFICATION,2024 BUDGET,BUDGET ESTIMATE 2028,2025.0
LMC-OBB_Budget-2026.pdf,2026,01Personal Emoluments 01Salaries and Wages 02Other Emoluments 02Use of Goods and Services 02General Operations 04Assets 01Non-Financial Assets (Capital Expenditure),"1,601,781 1,462,446 139,335 1,315,549 1,315,549 72,543 72,543",BUDGET ESTIMATE 2028,5.224764520006425e+40
LMC-OBB_Budget-2026.pdf,2026,Programme Total,"2,989,873",BUDGET ESTIMATE 2028,6251809.0
LMC-OBB_Budget-2026.pdf,2026,Programme Total,"2,989,873",REVISED BUDGET 2027,9.0
LMC-OBB_Budget-2026.pdf,2026,Key Output and Output Indicator,2024,BUDGET ESTIMATE 2028,2026.0
LMC-OBB_Budget-2026.pdf,2026,Cemetery and Funeral Services Provided 01 Percentage of unclaimed bodies disposed off 02 Percentage of burial permits issued 03 Number of cemetries maintained,100 100 -,REVISED BUDGET 2027,1001001.0
LMC-OBB_Budget-2026.pdf,2026,Cemetery and Funeral Services Provided 01 Percentage of unclaimed bodies disposed off 02 Percentage of burial permits issued 03 Number of cemetries maintained,100 100 -,BUDGET ESTIMATE 2028,1001004.0
LMC-OBB_Budget-2026.pdf,2026,Health Inspection Services Provided 01 Number of health inspection conducted 02 Number of health permits issued 03 Number of food handler's certificate issued,42 - 235,REVISED BUDGET 2027,302995345.0
LMC-OBB_Budget-2026.pdf,2026,Health Inspection Services Provided 01 Number of health inspection conducted 02 Number of health permits issued 03 Number of food handler's certificate issued,42 - 235,BUDGET ESTIMATE 2028,1083000350.0
LMC-OBB_Budget-2026.pdf,2026,Pests Control Services Provided 01 Number of dogs registered 02 Number of spraying and fumigating activities conducted,- 4,APPROVED BUDGET 2026,-2.0
LMC-OBB_Budget-2026.pdf,2026,Pests Control Services Provided 01 Number of dogs registered 02 Number of spraying and fumigating activities conducted,- 4,REVISED BUDGET 2027,5102.0
LMC-OBB_Budget-2026.pdf,2026,Pests Control Services Provided 01 Number of dogs registered 02 Number of spraying and fumigating activities conducted,- 4,BUDGET ESTIMATE 2028,5004.0
LMC-OBB_Budget-2026.pdf,2026,Pollution Control activities conduted 01 Number of water sampling tested 02 Number of community sanitary inspection conducted,5 -,BUDGET ESTIMATE 2028,1012.0
LMC-OBB_Budget-2026.pdf,2026,Safe Drinking Water and sanitation facilities provided 01 Number of Boreholes rehabilitated,-,REVISED BUDGET 2027,11.0
LMC-OBB_Budget-2026.pdf,2026,Safe Drinking Water and sanitation facilities provided 01 Number of Boreholes rehabilitated,-,BUDGET ESTIMATE 2028,10.0
LMC-OBB_Budget-2026.pdf,2026,WASHE committee operationalised 01 Number of WASHE committee operationalised,-,REVISED BUDGET 2027,2.0
LMC-OBB_Budget-2026.pdf,2026,WASHE committee operationalised 01 Number of WASHE committee operationalised,-,BUDGET ESTIMATE 2028,4.0
LMC-OBB_Budget-2026.pdf,2026,ECONOMIC CLASSIFICATION,2024 BUDGET,REVISED BUDGET 2027,2025.0
LMC-OBB_Budget-2026.pdf,2026,01Personal Emoluments 01Salaries and Wages 02Use of Goods and Services 02General Operations 04Assets 01Non-Financial Assets (Capital Expenditure),"5,207,939 5,207,939 6,132,747 6,132,747 4,225,000 4,225,000",REVISED BUDGET 2027,1.0031443100314431e+43
LMC-OBB_Budget-2026.pdf,2026,Programme Total,"15,565,686",REVISED BUDGET 2027,5.0
LMC-OBB_Budget-2026.pdf,2026,Key Output and Output Indicator,2024,BUDGET ESTIMATE 2028,2026.0
LMC-OBB_Budget-2026.pdf,2026,Roads and Drainages Maintained and Rehabilitated 01 Kilometer of feeder roads gravelled 02 Kilometer of drainages desilted,8 -,BUDGET ESTIMATE 2028,2010.0
LMC-OBB_Budget-2026.pdf,2026,Street Lighting Maintained 01 Number of street lights repaired,-,BUDGET ESTIMATE 2028,50.0
LMC-OBB_Budget-2026.pdf,2026,Parks and Gardens Maintained 01 Number of parks and gardens maintained,10,APPROVED BUDGET 2026,3.0
LMC-OBB_Budget-2026.pdf,2026,Parks and Gardens Maintained 01 Number of parks and gardens maintained,10,REVISED BUDGET 2027,7.0
LMC-OBB_Budget-2026.pdf,2026,Parks and Gardens Maintained 01 Number of parks and gardens maintained,10,BUDGET ESTIMATE 2028,25.0
LMC-OBB_Budget-2026.pdf,2026,Markets and Bus station Rehabilitated 01 Number of markets shelters rehabilitated 02 Number of Bus station rehabilitated,9 -,REVISED BUDGET 2027,105.0
LMC-OBB_Budget-2026.pdf,2026,Markets and Bus station Rehabilitated 01 Number of markets shelters rehabilitated 02 Number of Bus station rehabilitated,9 -,BUDGET ESTIMATE 2028,214.0
LMC-OBB_Budget-2026.pdf,2026,Markets and Bus Station Managed 01 Number of Market Advisory Committees formed 02 Number of Bus Station Advisory Committees formed 03 Number of Taxi Advisory Committees formed,- - -,BUDGET ESTIMATE 2028,2121.0
LMC-OBB_Budget-2026.pdf,2026,Council Buildings Maintained 01 Number of council buildings inspected 02 Number of Council buildings maintained,- -,REVISED BUDGET 2027,22.0
LMC-OBB_Budget-2026.pdf,2026,Council Buildings Maintained 01 Number of council buildings inspected 02 Number of Council buildings maintained,- -,BUDGET ESTIMATE 2028,1134.0
LMC-OBB_Budget-2026.pdf,2026,ECONOMIC CLASSIFICATION,2024 BUDGET,REVISED BUDGET 2027,2025.0
LMC-OBB_Budget-2026.pdf,2026,Programme Total,"1,946,608",REVISED BUDGET 2027,0.0
LMC-OBB_Budget-2026.pdf,2026,Key Output and Output Indicator,2024,BUDGET ESTIMATE 2028,2026.0
LMC-OBB_Budget-2026.pdf,2026,Inventorying of all Cultural Practices in the District Conducted 01 Number of cultural documentries produced 02 Number of cultural practices captured,- -,BUDGET ESTIMATE 2028,22.0
LMC-OBB_Budget-2026.pdf,2026,Cultural and Creative Industries in the District Developed 01 Number of cultural events conducted,-,REVISED BUDGET 2027,1.0
LMC-OBB_Budget-2026.pdf,2026,Cultural and Creative Industries in the District Developed 01 Number of cultural events conducted,-,BUDGET ESTIMATE 2028,2.0
LMC-OBB_Budget-2026.pdf,2026,Marriage Solemnized 01 Number of marriage certificates Issued 02 Number of marriage solemnized,- -,BUDGET ESTIMATE 2028,312100.0
LMC-OBB_Budget-2026.pdf,2026,Community Sport Centres Maintained 01 Number of community sports infrastructure rehabilitated,-,REVISED BUDGET 2027,1.0
LMC-OBB_Budget-2026.pdf,2026,Community Sport Centres Maintained 01 Number of community sports infrastructure rehabilitated,-,BUDGET ESTIMATE 2028,1.0
LMC-OBB_Budget-2026.pdf,2026,Capacity Building conducted 01 Number of coaching clinic undertaken 02 Number of referees trained,- -,BUDGET ESTIMATE 2028,220.0
LMC-OBB_Budget-2026.pdf,2026,ECONOMIC CLASSIFICATION,2024 BUDGET,REVISED BUDGET 2027,2025.0
LMC-OBB_Budget-2026.pdf,2026,01Personal Emoluments 01Salaries and Wages 02Use of Goods and Services 02General Operations 04Assets 01Non-Financial Assets (Capital Expenditure),"667,816 667,816 1,062,213 1,062,213 87,900 87,900",REVISED BUDGET 2027,7.409157409153049e+33
LMC-OBB_Budget-2026.pdf,2026,Programme Total,"1,817,929",REVISED BUDGET 2027,2.0
LMC-OBB_Budget-2026.pdf,2026,Key Output and Output Indicator,2024,BUDGET ESTIMATE 2028,2026.0
LMC-OBB_Budget-2026.pdf,2026,District Departments Surveyed 01 Number of survey reports produced,-,BUDGET ESTIMATE 2028,2.0
LMC-OBB_Budget-2026.pdf,2026,District Records Collected 01 Percentage of district records transferred,-,REVISED BUDGET 2027,0.0
LMC-OBB_Budget-2026.pdf,2026,District Records Collected 01 Percentage of district records transferred,-,BUDGET ESTIMATE 2028,100.0
LMC-OBB_Budget-2026.pdf,2026,Records Shelved 01 Percentage of processed records shelved,-,BUDGET ESTIMATE 2028,100.0
LMC-OBB_Budget-2026.pdf,2026,Shelves procured 01 Number of shelves procured,-,BUDGET ESTIMATE 2028,2.0
LMC-OBB_Budget-2026.pdf,2026,NA17 Boxes procured 01 Number of NA 17 Boxes procured,-,BUDGET ESTIMATE 2028,100.0
LMC-OBB_Budget-2026.pdf,2026,Early Childhood Edcation Provided 01 Number of pupils enrolled,-,REVISED BUDGET 2027,224.0
LMC-OBB_Budget-2026.pdf,2026,Early Childhood Edcation Provided 01 Number of pupils enrolled,-,BUDGET ESTIMATE 2028,250.0
LMC-OBB_Budget-2026.pdf,2026,Adult Literacy Provided 01 Number of students in adult literacy programmes enrolled 02 Number of adult learners trained,- -,REVISED BUDGET 2027,5959.0
LMC-OBB_Budget-2026.pdf,2026,Adult Literacy Provided 01 Number of students in adult literacy programmes enrolled 02 Number of adult learners trained,- -,BUDGET ESTIMATE 2028,6060.0
LMC-OBB_Budget-2026.pdf,2026,Vocational Skills Provided 01 Number of youths trained in vocational skills 02 Number of students graduating from skill centre 03 Number of courses affiliated to TEVETA,- - 6,REVISED BUDGET 2027,56563.0
LMC-OBB_Budget-2026.pdf,2026,Vocational Skills Provided 01 Number of youths trained in vocational skills 02 Number of students graduating from skill centre 03 Number of courses affiliated to TEVETA,- - 6,BUDGET ESTIMATE 2028,60606.0
LMC-OBB_Budget-2026.pdf,2026,Library Materials Classified 01 Number of Library materials classified,100,APPROVED BUDGET 2026,100.0
LMC-OBB_Budget-2026.pdf,2026,Library Materials Classified 01 Number of Library materials classified,100,REVISED BUDGET 2027,100.0
LMC-OBB_Budget-2026.pdf,2026,Library Materials Classified 01 Number of Library materials classified,100,BUDGET ESTIMATE 2028,100.0
LMC-OBB_Budget-2026.pdf,2026,Library Members Registered 01 Number of members registered,-,REVISED BUDGET 2027,129.0
LMC-OBB_Budget-2026.pdf,2026,Library Members Registered 01 Number of members registered,-,BUDGET ESTIMATE 2028,110.0
LMC-OBB_Budget-2026.pdf,2026,ECONOMIC CLASSIFICATION,2024 BUDGET,REVISED BUDGET 2027,2025.0
LMC-OBB_Budget-2026.pdf,2026,01Personal Emoluments 01Salaries and Wages 02Use of Goods and Services 02General Operations 04Assets 01Non-Financial Assets (Capital Expenditure),"111,816 111,816 1,631,299 1,631,299 855,600 855,600",REVISED BUDGET 2027,1.3970206139702061e+41
LMC-OBB_Budget-2026.pdf,2026,Programme Total,"2,598,715",REVISED BUDGET 2027,5.0
LMC-OBB_Budget-2026.pdf,2026,Key Output and Output Indicator,2024,BUDGET ESTIMATE 2028,2026.0
LMC-OBB_Budget-2026.pdf,2026,Public Order and Safety Maintained 01 Number of council police patrols conducted,42,APPROVED BUDGET 2026,28.0
LMC-OBB_Budget-2026.pdf,2026,Public Order and Safety Maintained 01 Number of council police patrols conducted,42,REVISED BUDGET 2027,120.0
LMC-OBB_Budget-2026.pdf,2026,Public Order and Safety Maintained 01 Number of council police patrols conducted,42,BUDGET ESTIMATE 2028,45.0
LMC-OBB_Budget-2026.pdf,2026,Capacity building Conducted 01 Number of council police officers trained,-,REVISED BUDGET 2027,20.0
LMC-OBB_Budget-2026.pdf,2026,Capacity building Conducted 01 Number of council police officers trained,-,BUDGET ESTIMATE 2028,10.0
LMC-OBB_Budget-2026.pdf,2026,Building Regulation Enforced 01 Number of building plans scrutinized 02 Number of buiding permits issued 03 Number of building inspections conducted,150 - -,REVISED BUDGET 2027,100195611.0
LMC-OBB_Budget-2026.pdf,2026,Building Regulation Enforced 01 Number of building plans scrutinized 02 Number of buiding permits issued 03 Number of building inspections conducted,150 - -,BUDGET ESTIMATE 2028,220220600.0
LMC-OBB_Budget-2026.pdf,2026,Fire Services Provided 01 Number of fire certificate issued 02 Number of fire safety buildings inspections conducted 03 Number of fire safety sensitisation meetings held,"1,570 500 -",REVISED BUDGET 2027,27806736.0
LMC-OBB_Budget-2026.pdf,2026,Fire Services Provided 01 Number of fire certificate issued 02 Number of fire safety buildings inspections conducted 03 Number of fire safety sensitisation meetings held,"1,570 500 -",BUDGET ESTIMATE 2028,300060050.0
LMC-OBB_Budget-2026.pdf,2026,Rescue Operations Conducted 01 Percentage of rescue operations conducted,100,APPROVED BUDGET 2026,100.0
LMC-OBB_Budget-2026.pdf,2026,Rescue Operations Conducted 01 Percentage of rescue operations conducted,100,REVISED BUDGET 2027,100.0
LMC-OBB_Budget-2026.pdf,2026,Rescue Operations Conducted 01 Percentage of rescue operations conducted,100,BUDGET ESTIMATE 2028,100.0
LMC-OBB_Budget-2026.pdf,2026,Capacity Building Conducted 01 Number of fire officers trained,20,APPROVED BUDGET 2026,7.0
LMC-OBB_Budget-2026.pdf,2026,Capacity Building Conducted 01 Number of fire officers trained,20,REVISED BUDGET 2027,5.0
LMC-OBB_Budget-2026.pdf,2026,Capacity Building Conducted 01 Number of fire officers trained,20,BUDGET ESTIMATE 2028,20.0
LMC-OBB_Budget-2026.pdf,2026,ECONOMIC CLASSIFICATION,2024 BUDGET,BUDGET ESTIMATE 2028,2025.0
LMC-OBB_Budget-2026.pdf,2026,01Personal Emoluments 01Salaries and Wages 02Other Emoluments 03Personnel Related Costs 02Use of Goods and Services 02General Operations 04Assets 01Non-Financial Assets (Capital Expenditure) 02Financial Assets 05Liabilities 01 Outstanding Bills,"24,305,687 24,180,787 4,900 120,000 6,984,101 6,984,101 3,484,072 3,484,072 - 7,083,648 7,083,648",BUDGET ESTIMATE 2028,2.2350400215598796e+73
LMC-OBB_Budget-2026.pdf,2026,Programme Total,"41,857,507",BUDGET ESTIMATE 2028,41886005.0
LMC-OBB_Budget-2026.pdf,2026,Programme Total,"41,857,507",REVISED BUDGET 2027,5.0
LMC-OBB_Budget-2026.pdf,2026,Key Output and Output Indicator,2024,BUDGET ESTIMATE 2028,2026.0
LMC-OBB_Budget-2026.pdf,2026,Human Resource services provided 01 Number of staff trained in local governance 02 Number of human resource management committee meetings held,40 12,APPROVED BUDGET 2026,2112.0
LMC-OBB_Budget-2026.pdf,2026,Human Resource services provided 01 Number of staff trained in local governance 02 Number of human resource management committee meetings held,40 12,REVISED BUDGET 2027,1712.0
LMC-OBB_Budget-2026.pdf,2026,Human Resource services provided 01 Number of staff trained in local governance 02 Number of human resource management committee meetings held,40 12,BUDGET ESTIMATE 2028,2012.0
LMC-OBB_Budget-2026.pdf,2026,National events commemorated 01 Number of national events commemorated,9,APPROVED BUDGET 2026,9.0
LMC-OBB_Budget-2026.pdf,2026,National events commemorated 01 Number of national events commemorated,9,REVISED BUDGET 2027,9.0
LMC-OBB_Budget-2026.pdf,2026,National events commemorated 01 Number of national events commemorated,9,BUDGET ESTIMATE 2028,9.0
LMC-OBB_Budget-2026.pdf,2026,ICT infrastructure developed and installed 01 Land management system developed 02 Lan Installed 03 Biometric login system installed 04 Web-Based online payment portal developed,- - - -,BUDGET ESTIMATE 2028,1111.0
LMC-OBB_Budget-2026.pdf,2026,Financial Statement Produced 01 Annual financial statements prepared 02 Quarterly performance reports prepared,1 -,BUDGET ESTIMATE 2028,14.0
LMC-OBB_Budget-2026.pdf,2026,Debt liquidated 01 Percentage of debt liquidated,15,APPROVED BUDGET 2026,9.0
LMC-OBB_Budget-2026.pdf,2026,Debt liquidated 01 Percentage of debt liquidated,15,REVISED BUDGET 2027,13.0
LMC-OBB_Budget-2026.pdf,2026,Debt liquidated 01 Percentage of debt liquidated,15,BUDGET ESTIMATE 2028,11.0
LMC-OBB_Budget-2026.pdf,2026,Land disputes resolved 01 Percentage of land disputes resolved,100,APPROVED BUDGET 2026,78.0
LMC-OBB_Budget-2026.pdf,2026,Land disputes resolved 01 Percentage of land disputes resolved,100,REVISED BUDGET 2027,67.0
LMC-OBB_Budget-2026.pdf,2026,Land disputes resolved 01 Percentage of land disputes resolved,100,BUDGET ESTIMATE 2028,75.0
LMC-OBB_Budget-2026.pdf,2026,Legal Services Provided 01 Percentage of litigation processes commenced,-,REVISED BUDGET 2027,100.0
LMC-OBB_Budget-2026.pdf,2026,Legal Services Provided 01 Percentage of litigation processes commenced,-,BUDGET ESTIMATE 2028,100.0
LMC-OBB_Budget-2026.pdf,2026,Public relation services provided 01 Number of Council newsletters issued 02 Number of radio programmes produced,12 52,APPROVED BUDGET 2026,652.0
LMC-OBB_Budget-2026.pdf,2026,Public relation services provided 01 Number of Council newsletters issued 02 Number of radio programmes produced,12 52,REVISED BUDGET 2027,552.0
LMC-OBB_Budget-2026.pdf,2026,Public relation services provided 01 Number of Council newsletters issued 02 Number of radio programmes produced,12 52,BUDGET ESTIMATE 2028,1226.0
LMC-OBB_Budget-2026.pdf,2026,Policy formulated 01 Number of policy formulated,-,BUDGET ESTIMATE 2028,10.0
LMC-OBB_Budget-2026.pdf,2026,Annual Procurement Plan Prepared 01 Annual Procurement plan prepared,1,APPROVED BUDGET 2026,1.0
LMC-OBB_Budget-2026.pdf,2026,Annual Procurement Plan Prepared 01 Annual Procurement plan prepared,1,REVISED BUDGET 2027,1.0
LMC-OBB_Budget-2026.pdf,2026,Annual Procurement Plan Prepared 01 Annual Procurement plan prepared,1,BUDGET ESTIMATE 2028,1.0
LMC-OBB_Budget-2026.pdf,2026,Procurement Committee Meetings Held 01 Number of procurement committee meetings held,25,APPROVED BUDGET 2026,10.0
LMC-OBB_Budget-2026.pdf,2026,Procurement Committee Meetings Held 01 Number of procurement committee meetings held,25,REVISED BUDGET 2027,6.0
LMC-OBB_Budget-2026.pdf,2026,Procurement Committee Meetings Held 01 Number of procurement committee meetings held,25,BUDGET ESTIMATE 2028,10.0
LMC-OBB_Budget-2026.pdf,2026,Internal Audit Report Produced 01 Number of quarterly internal audit report produced 02 Number of Internal Audit Reports Produced,4 4,APPROVED BUDGET 2026,44.0
LMC-OBB_Budget-2026.pdf,2026,Internal Audit Report Produced 01 Number of quarterly internal audit report produced 02 Number of Internal Audit Reports Produced,4 4,REVISED BUDGET 2027,34.0
LMC-OBB_Budget-2026.pdf,2026,Internal Audit Report Produced 01 Number of quarterly internal audit report produced 02 Number of Internal Audit Reports Produced,4 4,BUDGET ESTIMATE 2028,44.0
LMC-OBB_Budget-2026.pdf,2026,ECONOMIC CLASSIFICATION,2024 BUDGET,REVISED BUDGET 2027,2025.0
LMC-OBB_Budget-2026.pdf,2026,01Personal Emoluments 01Salaries and Wages 02Use of Goods and Services 02General Operations 04Assets 01Non-Financial Assets (Capital Expenditure),"1,832,235 1,832,235 662,784 662,784 39,000 39,000",REVISED BUDGET 2027,5.1263155126315136e+39
LMC-OBB_Budget-2026.pdf,2026,Programme Total,"2,534,019",REVISED BUDGET 2027,7308055.0
LMC-OBB_Budget-2026.pdf,2026,Programme Total,"2,534,019",REVISED BUDGET 2027,5.0
LMC-OBB_Budget-2026.pdf,2026,Key Output and Output Indicator,2024,BUDGET ESTIMATE 2028,2026.0
LMC-OBB_Budget-2026.pdf,2026,Revenue Collection efficiency enhanced 01 Percentage of Revenue collection efficiency increased 02 Revenue collection check point established 03 Number of property rate bills distributed 04 Number of revenue spot checks conducted 05 Number of Taskforce formed 06 Installation CCTV at Baluba Truck Park,"15 - 24,371 12 2 -",BUDGET ESTIMATE 2028,151243711221.0
LMC-OBB_Budget-2026.pdf,2026,Ward Development Committee Revenue Agents Appointed 01 Number of ward development committee appointed as revenue agents,-,BUDGET ESTIMATE 2028,4.0
LMC-OBB_Budget-2026.pdf,2026,ECONOMIC CLASSIFICATION,2024 BUDGET,REVISED BUDGET 2027,2025.0
LMC-OBB_Budget-2026.pdf,2026,02Use of Goods and Services 02General Operations 04Assets 01Non-Financial Assets (Capital Expenditure),"2,258,915 2,258,915 18,000 18,000",REVISED BUDGET 2027,6.3759566375956115e+25
LMC-OBB_Budget-2026.pdf,2026,Programme Total,"2,276,915",REVISED BUDGET 2027,6492512.0
LMC-OBB_Budget-2026.pdf,2026,Programme Total,"2,276,915",REVISED BUDGET 2027,2.0
LMC-OBB_Budget-2026.pdf,2026,Key Output and Output Indicator,2024,BUDGET ESTIMATE 2028,2026.0
LMC-OBB_Budget-2026.pdf,2026,HIV Positive clients put on Anti Retroviral Therapy 01 Percentage of positive clients put on Anti Retroviral Therapy,-,BUDGET ESTIMATE 2028,95.0
LMC-OBB_Budget-2026.pdf,2026,Preventive Health Care services conducted 01 Number of inspections conducted 02 Number of epidermic preparedness meetings held,- -,BUDGET ESTIMATE 2028,26004.0
LMC-OBB_Budget-2026.pdf,2026,Improved Outcome in Child Health Nutrition 01 Number of outreaches conducted,-,BUDGET ESTIMATE 2028,408.0
LMC-OBB_Budget-2026.pdf,2026,Knowledge Impartation 01 Number of planned meetings conducted,-,BUDGET ESTIMATE 2028,72.0
LMC-OBB_Budget-2026.pdf,2026,Deliveries by skilled personnel 01 Number of deliveries attended by skilled personnel,-,BUDGET ESTIMATE 2028,7856.0
LMC-OBB_Budget-2026.pdf,2026,Technical Support provided 01 Number of health facilitities provided with technical support,-,BUDGET ESTIMATE 2028,34.0
LMC-OBB_Budget-2026.pdf,2026,Performance Assessment conducted 01 Number of Health facilities assessed,-,BUDGET ESTIMATE 2028,34.0
LMC-OBB_Budget-2026.pdf,2026,ECONOMIC CLASSIFICATION,2024 BUDGET,REVISED BUDGET 2027,2025.0
LMC-OBB_Budget-2026.pdf,2026,02Use of Goods and Services 02General Operations 04Assets 01Non-Financial Assets (Capital Expenditure),"- - 3,742,847 3,742,847",REVISED BUDGET 2027,5.555875555872645e+25
LMC-OBB_Budget-2026.pdf,2026,Programme Total,"3,742,847",REVISED BUDGET 2027,3200587.0
LMC-OBB_Budget-2026.pdf,2026,Programme Total,"3,742,847",REVISED BUDGET 2027,7.0
LMC-OBB_Budget-2026.pdf,2026,Key Output and Output Indicator,2024,BUDGET ESTIMATE 2028,2026.0
LMC-OBB_Budget-2026.pdf,2026,Township Roads Maintained 01 Kilometer of township roads patched,-,BUDGET ESTIMATE 2028,10.0
LMC-OBB_Budget-2026.pdf,2026,Feeder Roads Graded 01 Kilometres of feeder roads graded,-,BUDGET ESTIMATE 2028,40.0
LMC-OBB_Budget-2026.pdf,2026,Street Lights Installed 01 Number of streets lights installed,-,BUDGET ESTIMATE 2028,10.0
LMC-OBB_Budget-2026.pdf,2026,ECONOMIC CLASSIFICATION,2024 BUDGET,REVISED BUDGET 2027,2025.0
LMC-OBB_Budget-2026.pdf,2026,02Use of Goods and Services 02General Operations,- -,REVISED BUDGET 2027,490000490000.0
LMC-OBB_Budget-2026.pdf,2026,PROGRAMME/SUBPROGRAMME,2024 BUDGET,BUDGET ESTIMATE 2028,2026.0
LMC-OBB_Budget-2026.pdf,2026,Programme Total,-,REVISED BUDGET 2027,0.0
LMC-OBB_Budget-2026.pdf,2026,Key Output and Output Indicator,2024,BUDGET ESTIMATE 2028,2026.0
LMC-OBB_Budget-2026.pdf,2026,Farmers trained in Agricultural smart practices 01 Number of farmers trained in Climate Smart Agricultural practices 02 Number of demo sites selected 03 Number of trainings in farm planning and enterprenuership conducted 04 Number of field days held,- - - -,BUDGET ESTIMATE 2028,10000151515.0
LMC-OBB_Budget-2026.pdf,2026,Farm field schools established 01 Number of field schools operated 02 Number of lead farmers selected,- -,BUDGET ESTIMATE 2028,1717.0
LMC-OBB_Budget-2026.pdf,2026,Irrigation technologies promoted 01 Number of farmer groups trained in irrigation 02 Number of irrigation scheme sites mapped 03 Number of field staff trained in irrigation,- - -,BUDGET ESTIMATE 2028,5717.0
LMC-OBB_Budget-2026.pdf,2026,Nutrition Education among Farmers Promoted 01 No. of farmers trained in nutrition,-,BUDGET ESTIMATE 2028,10000.0
LMC-OBB_Budget-2026.pdf,2026,Good Farm Management Practices Promoted 01 No. of farmers trained in good farm management practices,-,REVISED BUDGET 2027,7521.0
LMC-OBB_Budget-2026.pdf,2026,Good Farm Management Practices Promoted 01 No. of farmers trained in good farm management practices,-,BUDGET ESTIMATE 2028,10000.0
LMC-OBB_Budget-2026.pdf,2026,Crop Diversification Promoted 01 No. of farmers trained in crop diversification,-,REVISED BUDGET 2027,7521.0
LMC-OBB_Budget-2026.pdf,2026,Crop Diversification Promoted 01 No. of farmers trained in crop diversification,-,BUDGET ESTIMATE 2028,10000.0
LMC-OBB_Budget-2026.pdf,2026,Agribusiness promoted 01 Number of commodity Market Bulletins published 02 Weekly price data collected,- -,BUDGET ESTIMATE 2028,1252.0
LMC-OBB_Budget-2026.pdf,2026,Agricultural Information Services Provided 03 Number of TV programmes disseminated,-,REVISED BUDGET 2027,3.0
LMC-OBB_Budget-2026.pdf,2026,Agricultural Information Services Provided 03 Number of TV programmes disseminated,-,BUDGET ESTIMATE 2028,12.0
LMC-OBB_Budget-2026.pdf,2026,ECONOMIC CLASSIFICATION,2024 BUDGET,REVISED BUDGET 2027,2025.0
LMC-OBB_Budget-2026.pdf,2026,02Use of Goods and Services 02General Operations 04Assets 01Non-Financial Assets (Capital Expenditure),"126,868 126,868 - -",REVISED BUDGET 2027,5.10324510324382e+21
LMC-OBB_Budget-2026.pdf,2026,PROGRAMME/SUBPROGRAMME,2024 BUDGET,BUDGET ESTIMATE 2028,2026.0
LMC-OBB_Budget-2026.pdf,2026,Programme Total,"126,868",REVISED BUDGET 2027,4.0
LMC-OBB_Budget-2026.pdf,2026,Key Output and Output Indicator,2024,BUDGET ESTIMATE 2028,2026.0
LMC-OBB_Budget-2026.pdf,2026,Agribusiness Promoted 01 Number of market bulletins published 02 Number of groups trained in entreprenuership,- -,BUDGET ESTIMATE 2028,1212.0
LMC-OBB_Budget-2026.pdf,2026,Utilisation and consumption of animal source foods increased 01 Number of trainings in nutrition conducted,-,BUDGET ESTIMATE 2028,2.0
LMC-OBB_Budget-2026.pdf,2026,Farmers trained in Livestock disease control and prevention 01 Number of farmers trained in livestock disease control and prevention,-,REVISED BUDGET 2027,200.0
LMC-OBB_Budget-2026.pdf,2026,Farmers trained in Livestock disease control and prevention 01 Number of farmers trained in livestock disease control and prevention,-,BUDGET ESTIMATE 2028,350.0
LMC-OBB_Budget-2026.pdf,2026,Surveillance of Diseases of Economic Importance Undertaken 01 Number of surveillance of Diseases of Economic importance undertaken,-,BUDGET ESTIMATE 2028,12.0
LMC-OBB_Budget-2026.pdf,2026,Trypanosomiasis Surveillance Conducted 01 Number of Trypanosomiasis Suveillance Conducted,-,BUDGET ESTIMATE 2028,4.0
LMC-OBB_Budget-2026.pdf,2026,Sanitary Inspections conducted 01 Number of sanitary inspections conducted,-,BUDGET ESTIMATE 2028,4.0
LMC-OBB_Budget-2026.pdf,2026,Aquaculture Production and Productivity Improved 01 Number of fisheries field visits conducted 02 Number of farmers trained in aquaculture. 03 Kilograms of fish produced,- - -,REVISED BUDGET 2027,68839415.0
LMC-OBB_Budget-2026.pdf,2026,Aquaculture Production and Productivity Improved 01 Number of fisheries field visits conducted 02 Number of farmers trained in aquaculture. 03 Kilograms of fish produced,- - -,BUDGET ESTIMATE 2028,606010000.0
LMC-OBB_Budget-2026.pdf,2026,Fish Resources Conserved and Managed 01 Number of sensitisation meetings on fishing ban 02 Number of Fishing ban patrols conducted,- -,BUDGET ESTIMATE 2028,43.0
LMC-OBB_Budget-2026.pdf,2026,Livetock production and productivity improved 01 Number of farmers trained in new Livestock production technologies 02 Number of farmers offered farm technical support 03 Number of farmers trained in climate smart technologies,- - -,BUDGET ESTIMATE 2028,300100100.0
LMC-OBB_Budget-2026.pdf,2026,Management and Support services provided 01 Number of monitoring and backstopping conducted 02 Number of performance review meetings conducted 03 Number of national events commmemorated,- - -,BUDGET ESTIMATE 2028,443.0
LMC-OBB_Budget-2026.pdf,2026,District shows held 01 Number of of agricultural shows held 02 World Milk Day commemorated,- -,BUDGET ESTIMATE 2028,31.0
LMC-OBB_Budget-2026.pdf,2026,ECONOMIC CLASSIFICATION,2024 BUDGET,REVISED BUDGET 2027,2025.0
LMC-OBB_Budget-2026.pdf,2026,02Use of Goods and Services 02General Operations,- -,REVISED BUDGET 2027,1528300615283006.0
LMC-OBB_Budget-2026.pdf,2026,Programme Total,-,REVISED BUDGET 2027,6.0
LMC-OBB_Budget-2026.pdf,2026,Key Output and Output Indicator,2024,BUDGET ESTIMATE 2028,2026.0
LMC-OBB_Budget-2026.pdf,2026,Old Peoples Homes Supported 01 Number of old people's home supported,-,BUDGET ESTIMATE 2028,1.0
LMC-OBB_Budget-2026.pdf,2026,Welfare and Counselling Services Provided 01 Percentage of GBV survivors supported 02 Percentage of human trafficing victims supported 03 Percentage of families receiving counselling services,- - -,BUDGET ESTIMATE 2028,100100100.0
LMC-OBB_Budget-2026.pdf,2026,Cash for Work Iniative Implemented 01 Percentage of cash for work funds disbursed 02 Number of beneficiaries paid under cash for work program,- -,REVISED BUDGET 2027,7620808.0
LMC-OBB_Budget-2026.pdf,2026,Cash for Work Iniative Implemented 01 Percentage of cash for work funds disbursed 02 Number of beneficiaries paid under cash for work program,- -,BUDGET ESTIMATE 2028,1008094.0
LMC-OBB_Budget-2026.pdf,2026,Adult Functional Literacy Promoted 01 Number of sensitization meetings on adult functional literacy conducted 02 Number of learners in functional literacy trained,- -,BUDGET ESTIMATE 2028,4100.0
LMC-OBB_Budget-2026.pdf,2026,,01Incapacited Housholds Assisted with Inkind Support 1 percentage of incapacitated households and individuals assisted with inkind support 2 Percentage of vulnerable students assesed and recommended for bursaries for tertiary education 3 Percentage of stranded persons provided with transit shelter 02Old Peoples Homes Supported 1 Number of old people's home supported 03Welfare and Counselling Services Provided 1 Percentage of GBV survivors supported 2 Percentage of human trafficing victims supported 3 Percentage of families receiving counselling services 04Cash for Work Iniative Implemented 1 Percentage of cash for work funds disbursed 2 Number of beneficiaries paid under cash for work program 01 Adult Functional Literacy Promoted 1 Number of sensitization meetings on adult functional literacy conducted 2 Number of learners in functional literacy trained,APPROVED BUDGET 2026,1.0010010011001e+29
Annual-Detailed-Budget-2023.pdf,2023,001,Residential,APPROVED BUDGET 2024,16817324.0
Annual-Detailed-Budget-2023.pdf,2023,001,Residential,REVISED BUDGET 2025,5445035.0
Annual-Detailed-Budget-2023.pdf,2023,001,Residential,BUDGET ESTIMATE 2026,5445035.0
Annual-Detailed-Budget-2023.pdf,2023,002,Commercial,APPROVED BUDGET 2024,1600050.0
Annual-Detailed-Budget-2023.pdf,2023,002,Commercial,REVISED BUDGET 2025,1600050.0
Annual-Detailed-Budget-2023.pdf,2023,002,Commercial,BUDGET ESTIMATE 2026,1600050.0
Annual-Detailed-Budget-2023.pdf,2023,003,Industrial,APPROVED BUDGET 2024,4858748.0
Annual-Detailed-Budget-2023.pdf,2023,003,Industrial,REVISED BUDGET 2025,4858748.0
Annual-Detailed-Budget-2023.pdf,2023,003,Industrial,BUDGET ESTIMATE 2026,4858748.0
Annual-Detailed-Budget-2023.pdf,2023,005,Mining/Plant,APPROVED BUDGET 2024,30200000.0
Annual-Detailed-Budget-2023.pdf,2023,005,Mining/Plant,REVISED BUDGET 2025,30986423.0
Annual-Detailed-Budget-2023.pdf,2023,005,Mining/Plant,BUDGET ESTIMATE 2026,30986423.0
Annual-Detailed-Budget-2023.pdf,2023,,SubItem Total,APPROVED BUDGET 2024,53476122.0
Annual-Detailed-Budget-2023.pdf,2023,,SubItem Total,REVISED BUDGET 2025,42890256.0
Annual-Detailed-Budget-2023.pdf,2023,,SubItem Total,BUDGET ESTIMATE 2026,42890256.0
Annual-Detailed-Budget-2023.pdf,2023,001,Personal levy,APPROVED BUDGET 2024,103365.0
Annual-Detailed-Budget-2023.pdf,2023,001,Personal levy,REVISED BUDGET 2025,103365.0
Annual-Detailed-Budget-2023.pdf,2023,001,Personal levy,BUDGET ESTIMATE 2026,103365.0
Annual-Detailed-Budget-2023.pdf,2023,,SubItem Total,APPROVED BUDGET 2024,103365.0
Annual-Detailed-Budget-2023.pdf,2023,,SubItem Total,REVISED BUDGET 2025,103365.0
Annual-Detailed-Budget-2023.pdf,2023,,SubItem Total,BUDGET ESTIMATE 2026,103365.0
Annual-Detailed-Budget-2023.pdf,2023,001,Consent fees,APPROVED BUDGET 2024,25000.0
Annual-Detailed-Budget-2023.pdf,2023,001,Consent fees,REVISED BUDGET 2025,25000.0
Annual-Detailed-Budget-2023.pdf,2023,001,Consent fees,BUDGET ESTIMATE 2026,25000.0
Annual-Detailed-Budget-2023.pdf,2023,003,Building inspection-fees,APPROVED BUDGET 2024,491280.0
Annual-Detailed-Budget-2023.pdf,2023,003,Building inspection-fees,REVISED BUDGET 2025,500000.0
Annual-Detailed-Budget-2023.pdf,2023,003,Building inspection-fees,BUDGET ESTIMATE 2026,650000.0
Annual-Detailed-Budget-2023.pdf,2023,004,Plan scrutiny fee,APPROVED BUDGET 2024,481596.0
Annual-Detailed-Budget-2023.pdf,2023,004,Plan scrutiny fee,REVISED BUDGET 2025,490798.0
Annual-Detailed-Budget-2023.pdf,2023,004,Plan scrutiny fee,BUDGET ESTIMATE 2026,500798.0
Annual-Detailed-Budget-2023.pdf,2023,005,Change of premise use,APPROVED BUDGET 2024,25000.0
Annual-Detailed-Budget-2023.pdf,2023,005,Change of premise use,REVISED BUDGET 2025,25000.0
Annual-Detailed-Budget-2023.pdf,2023,005,Change of premise use,BUDGET ESTIMATE 2026,25000.0
Annual-Detailed-Budget-2023.pdf,2023,007,Rentals/lease of Council’s properties,APPROVED BUDGET 2024,365400.0
Annual-Detailed-Budget-2023.pdf,2023,007,Rentals/lease of Council’s properties,REVISED BUDGET 2025,365400.0
Annual-Detailed-Budget-2023.pdf,2023,007,Rentals/lease of Council’s properties,BUDGET ESTIMATE 2026,365400.0
Annual-Detailed-Budget-2023.pdf,2023,008,Non-Land Application forms fees,APPROVED BUDGET 2024,155375.0
Annual-Detailed-Budget-2023.pdf,2023,008,Non-Land Application forms fees,REVISED BUDGET 2025,155375.0
Annual-Detailed-Budget-2023.pdf,2023,008,Non-Land Application forms fees,BUDGET ESTIMATE 2026,155375.0
Annual-Detailed-Budget-2023.pdf,2023,009,Rentals from houses,APPROVED BUDGET 2024,250950.0
Annual-Detailed-Budget-2023.pdf,2023,009,Rentals from houses,REVISED BUDGET 2025,250950.0
Annual-Detailed-Budget-2023.pdf,2023,009,Rentals from houses,BUDGET ESTIMATE 2026,250950.0
Annual-Detailed-Budget-2023.pdf,2023,010,Sketch plan,APPROVED BUDGET 2024,25000.0
Annual-Detailed-Budget-2023.pdf,2023,010,Sketch plan,REVISED BUDGET 2025,32000.0
Annual-Detailed-Budget-2023.pdf,2023,010,Sketch plan,BUDGET ESTIMATE 2026,35000.0
Annual-Detailed-Budget-2023.pdf,2023,011,Search fees,APPROVED BUDGET 2024,18500.0
Annual-Detailed-Budget-2023.pdf,2023,011,Search fees,REVISED BUDGET 2025,18500.0
Annual-Detailed-Budget-2023.pdf,2023,011,Search fees,BUDGET ESTIMATE 2026,18500.0
Annual-Detailed-Budget-2023.pdf,2023,013,Market fees,APPROVED BUDGET 2024,956350.0
Annual-Detailed-Budget-2023.pdf,2023,013,Market fees,REVISED BUDGET 2025,956350.0
Annual-Detailed-Budget-2023.pdf,2023,013,Market fees,BUDGET ESTIMATE 2026,956350.0
Annual-Detailed-Budget-2023.pdf,2023,016,"Loading fees (buses, trucks, trains, taxies etc.)",APPROVED BUDGET 2024,780718.0
Annual-Detailed-Budget-2023.pdf,2023,016,"Loading fees (buses, trucks, trains, taxies etc.)",REVISED BUDGET 2025,1200000.0
Annual-Detailed-Budget-2023.pdf,2023,016,"Loading fees (buses, trucks, trains, taxies etc.)",BUDGET ESTIMATE 2026,1300000.0
Annual-Detailed-Budget-2023.pdf,2023,017,Affidavit fees,APPROVED BUDGET 2024,16000.0
Annual-Detailed-Budget-2023.pdf,2023,017,Affidavit fees,REVISED BUDGET 2025,16000.0
Annual-Detailed-Budget-2023.pdf,2023,017,Affidavit fees,BUDGET ESTIMATE 2026,16000.0
Annual-Detailed-Budget-2023.pdf,2023,020,Hire of halls,APPROVED BUDGET 2024,5200.0
Annual-Detailed-Budget-2023.pdf,2023,020,Hire of halls,REVISED BUDGET 2025,52000.0
Annual-Detailed-Budget-2023.pdf,2023,020,Hire of halls,BUDGET ESTIMATE 2026,52000.0
Annual-Detailed-Budget-2023.pdf,2023,021,Hire of grounds/stadia,APPROVED BUDGET 2024,500.0
Annual-Detailed-Budget-2023.pdf,2023,021,Hire of grounds/stadia,REVISED BUDGET 2025,500.0
Annual-Detailed-Budget-2023.pdf,2023,021,Hire of grounds/stadia,BUDGET ESTIMATE 2026,500.0
Annual-Detailed-Budget-2023.pdf,2023,030,Education fees,APPROVED BUDGET 2024,20000.0
Annual-Detailed-Budget-2023.pdf,2023,030,Education fees,REVISED BUDGET 2025,20000.0
Annual-Detailed-Budget-2023.pdf,2023,030,Education fees,BUDGET ESTIMATE 2026,20000.0
Annual-Detailed-Budget-2023.pdf,2023,033,Refuse disposal,APPROVED BUDGET 2024,512000.0
Annual-Detailed-Budget-2023.pdf,2023,033,Refuse disposal,REVISED BUDGET 2025,512000.0
Annual-Detailed-Budget-2023.pdf,2023,033,Refuse disposal,BUDGET ESTIMATE 2026,512000.0
Annual-Detailed-Budget-2023.pdf,2023,038,Library membership fees,APPROVED BUDGET 2024,12312.0
Annual-Detailed-Budget-2023.pdf,2023,038,Library membership fees,REVISED BUDGET 2025,12312.0
Annual-Detailed-Budget-2023.pdf,2023,038,Library membership fees,BUDGET ESTIMATE 2026,12312.0
Annual-Detailed-Budget-2023.pdf,2023,045,Notice of marriage fees,APPROVED BUDGET 2024,152300.0
Annual-Detailed-Budget-2023.pdf,2023,045,Notice of marriage fees,REVISED BUDGET 2025,152300.0
Annual-Detailed-Budget-2023.pdf,2023,045,Notice of marriage fees,BUDGET ESTIMATE 2026,152300.0
Annual-Detailed-Budget-2023.pdf,2023,046,Abattoir/meat inspection fees,APPROVED BUDGET 2024,36000.0
Annual-Detailed-Budget-2023.pdf,2023,046,Abattoir/meat inspection fees,REVISED BUDGET 2025,36000.0
Annual-Detailed-Budget-2023.pdf,2023,046,Abattoir/meat inspection fees,BUDGET ESTIMATE 2026,36000.0
Annual-Detailed-Budget-2023.pdf,2023,047,Registration of clubs and societies,APPROVED BUDGET 2024,16400.0
Annual-Detailed-Budget-2023.pdf,2023,047,Registration of clubs and societies,REVISED BUDGET 2025,16400.0
Annual-Detailed-Budget-2023.pdf,2023,047,Registration of clubs and societies,BUDGET ESTIMATE 2026,16400.0
Annual-Detailed-Budget-2023.pdf,2023,053,Certification of documents,APPROVED BUDGET 2024,2400.0
Annual-Detailed-Budget-2023.pdf,2023,053,Certification of documents,REVISED BUDGET 2025,2400.0
Annual-Detailed-Budget-2023.pdf,2023,053,Certification of documents,BUDGET ESTIMATE 2026,2400.0
Annual-Detailed-Budget-2023.pdf,2023,063,Billboards and banners,APPROVED BUDGET 2024,271560.0
Annual-Detailed-Budget-2023.pdf,2023,063,Billboards and banners,REVISED BUDGET 2025,271560.0
Annual-Detailed-Budget-2023.pdf,2023,063,Billboards and banners,BUDGET ESTIMATE 2026,271560.0
Annual-Detailed-Budget-2023.pdf,2023,064,Hire of Transport and Equipment,APPROVED BUDGET 2024,373800.0
Annual-Detailed-Budget-2023.pdf,2023,064,Hire of Transport and Equipment,REVISED BUDGET 2025,383200.0
Annual-Detailed-Budget-2023.pdf,2023,064,Hire of Transport and Equipment,BUDGET ESTIMATE 2026,384200.0
Annual-Detailed-Budget-2023.pdf,2023,065,Council Minutes Extracts,APPROVED BUDGET 2024,45400.0
Annual-Detailed-Budget-2023.pdf,2023,065,Council Minutes Extracts,REVISED BUDGET 2025,45400.0
Annual-Detailed-Budget-2023.pdf,2023,065,Council Minutes Extracts,BUDGET ESTIMATE 2026,45400.0
Annual-Detailed-Budget-2023.pdf,2023,066,Penalties,APPROVED BUDGET 2024,271800.0
Annual-Detailed-Budget-2023.pdf,2023,066,Penalties,REVISED BUDGET 2025,271800.0
Annual-Detailed-Budget-2023.pdf,2023,066,Penalties,BUDGET ESTIMATE 2026,271800.0
Annual-Detailed-Budget-2023.pdf,2023,067,Ablution Fee,APPROVED BUDGET 2024,150000.0
Annual-Detailed-Budget-2023.pdf,2023,067,Ablution Fee,REVISED BUDGET 2025,350000.0
Annual-Detailed-Budget-2023.pdf,2023,067,Ablution Fee,BUDGET ESTIMATE 2026,40000.0
Annual-Detailed-Budget-2023.pdf,2023,074,Sale of Bid Documents,APPROVED BUDGET 2024,30000.0
Annual-Detailed-Budget-2023.pdf,2023,074,Sale of Bid Documents,REVISED BUDGET 2025,35000.0
Annual-Detailed-Budget-2023.pdf,2023,074,Sale of Bid Documents,BUDGET ESTIMATE 2026,40000.0
Annual-Detailed-Budget-2023.pdf,2023,099,Other fees and charges,APPROVED BUDGET 2024,382755.0
Annual-Detailed-Budget-2023.pdf,2023,099,Other fees and charges,REVISED BUDGET 2025,395000.0
Annual-Detailed-Budget-2023.pdf,2023,099,Other fees and charges,BUDGET ESTIMATE 2026,400000.0
Annual-Detailed-Budget-2023.pdf,2023,,SubItem Total,APPROVED BUDGET 2024,5873596.0
Annual-Detailed-Budget-2023.pdf,2023,,SubItem Total,REVISED BUDGET 2025,6591245.0
Annual-Detailed-Budget-2023.pdf,2023,,SubItem Total,BUDGET ESTIMATE 2026,6555245.0
Annual-Detailed-Budget-2023.pdf,2023,001,Occupancy licence,APPROVED BUDGET 2024,105000.0
Annual-Detailed-Budget-2023.pdf,2023,001,Occupancy licence,REVISED BUDGET 2025,120000.0
Annual-Detailed-Budget-2023.pdf,2023,001,Occupancy licence,BUDGET ESTIMATE 2026,130000.0
Annual-Detailed-Budget-2023.pdf,2023,004,Petroleum Storage licence,APPROVED BUDGET 2024,382200.0
Annual-Detailed-Budget-2023.pdf,2023,004,Petroleum Storage licence,REVISED BUDGET 2025,382200.0
Annual-Detailed-Budget-2023.pdf,2023,004,Petroleum Storage licence,BUDGET ESTIMATE 2026,382200.0
Annual-Detailed-Budget-2023.pdf,2023,,SubItem Total,APPROVED BUDGET 2024,487200.0
Annual-Detailed-Budget-2023.pdf,2023,,SubItem Total,REVISED BUDGET 2025,502200.0
Annual-Detailed-Budget-2023.pdf,2023,,SubItem Total,BUDGET ESTIMATE 2026,512200.0
Annual-Detailed-Budget-2023.pdf,2023,004,Pole levy,APPROVED BUDGET 2024,33020.0
Annual-Detailed-Budget-2023.pdf,2023,004,Pole levy,REVISED BUDGET 2025,33020.0
Annual-Detailed-Budget-2023.pdf,2023,004,Pole levy,BUDGET ESTIMATE 2026,33020.0
Annual-Detailed-Budget-2023.pdf,2023,011,Telecommunication Mast,APPROVED BUDGET 2024,180000.0
Annual-Detailed-Budget-2023.pdf,2023,011,Telecommunication Mast,REVISED BUDGET 2025,180000.0
Annual-Detailed-Budget-2023.pdf,2023,011,Telecommunication Mast,BUDGET ESTIMATE 2026,180000.0
Annual-Detailed-Budget-2023.pdf,2023,018,Trading (Retail) Consumable groceries business,APPROVED BUDGET 2024,131597.0
Annual-Detailed-Budget-2023.pdf,2023,018,Trading (Retail) Consumable groceries business,REVISED BUDGET 2025,131597.0
Annual-Detailed-Budget-2023.pdf,2023,018,Trading (Retail) Consumable groceries business,BUDGET ESTIMATE 2026,131597.0
Annual-Detailed-Budget-2023.pdf,2023,019,Retail Merchants non-consumable business,APPROVED BUDGET 2024,291042.0
Annual-Detailed-Budget-2023.pdf,2023,019,Retail Merchants non-consumable business,REVISED BUDGET 2025,291042.0
Annual-Detailed-Budget-2023.pdf,2023,019,Retail Merchants non-consumable business,BUDGET ESTIMATE 2026,291042.0
Annual-Detailed-Budget-2023.pdf,2023,020,Trading (Retail) chain stores and supermarkets,APPROVED BUDGET 2024,15000.0
Annual-Detailed-Budget-2023.pdf,2023,020,Trading (Retail) chain stores and supermarkets,REVISED BUDGET 2025,15000.0
Annual-Detailed-Budget-2023.pdf,2023,020,Trading (Retail) chain stores and supermarkets,BUDGET ESTIMATE 2026,15000.0
Annual-Detailed-Budget-2023.pdf,2023,021,Manufacturing,APPROVED BUDGET 2024,20002.0
Annual-Detailed-Budget-2023.pdf,2023,021,Manufacturing,REVISED BUDGET 2025,20002.0
Annual-Detailed-Budget-2023.pdf,2023,021,Manufacturing,BUDGET ESTIMATE 2026,20002.0
Annual-Detailed-Budget-2023.pdf,2023,028,Filling Station,APPROVED BUDGET 2024,26666.0
Annual-Detailed-Budget-2023.pdf,2023,028,Filling Station,REVISED BUDGET 2025,26666.0
Annual-Detailed-Budget-2023.pdf,2023,028,Filling Station,BUDGET ESTIMATE 2026,26666.0
Annual-Detailed-Budget-2023.pdf,2023,029,Professional Occupation,APPROVED BUDGET 2024,40817.0
Annual-Detailed-Budget-2023.pdf,2023,029,Professional Occupation,REVISED BUDGET 2025,40817.0
Annual-Detailed-Budget-2023.pdf,2023,029,Professional Occupation,BUDGET ESTIMATE 2026,40817.0
Annual-Detailed-Budget-2023.pdf,2023,031,Car Wash,APPROVED BUDGET 2024,11200.0
Annual-Detailed-Budget-2023.pdf,2023,031,Car Wash,REVISED BUDGET 2025,11200.0
Annual-Detailed-Budget-2023.pdf,2023,031,Car Wash,BUDGET ESTIMATE 2026,11200.0
Annual-Detailed-Budget-2023.pdf,2023,032,Hospitality,APPROVED BUDGET 2024,11250.0
Annual-Detailed-Budget-2023.pdf,2023,032,Hospitality,REVISED BUDGET 2025,11250.0
Annual-Detailed-Budget-2023.pdf,2023,032,Hospitality,BUDGET ESTIMATE 2026,11250.0
Annual-Detailed-Budget-2023.pdf,2023,033,Commercial Banks,APPROVED BUDGET 2024,54000.0
Annual-Detailed-Budget-2023.pdf,2023,033,Commercial Banks,REVISED BUDGET 2025,54000.0
Annual-Detailed-Budget-2023.pdf,2023,033,Commercial Banks,BUDGET ESTIMATE 2026,54000.0
Annual-Detailed-Budget-2023.pdf,2023,034,Micro- Finance and Money-Lenders,APPROVED BUDGET 2024,69000.0
Annual-Detailed-Budget-2023.pdf,2023,034,Micro- Finance and Money-Lenders,REVISED BUDGET 2025,69000.0
Annual-Detailed-Budget-2023.pdf,2023,034,Micro- Finance and Money-Lenders,BUDGET ESTIMATE 2026,69000.0
Annual-Detailed-Budget-2023.pdf,2023,,SubItem Total,APPROVED BUDGET 2024,883594.0
Annual-Detailed-Budget-2023.pdf,2023,,SubItem Total,REVISED BUDGET 2025,883594.0
Annual-Detailed-Budget-2023.pdf,2023,,SubItem Total,BUDGET ESTIMATE 2026,883594.0
Annual-Detailed-Budget-2023.pdf,2023,001,Health permits,APPROVED BUDGET 2024,629250.0
Annual-Detailed-Budget-2023.pdf,2023,001,Health permits,REVISED BUDGET 2025,629250.0
Annual-Detailed-Budget-2023.pdf,2023,001,Health permits,BUDGET ESTIMATE 2026,629250.0
Annual-Detailed-Budget-2023.pdf,2023,003,Herbalist permit,APPROVED BUDGET 2024,900.0
Annual-Detailed-Budget-2023.pdf,2023,003,Herbalist permit,REVISED BUDGET 2025,900.0
Annual-Detailed-Budget-2023.pdf,2023,003,Herbalist permit,BUDGET ESTIMATE 2026,900.0
Annual-Detailed-Budget-2023.pdf,2023,008,Burial permits and grave sites,APPROVED BUDGET 2024,550500.0
Annual-Detailed-Budget-2023.pdf,2023,008,Burial permits and grave sites,REVISED BUDGET 2025,550500.0
Annual-Detailed-Budget-2023.pdf,2023,008,Burial permits and grave sites,BUDGET ESTIMATE 2026,550500.0
Annual-Detailed-Budget-2023.pdf,2023,009,Fire certificate,APPROVED BUDGET 2024,621800.0
Annual-Detailed-Budget-2023.pdf,2023,009,Fire certificate,REVISED BUDGET 2025,621800.0
Annual-Detailed-Budget-2023.pdf,2023,009,Fire certificate,BUDGET ESTIMATE 2026,621800.0
Annual-Detailed-Budget-2023.pdf,2023,010,Extension of Business hours permits,APPROVED BUDGET 2024,6000.0
Annual-Detailed-Budget-2023.pdf,2023,010,Extension of Business hours permits,REVISED BUDGET 2025,7000.0
Annual-Detailed-Budget-2023.pdf,2023,010,Extension of Business hours permits,BUDGET ESTIMATE 2026,8000.0
Annual-Detailed-Budget-2023.pdf,2023,011,Social gathering permit,APPROVED BUDGET 2024,30000.0
Annual-Detailed-Budget-2023.pdf,2023,011,Social gathering permit,REVISED BUDGET 2025,30000.0
Annual-Detailed-Budget-2023.pdf,2023,011,Social gathering permit,BUDGET ESTIMATE 2026,30000.0
Annual-Detailed-Budget-2023.pdf,2023,099,"Primary, Secondary and Tertiary permits",APPROVED BUDGET 2024,66600.0
Annual-Detailed-Budget-2023.pdf,2023,099,"Primary, Secondary and Tertiary permits",REVISED BUDGET 2025,66600.0
Annual-Detailed-Budget-2023.pdf,2023,099,"Primary, Secondary and Tertiary permits",BUDGET ESTIMATE 2026,66600.0
Annual-Detailed-Budget-2023.pdf,2023,,SubItem Total,APPROVED BUDGET 2024,1905050.0
Annual-Detailed-Budget-2023.pdf,2023,,SubItem Total,REVISED BUDGET 2025,1906050.0
Annual-Detailed-Budget-2023.pdf,2023,,SubItem Total,BUDGET ESTIMATE 2026,1907050.0
Annual-Detailed-Budget-2023.pdf,2023,001,Service Charges Residential plots,APPROVED BUDGET 2024,7260.0
Annual-Detailed-Budget-2023.pdf,2023,001,Service Charges Residential plots,REVISED BUDGET 2025,7260.0
Annual-Detailed-Budget-2023.pdf,2023,001,Service Charges Residential plots,BUDGET ESTIMATE 2026,7360.0
Annual-Detailed-Budget-2023.pdf,2023,003,Premium Plot- Residential,APPROVED BUDGET 2024,3680000.0
Annual-Detailed-Budget-2023.pdf,2023,003,Premium Plot- Residential,REVISED BUDGET 2025,2000000.0
Annual-Detailed-Budget-2023.pdf,2023,004,Premium Plot Commercial,APPROVED BUDGET 2024,5000.0
Annual-Detailed-Budget-2023.pdf,2023,004,Premium Plot Commercial,REVISED BUDGET 2025,5500.0
Annual-Detailed-Budget-2023.pdf,2023,004,Premium Plot Commercial,BUDGET ESTIMATE 2026,6000.0
Annual-Detailed-Budget-2023.pdf,2023,005,Lease Charges,APPROVED BUDGET 2024,92500.0
Annual-Detailed-Budget-2023.pdf,2023,005,Lease Charges,REVISED BUDGET 2025,92500.0
Annual-Detailed-Budget-2023.pdf,2023,005,Lease Charges,BUDGET ESTIMATE 2026,92500.0
Annual-Detailed-Budget-2023.pdf,2023,007,Land Application Charges,APPROVED BUDGET 2024,125000.0
Annual-Detailed-Budget-2023.pdf,2023,007,Land Application Charges,REVISED BUDGET 2025,125000.0
Annual-Detailed-Budget-2023.pdf,2023,007,Land Application Charges,BUDGET ESTIMATE 2026,125000.0
Annual-Detailed-Budget-2023.pdf,2023,011,Land regularisation,APPROVED BUDGET 2024,86300.0
Annual-Detailed-Budget-2023.pdf,2023,011,Land regularisation,REVISED BUDGET 2025,87150.0
Annual-Detailed-Budget-2023.pdf,2023,011,Land regularisation,BUDGET ESTIMATE 2026,88150.0
Annual-Detailed-Budget-2023.pdf,2023,099,Land Charges,APPROVED BUDGET 2024,66500.0
Annual-Detailed-Budget-2023.pdf,2023,099,Land Charges,REVISED BUDGET 2025,66500.0
Annual-Detailed-Budget-2023.pdf,2023,099,Land Charges,BUDGET ESTIMATE 2026,66500.0
Annual-Detailed-Budget-2023.pdf,2023,,SubItem Total,APPROVED BUDGET 2024,4062560.0
Annual-Detailed-Budget-2023.pdf,2023,,SubItem Total,REVISED BUDGET 2025,2383910.0
Annual-Detailed-Budget-2023.pdf,2023,,SubItem Total,BUDGET ESTIMATE 2026,385510.0
Annual-Detailed-Budget-2023.pdf,2023,004,Interest Earned on Constituency Development Fund,APPROVED BUDGET 2024,382140.0
Annual-Detailed-Budget-2023.pdf,2023,004,Interest Earned on Constituency Development Fund,REVISED BUDGET 2025,382140.0
Annual-Detailed-Budget-2023.pdf,2023,004,Interest Earned on Constituency Development Fund,BUDGET ESTIMATE 2026,382140.0
Annual-Detailed-Budget-2023.pdf,2023,099,Other Income,APPROVED BUDGET 2024,16000.0
Annual-Detailed-Budget-2023.pdf,2023,099,Other Income,REVISED BUDGET 2025,16000.0
Annual-Detailed-Budget-2023.pdf,2023,099,Other Income,BUDGET ESTIMATE 2026,16000.0
Annual-Detailed-Budget-2023.pdf,2023,,SubItem Total,APPROVED BUDGET 2024,398140.0
Annual-Detailed-Budget-2023.pdf,2023,,SubItem Total,REVISED BUDGET 2025,398140.0
Annual-Detailed-Budget-2023.pdf,2023,,SubItem Total,BUDGET ESTIMATE 2026,398140.0
Annual-Detailed-Budget-2023.pdf,2023,002,Roads Grant,APPROVED BUDGET 2024,3742847.0
Annual-Detailed-Budget-2023.pdf,2023,002,Roads Grant,REVISED BUDGET 2025,3742847.0
Annual-Detailed-Budget-2023.pdf,2023,002,Roads Grant,BUDGET ESTIMATE 2026,3742847.0
Annual-Detailed-Budget-2023.pdf,2023,003,Health Grant,APPROVED BUDGET 2024,6364648.0
Annual-Detailed-Budget-2023.pdf,2023,003,Health Grant,REVISED BUDGET 2025,6364648.0
Annual-Detailed-Budget-2023.pdf,2023,003,Health Grant,BUDGET ESTIMATE 2026,6364648.0
Annual-Detailed-Budget-2023.pdf,2023,004,Local Government Equalisation Fund,APPROVED BUDGET 2024,14708634.0
Annual-Detailed-Budget-2023.pdf,2023,004,Local Government Equalisation Fund,REVISED BUDGET 2025,14708634.0
Annual-Detailed-Budget-2023.pdf,2023,004,Local Government Equalisation Fund,BUDGET ESTIMATE 2026,14708634.0
Annual-Detailed-Budget-2023.pdf,2023,005,Grants in lieu of Rates,APPROVED BUDGET 2024,300000.0
Annual-Detailed-Budget-2023.pdf,2023,005,Grants in lieu of Rates,REVISED BUDGET 2025,300000.0
Annual-Detailed-Budget-2023.pdf,2023,005,Grants in lieu of Rates,BUDGET ESTIMATE 2026,300000.0
Annual-Detailed-Budget-2023.pdf,2023,099,Other Grants,APPROVED BUDGET 2024,415482.0
Annual-Detailed-Budget-2023.pdf,2023,099,Other Grants,REVISED BUDGET 2025,415482.0
Annual-Detailed-Budget-2023.pdf,2023,099,Other Grants,BUDGET ESTIMATE 2026,415482.0
Annual-Detailed-Budget-2023.pdf,2023,,SubItem Total,APPROVED BUDGET 2024,25531611.0
Annual-Detailed-Budget-2023.pdf,2023,,SubItem Total,REVISED BUDGET 2025,25531611.0
Annual-Detailed-Budget-2023.pdf,2023,,SubItem Total,BUDGET ESTIMATE 2026,25531611.0
Annual-Detailed-Budget-2023.pdf,2023,001,Constituency Development Fund,APPROVED BUDGET 2024,61271284.0
Annual-Detailed-Budget-2023.pdf,2023,001,Constituency Development Fund,REVISED BUDGET 2025,61271284.0
Annual-Detailed-Budget-2023.pdf,2023,001,Constituency Development Fund,BUDGET ESTIMATE 2026,61271284.0
Annual-Detailed-Budget-2023.pdf,2023,,SubItem Total,APPROVED BUDGET 2024,61271284.0
Annual-Detailed-Budget-2023.pdf,2023,,SubItem Total,REVISED BUDGET 2025,61271284.0
Annual-Detailed-Budget-2023.pdf,2023,,SubItem Total,BUDGET ESTIMATE 2026,61271284.0
Annual-Detailed-Budget-2023.pdf,2023,Grand Total,"153,992,521",APPROVED BUDGET 2024,142461654.0
Annual-Detailed-Budget-2023.pdf,2023,Grand Total,"153,992,521",REVISED BUDGET 2025,140438254.0
Annual-Detailed-Budget-2023.pdf,2023,No,ECONOMIC CLASSIFICATION,APPROVED BUDGET 2024,2022.0
Annual-Detailed-Budget-2023.pdf,2023,No,ECONOMIC CLASSIFICATION,REVISED BUDGET 2025,2023.0
Annual-Detailed-Budget-2023.pdf,2023,No,ECONOMIC CLASSIFICATION,BUDGET ESTIMATE 2026,2024.0
Annual-Detailed-Budget-2023.pdf,2023,21 22 26 27 31 32 41,Personal Emoluments Goods and Services Grants and Other Payments(Transfers) Subsidies to Non-Financial Enterprises Non-Financial Assets Financial Assets Current Liabilities (Payable within one year),APPROVED BUDGET 2024,0.0
Annual-Detailed-Budget-2023.pdf,2023,21 22 26 27 31 32 41,Personal Emoluments Goods and Services Grants and Other Payments(Transfers) Subsidies to Non-Financial Enterprises Non-Financial Assets Financial Assets Current Liabilities (Payable within one year),BUDGET ESTIMATE 2026,4.1037065324099933e+52
Annual-Detailed-Budget-2023.pdf,2023,,Head Total,APPROVED BUDGET 2024,0.0
Annual-Detailed-Budget-2023.pdf,2023,,Head Total,BUDGET ESTIMATE 2026,153992521.0
Annual-Detailed-Budget-2023.pdf,2023,Code,Programme,APPROVED BUDGET 2024,2022.0
Annual-Detailed-Budget-2023.pdf,2023,Code,Programme,REVISED BUDGET 2025,2023.0
Annual-Detailed-Budget-2023.pdf,2023,Code,Programme,BUDGET ESTIMATE 2026,2024.0
Annual-Detailed-Budget-2023.pdf,2023,1 2 3 4 5 6 7 8 9 10 11 12 13 14 15,Constituency Development Local Governance Integrated Development Planning Economic and business development Public health and Environmental protection Housing and Community Amenities Recreation Culture and Religion Education and skills development Social Protection Public order and safety Management and support Services Resource Mobilisation and Management District Health servcies Veterinary services Transport Services,APPROVED BUDGET 2024,0.0
Annual-Detailed-Budget-2023.pdf,2023,1 2 3 4 5 6 7 8 9 10 11 12 13 14 15,Constituency Development Local Governance Integrated Development Planning Economic and business development Public health and Environmental protection Housing and Community Amenities Recreation Culture and Religion Education and skills development Social Protection Public order and safety Management and support Services Resource Mobilisation and Management District Health servcies Veterinary services Transport Services,BUDGET ESTIMATE 2026,6.127128434099155e+104
Annual-Detailed-Budget-2023.pdf,2023,,Head Total,APPROVED BUDGET 2024,0.0
Annual-Detailed-Budget-2023.pdf,2023,,Head Total,BUDGET ESTIMATE 2026,153992521.0
Annual-Detailed-Budget-2023.pdf,2023,PROGRAMME/SUB-PROGRAMME,2022 BUDGET,REVISED BUDGET 2025,2023.0
Annual-Detailed-Budget-2023.pdf,2023,Programme Total,(0),APPROVED BUDGET 2024,0.0
Annual-Detailed-Budget-2023.pdf,2023,PROGRAMME/SUBPROGRAMME,2022 BUDGET,REVISED BUDGET 2025,2023.0
Annual-Detailed-Budget-2023.pdf,2023,Programme Total,(0),APPROVED BUDGET 2024,0.0
Annual-Detailed-Budget-2023.pdf,2023,Key Output and Output Indicator,2022,REVISED BUDGET 2025,2023.0
Annual-Detailed-Budget-2023.pdf,2023,Community projects implemented 01 Proportion of Community projects implemented 02 Number of maternity annex constructed 03 Number of water facilities constructed 04 Number of desks procured for Luanshya and Roan Constitutuencies 05 Number of ambulances procured for Luanshya and Roan Constitutuencies,(0) (0) (0) (0) (0),APPROVED BUDGET 2024,0.0
Annual-Detailed-Budget-2023.pdf,2023,Community projects implemented 01 Proportion of Community projects implemented 02 Number of maternity annex constructed 03 Number of water facilities constructed 04 Number of desks procured for Luanshya and Roan Constitutuencies 05 Number of ambulances procured for Luanshya and Roan Constitutuencies,(0) (0) (0) (0) (0),REVISED BUDGET 2025,0.0
Annual-Detailed-Budget-2023.pdf,2023,Community projects implemented 01 Proportion of Community projects implemented 02 Number of maternity annex constructed 03 Number of water facilities constructed 04 Number of desks procured for Luanshya and Roan Constitutuencies 05 Number of ambulances procured for Luanshya and Roan Constitutuencies,(0) (0) (0) (0) (0),BUDGET ESTIMATE 2026,0.0
Annual-Detailed-Budget-2023.pdf,2023,Diseaster project implemented 01 Percentage of disaster projects implemented,(0),APPROVED BUDGET 2024,0.0
Annual-Detailed-Budget-2023.pdf,2023,Diseaster project implemented 01 Percentage of disaster projects implemented,(0),REVISED BUDGET 2025,0.0
Annual-Detailed-Budget-2023.pdf,2023,Diseaster project implemented 01 Percentage of disaster projects implemented,(0),BUDGET ESTIMATE 2026,0.0
Annual-Detailed-Budget-2023.pdf,2023,Empowerment grant disbursed 01 Number of groups empowered under Roan Contituency 02 Number of groups empowered under Luanshya Central Constituency,(0) (0),APPROVED BUDGET 2024,0.0
Annual-Detailed-Budget-2023.pdf,2023,Empowerment grant disbursed 01 Number of groups empowered under Roan Contituency 02 Number of groups empowered under Luanshya Central Constituency,(0) (0),REVISED BUDGET 2025,0.0
Annual-Detailed-Budget-2023.pdf,2023,Empowerment grant disbursed 01 Number of groups empowered under Roan Contituency 02 Number of groups empowered under Luanshya Central Constituency,(0) (0),BUDGET ESTIMATE 2026,0.0
Annual-Detailed-Budget-2023.pdf,2023,Empowerment Loans disbursed 01 Number of beneficiaries empowered with loans in Roan Constituency 02 Number of beneficiaries empowered with loans in Luanshya Constituency,(0) (0),APPROVED BUDGET 2024,0.0
Annual-Detailed-Budget-2023.pdf,2023,Empowerment Loans disbursed 01 Number of beneficiaries empowered with loans in Roan Constituency 02 Number of beneficiaries empowered with loans in Luanshya Constituency,(0) (0),REVISED BUDGET 2025,0.0
Annual-Detailed-Budget-2023.pdf,2023,Empowerment Loans disbursed 01 Number of beneficiaries empowered with loans in Roan Constituency 02 Number of beneficiaries empowered with loans in Luanshya Constituency,(0) (0),BUDGET ESTIMATE 2026,0.0
Annual-Detailed-Budget-2023.pdf,2023,CDF activities conducted 01 Number of CDF committee meeting held 02 Number of technical appraisals conducted 03 Number of stakeholder meetings held 04 Number of monitoring and evaluation conducted in both constituencies.,(0) (0) (0) (0),APPROVED BUDGET 2024,0.0
Annual-Detailed-Budget-2023.pdf,2023,CDF activities conducted 01 Number of CDF committee meeting held 02 Number of technical appraisals conducted 03 Number of stakeholder meetings held 04 Number of monitoring and evaluation conducted in both constituencies.,(0) (0) (0) (0),REVISED BUDGET 2025,0.0
Annual-Detailed-Budget-2023.pdf,2023,CDF activities conducted 01 Number of CDF committee meeting held 02 Number of technical appraisals conducted 03 Number of stakeholder meetings held 04 Number of monitoring and evaluation conducted in both constituencies.,(0) (0) (0) (0),BUDGET ESTIMATE 2026,0.0
Annual-Detailed-Budget-2023.pdf,2023,School bursaries disbursed 01 Number of students sponsored 02 Percentage of bursaries disbursed,(0) (0),APPROVED BUDGET 2024,0.0
Annual-Detailed-Budget-2023.pdf,2023,School bursaries disbursed 01 Number of students sponsored 02 Percentage of bursaries disbursed,(0) (0),REVISED BUDGET 2025,0.0
Annual-Detailed-Budget-2023.pdf,2023,School bursaries disbursed 01 Number of students sponsored 02 Percentage of bursaries disbursed,(0) (0),BUDGET ESTIMATE 2026,0.0
Annual-Detailed-Budget-2023.pdf,2023,ECONOMIC CLASSIFICATION,2022 BUDGET,BUDGET ESTIMATE 2026,2023.0
Annual-Detailed-Budget-2023.pdf,2023,Programme Total,(0),APPROVED BUDGET 2024,0.0
Annual-Detailed-Budget-2023.pdf,2023,PROGRAMME/SUBPROGRAMME,2022 BUDGET,REVISED BUDGET 2025,2023.0
Annual-Detailed-Budget-2023.pdf,2023,2 Local Governance 040 Local elections 044Legislative Function 045Citizen Engagement,(0) (0) (0) (0),APPROVED BUDGET 2024,0.0
Annual-Detailed-Budget-2023.pdf,2023,Programme Total,(0),APPROVED BUDGET 2024,0.0
Annual-Detailed-Budget-2023.pdf,2023,Key Output and Output Indicator,2022,REVISED BUDGET 2025,2023.0
Annual-Detailed-Budget-2023.pdf,2023,Policy formuleted 01 Percentage of policies formulated,(0),APPROVED BUDGET 2024,0.0
Annual-Detailed-Budget-2023.pdf,2023,Policy formuleted 01 Percentage of policies formulated,(0),REVISED BUDGET 2025,0.0
Annual-Detailed-Budget-2023.pdf,2023,Policy formuleted 01 Percentage of policies formulated,(0),BUDGET ESTIMATE 2026,0.0
Annual-Detailed-Budget-2023.pdf,2023,Council and standing committee meeting held 01 Number of Council meeting held 02 Number of special council meeting held 03 Number of standing committee meeting held,(0) (0) (0),APPROVED BUDGET 2024,0.0
Annual-Detailed-Budget-2023.pdf,2023,Council and standing committee meeting held 01 Number of Council meeting held 02 Number of special council meeting held 03 Number of standing committee meeting held,(0) (0) (0),REVISED BUDGET 2025,0.0
Annual-Detailed-Budget-2023.pdf,2023,Council and standing committee meeting held 01 Number of Council meeting held 02 Number of special council meeting held 03 Number of standing committee meeting held,(0) (0) (0),BUDGET ESTIMATE 2026,0.0
Annual-Detailed-Budget-2023.pdf,2023,Ward Development Committees operationalized 01 Number of WDCs formed 02 Number WDCs meeting held per quarter 03 Number of WDCs oriented,(0) (0) (0),APPROVED BUDGET 2024,0.0
Annual-Detailed-Budget-2023.pdf,2023,Ward Development Committees operationalized 01 Number of WDCs formed 02 Number WDCs meeting held per quarter 03 Number of WDCs oriented,(0) (0) (0),REVISED BUDGET 2025,0.0
Annual-Detailed-Budget-2023.pdf,2023,Ward Development Committees operationalized 01 Number of WDCs formed 02 Number WDCs meeting held per quarter 03 Number of WDCs oriented,(0) (0) (0),BUDGET ESTIMATE 2026,0.0
Annual-Detailed-Budget-2023.pdf,2023,Stakeholder engagement meeting held 01 Number of stakeholders meeting held,(0),APPROVED BUDGET 2024,0.0
Annual-Detailed-Budget-2023.pdf,2023,Stakeholder engagement meeting held 01 Number of stakeholders meeting held,(0),REVISED BUDGET 2025,0.0
Annual-Detailed-Budget-2023.pdf,2023,Stakeholder engagement meeting held 01 Number of stakeholders meeting held,(0),BUDGET ESTIMATE 2026,0.0
Annual-Detailed-Budget-2023.pdf,2023,ECONOMIC CLASSIFICATION,2022 BUDGET,BUDGET ESTIMATE 2026,2023.0
Annual-Detailed-Budget-2023.pdf,2023,Programme Total,(0),APPROVED BUDGET 2024,0.0
Annual-Detailed-Budget-2023.pdf,2023,Programme Total,(0),BUDGET ESTIMATE 2026,0.0
Annual-Detailed-Budget-2023.pdf,2023,PROGRAMME/SUBPROGRAMME,2022 BUDGET,REVISED BUDGET 2025,2023.0
Annual-Detailed-Budget-2023.pdf,2023,3 Integrated Development Planning 006Environmental planning 021Spatial Planning 033Socio Economic planning,(0) (0) (0) (0),APPROVED BUDGET 2024,0.0
Annual-Detailed-Budget-2023.pdf,2023,Programme Total,(0),APPROVED BUDGET 2024,0.0
Annual-Detailed-Budget-2023.pdf,2023,Key Output and Output Indicator,2022,REVISED BUDGET 2025,2023.0
Annual-Detailed-Budget-2023.pdf,2023,Environmental impact assessment reviewed 01 Percentage of Enviromenatal impact assessment reviewed,(0),APPROVED BUDGET 2024,0.0
Annual-Detailed-Budget-2023.pdf,2023,Environmental impact assessment reviewed 01 Percentage of Enviromenatal impact assessment reviewed,(0),REVISED BUDGET 2025,0.0
Annual-Detailed-Budget-2023.pdf,2023,Environmental impact assessment reviewed 01 Percentage of Enviromenatal impact assessment reviewed,(0),BUDGET ESTIMATE 2026,0.0
Annual-Detailed-Budget-2023.pdf,2023,Enviromental inspection assessment conducted 01 Percentage of Enviromental assessment inspection conducted,(0),APPROVED BUDGET 2024,0.0
Annual-Detailed-Budget-2023.pdf,2023,Enviromental inspection assessment conducted 01 Percentage of Enviromental assessment inspection conducted,(0),REVISED BUDGET 2025,0.0
Annual-Detailed-Budget-2023.pdf,2023,Enviromental inspection assessment conducted 01 Percentage of Enviromental assessment inspection conducted,(0),BUDGET ESTIMATE 2026,0.0
Annual-Detailed-Budget-2023.pdf,2023,Environmental Sensitisations Conducted 01 Number of Environmental talks conducted,(0),APPROVED BUDGET 2024,0.0
Annual-Detailed-Budget-2023.pdf,2023,Environmental Sensitisations Conducted 01 Number of Environmental talks conducted,(0),REVISED BUDGET 2025,0.0
Annual-Detailed-Budget-2023.pdf,2023,Environmental Sensitisations Conducted 01 Number of Environmental talks conducted,(0),BUDGET ESTIMATE 2026,0.0
Annual-Detailed-Budget-2023.pdf,2023,Land acquired 01 hectares of land acquired,(0),APPROVED BUDGET 2024,0.0
Annual-Detailed-Budget-2023.pdf,2023,Land acquired 01 hectares of land acquired,(0),REVISED BUDGET 2025,0.0
Annual-Detailed-Budget-2023.pdf,2023,Land acquired 01 hectares of land acquired,(0),BUDGET ESTIMATE 2026,0.0
Annual-Detailed-Budget-2023.pdf,2023,Plots allocated 01 Number of plots allocated 02 Number of plots demarcated,(0) (0),APPROVED BUDGET 2024,0.0
Annual-Detailed-Budget-2023.pdf,2023,Plots allocated 01 Number of plots allocated 02 Number of plots demarcated,(0) (0),REVISED BUDGET 2025,0.0
Annual-Detailed-Budget-2023.pdf,2023,Plots allocated 01 Number of plots allocated 02 Number of plots demarcated,(0) (0),BUDGET ESTIMATE 2026,0.0
Annual-Detailed-Budget-2023.pdf,2023,IDP sensitization meeting held 01 Number of IDP sensitization meeting held,(0),APPROVED BUDGET 2024,0.0
Annual-Detailed-Budget-2023.pdf,2023,IDP sensitization meeting held 01 Number of IDP sensitization meeting held,(0),REVISED BUDGET 2025,0.0
Annual-Detailed-Budget-2023.pdf,2023,IDP sensitization meeting held 01 Number of IDP sensitization meeting held,(0),BUDGET ESTIMATE 2026,0.0
Annual-Detailed-Budget-2023.pdf,2023,Kamuchanga settlement upgraded 01 Kamuchanga settlement upgraded,(0),APPROVED BUDGET 2024,0.0
Annual-Detailed-Budget-2023.pdf,2023,Kamuchanga settlement upgraded 01 Kamuchanga settlement upgraded,(0),REVISED BUDGET 2025,0.0
Annual-Detailed-Budget-2023.pdf,2023,Kamuchanga settlement upgraded 01 Kamuchanga settlement upgraded,(0),BUDGET ESTIMATE 2026,0.0
Annual-Detailed-Budget-2023.pdf,2023,DDCC meetings held 01 Number of DDCC meeting held,(0),APPROVED BUDGET 2024,0.0
Annual-Detailed-Budget-2023.pdf,2023,DDCC meetings held 01 Number of DDCC meeting held,(0),REVISED BUDGET 2025,0.0
Annual-Detailed-Budget-2023.pdf,2023,DDCC meetings held 01 Number of DDCC meeting held,(0),BUDGET ESTIMATE 2026,0.0
Annual-Detailed-Budget-2023.pdf,2023,ECONOMIC CLASSIFICATION,2022 BUDGET,REVISED BUDGET 2025,2023.0
Annual-Detailed-Budget-2023.pdf,2023,Programme Total,(0),APPROVED BUDGET 2024,0.0
Annual-Detailed-Budget-2023.pdf,2023,Programme Total,(0),BUDGET ESTIMATE 2026,0.0
Annual-Detailed-Budget-2023.pdf,2023,PROGRAMME/SUBPROGRAMME,2022 BUDGET,REVISED BUDGET 2025,2023.0
Annual-Detailed-Budget-2023.pdf,2023,4 Economic and business development 038Trade Facilitation and Licencing,(0) (0),APPROVED BUDGET 2024,0.0
Annual-Detailed-Budget-2023.pdf,2023,Programme Total,(0),APPROVED BUDGET 2024,0.0
Annual-Detailed-Budget-2023.pdf,2023,Key Output and Output Indicator,2022,REVISED BUDGET 2025,2023.0
Annual-Detailed-Budget-2023.pdf,2023,Licensing activities conducted 01 Percentage of licenses issued 02 Number of inspection conducted,(0) (0),APPROVED BUDGET 2024,0.0
Annual-Detailed-Budget-2023.pdf,2023,Licensing activities conducted 01 Percentage of licenses issued 02 Number of inspection conducted,(0) (0),REVISED BUDGET 2025,0.0
Annual-Detailed-Budget-2023.pdf,2023,Licensing activities conducted 01 Percentage of licenses issued 02 Number of inspection conducted,(0) (0),BUDGET ESTIMATE 2026,0.0
Annual-Detailed-Budget-2023.pdf,2023,Senstization meeting Condcuted 01 Number of sensitization meetings conducted,(0),APPROVED BUDGET 2024,0.0
Annual-Detailed-Budget-2023.pdf,2023,Senstization meeting Condcuted 01 Number of sensitization meetings conducted,(0),REVISED BUDGET 2025,0.0
Annual-Detailed-Budget-2023.pdf,2023,Senstization meeting Condcuted 01 Number of sensitization meetings conducted,(0),BUDGET ESTIMATE 2026,0.0
Annual-Detailed-Budget-2023.pdf,2023,ECONOMIC CLASSIFICATION,2022 BUDGET,BUDGET ESTIMATE 2026,2023.0
Annual-Detailed-Budget-2023.pdf,2023,Programme Total,(0),APPROVED BUDGET 2024,0.0
Annual-Detailed-Budget-2023.pdf,2023,PROGRAMME/SUBPROGRAMME,2022 BUDGET,REVISED BUDGET 2025,2023.0
Annual-Detailed-Budget-2023.pdf,2023,5 Public health and Environmental protection 015Cemetery and funeral services 019Health Inspections 023Pest control 024Pollution control 027Solid Waste Management,(0) (0) (0) (0) (0) (0),APPROVED BUDGET 2024,0.0
Annual-Detailed-Budget-2023.pdf,2023,Programme Total,(0),APPROVED BUDGET 2024,0.0
Annual-Detailed-Budget-2023.pdf,2023,Key Output and Output Indicator,2022,REVISED BUDGET 2025,2023.0
Annual-Detailed-Budget-2023.pdf,2023,Cemetery and Funeral services provided 01 Percentage of new burial sites created 02 Percentage of Unclaimed and Decomposed bodies     buried 03 Percentage of burial permits issued,(0) (0) (0),APPROVED BUDGET 2024,0.0
Annual-Detailed-Budget-2023.pdf,2023,Cemetery and Funeral services provided 01 Percentage of new burial sites created 02 Percentage of Unclaimed and Decomposed bodies     buried 03 Percentage of burial permits issued,(0) (0) (0),REVISED BUDGET 2025,0.0
Annual-Detailed-Budget-2023.pdf,2023,Cemetery and Funeral services provided 01 Percentage of new burial sites created 02 Percentage of Unclaimed and Decomposed bodies     buried 03 Percentage of burial permits issued,(0) (0) (0),BUDGET ESTIMATE 2026,0.0
Annual-Detailed-Budget-2023.pdf,2023,Health inspection services provided 01 Number of health inspection conducted 02 Percentage of health permits issued 03 Percentage of food handles certificate issued,(0) (0) (0),APPROVED BUDGET 2024,0.0
Annual-Detailed-Budget-2023.pdf,2023,Health inspection services provided 01 Number of health inspection conducted 02 Percentage of health permits issued 03 Percentage of food handles certificate issued,(0) (0) (0),REVISED BUDGET 2025,0.0
Annual-Detailed-Budget-2023.pdf,2023,Health inspection services provided 01 Number of health inspection conducted 02 Percentage of health permits issued 03 Percentage of food handles certificate issued,(0) (0) (0),BUDGET ESTIMATE 2026,0.0
Annual-Detailed-Budget-2023.pdf,2023,Pest/Vector controlled 01 Number of Spraying and fumigating     activities conducted 02 Number of Sprayer pumps     procured,(0) (0),APPROVED BUDGET 2024,0.0
Annual-Detailed-Budget-2023.pdf,2023,Pest/Vector controlled 01 Number of Spraying and fumigating     activities conducted 02 Number of Sprayer pumps     procured,(0) (0),REVISED BUDGET 2025,0.0
Annual-Detailed-Budget-2023.pdf,2023,Pest/Vector controlled 01 Number of Spraying and fumigating     activities conducted 02 Number of Sprayer pumps     procured,(0) (0),BUDGET ESTIMATE 2026,0.0
Annual-Detailed-Budget-2023.pdf,2023,Solid waste managed 01 Tones of solid waste collected 02 Dump site maintained 03 Number of solid waste contracts issued 04 Number of solid waste reports submitted to MLGRD and ZEMA,(0) (0) (0) (0),APPROVED BUDGET 2024,0.0
Annual-Detailed-Budget-2023.pdf,2023,Solid waste managed 01 Tones of solid waste collected 02 Dump site maintained 03 Number of solid waste contracts issued 04 Number of solid waste reports submitted to MLGRD and ZEMA,(0) (0) (0) (0),REVISED BUDGET 2025,0.0
Annual-Detailed-Budget-2023.pdf,2023,Solid waste managed 01 Tones of solid waste collected 02 Dump site maintained 03 Number of solid waste contracts issued 04 Number of solid waste reports submitted to MLGRD and ZEMA,(0) (0) (0) (0),BUDGET ESTIMATE 2026,0.0
Annual-Detailed-Budget-2023.pdf,2023,Programme Total,(0),APPROVED BUDGET 2024,0.0
Annual-Detailed-Budget-2023.pdf,2023,PROGRAMME/SUBPROGRAMME,2022 BUDGET,REVISED BUDGET 2025,2023.0
Annual-Detailed-Budget-2023.pdf,2023,6 Housing and Community Amenities 007Parks and Gardens 012Markets and Bus Stations 026Public Housing 029Roads and Drainages 031Street Lighting,(0) (0) (0) (0) (0) (0),APPROVED BUDGET 2024,0.0
Annual-Detailed-Budget-2023.pdf,2023,Programme Total,(0),APPROVED BUDGET 2024,0.0
Annual-Detailed-Budget-2023.pdf,2023,Key Output and Output Indicator,2022,REVISED BUDGET 2025,2023.0
Annual-Detailed-Budget-2023.pdf,2023,"Motor vehicles, Plant and Machinery Serviced 01 Number of Motor vehicles, Plant and Machinery serviced",(0),APPROVED BUDGET 2024,0.0
Annual-Detailed-Budget-2023.pdf,2023,"Motor vehicles, Plant and Machinery Serviced 01 Number of Motor vehicles, Plant and Machinery serviced",(0),REVISED BUDGET 2025,0.0
Annual-Detailed-Budget-2023.pdf,2023,"Motor vehicles, Plant and Machinery Serviced 01 Number of Motor vehicles, Plant and Machinery serviced",(0),BUDGET ESTIMATE 2026,0.0
Annual-Detailed-Budget-2023.pdf,2023,Roads And Drainages maintained 01 Kilometer of roads maintained 02 Kilometer of drainages maintained 03 Kilometer of new drainages constructed,(0) (0) (0),APPROVED BUDGET 2024,0.0
Annual-Detailed-Budget-2023.pdf,2023,Roads And Drainages maintained 01 Kilometer of roads maintained 02 Kilometer of drainages maintained 03 Kilometer of new drainages constructed,(0) (0) (0),REVISED BUDGET 2025,0.0
Annual-Detailed-Budget-2023.pdf,2023,Roads And Drainages maintained 01 Kilometer of roads maintained 02 Kilometer of drainages maintained 03 Kilometer of new drainages constructed,(0) (0) (0),BUDGET ESTIMATE 2026,0.0
Annual-Detailed-Budget-2023.pdf,2023,Parks and gardens maintained 01 Number of parks and gardens maintained,(0),APPROVED BUDGET 2024,0.0
Annual-Detailed-Budget-2023.pdf,2023,Parks and gardens maintained 01 Number of parks and gardens maintained,(0),REVISED BUDGET 2025,0.0
Annual-Detailed-Budget-2023.pdf,2023,Parks and gardens maintained 01 Number of parks and gardens maintained,(0),BUDGET ESTIMATE 2026,0.0
Annual-Detailed-Budget-2023.pdf,2023,Markets and Bus station maintained 01 Number of markets maintained,(0),APPROVED BUDGET 2024,0.0
Annual-Detailed-Budget-2023.pdf,2023,Markets and Bus station maintained 01 Number of markets maintained,(0),REVISED BUDGET 2025,0.0
Annual-Detailed-Budget-2023.pdf,2023,Markets and Bus station maintained 01 Number of markets maintained,(0),BUDGET ESTIMATE 2026,0.0
Annual-Detailed-Budget-2023.pdf,2023,Council building maintained 01 Baluba Motel maintained,(0),APPROVED BUDGET 2024,0.0
Annual-Detailed-Budget-2023.pdf,2023,Council building maintained 01 Baluba Motel maintained,(0),REVISED BUDGET 2025,0.0
Annual-Detailed-Budget-2023.pdf,2023,Council building maintained 01 Baluba Motel maintained,(0),BUDGET ESTIMATE 2026,0.0
Annual-Detailed-Budget-2023.pdf,2023,Civic centre maintained 01 Civic sentre maintained,(0),APPROVED BUDGET 2024,0.0
Annual-Detailed-Budget-2023.pdf,2023,Civic centre maintained 01 Civic sentre maintained,(0),REVISED BUDGET 2025,0.0
Annual-Detailed-Budget-2023.pdf,2023,Civic centre maintained 01 Civic sentre maintained,(0),BUDGET ESTIMATE 2026,0.0
Annual-Detailed-Budget-2023.pdf,2023,ECONOMIC CLASSIFICATION,2022 BUDGET,BUDGET ESTIMATE 2026,2023.0
Annual-Detailed-Budget-2023.pdf,2023,Programme Total,(0),APPROVED BUDGET 2024,0.0
Annual-Detailed-Budget-2023.pdf,2023,PROGRAMME/SUBPROGRAMME,2022 BUDGET,REVISED BUDGET 2025,2023.0
Annual-Detailed-Budget-2023.pdf,2023,7 Recreation Culture and Religion 001Cultural Affairs 042Sports Promotion,(0) (0) (0),APPROVED BUDGET 2024,0.0
Annual-Detailed-Budget-2023.pdf,2023,Programme Total,(0),APPROVED BUDGET 2024,0.0
Annual-Detailed-Budget-2023.pdf,2023,Key Output and Output Indicator,2022,REVISED BUDGET 2025,2023.0
Annual-Detailed-Budget-2023.pdf,2023,Industry linkages and innovations opened 01 Number of holding capacity building community training in the district,(0),APPROVED BUDGET 2024,0.0
Annual-Detailed-Budget-2023.pdf,2023,Industry linkages and innovations opened 01 Number of holding capacity building community training in the district,(0),REVISED BUDGET 2025,0.0
Annual-Detailed-Budget-2023.pdf,2023,Industry linkages and innovations opened 01 Number of holding capacity building community training in the district,(0),BUDGET ESTIMATE 2026,0.0
Annual-Detailed-Budget-2023.pdf,2023,Appropriate entertainment provided at public functions 01 Number of artists and cultural groups facilitated and coordinated 02 Number of Tangible Cultural Exhibition Conducted 03 Number of Provincial Dance Troupes Formed,(0) (0) (0),APPROVED BUDGET 2024,0.0
Annual-Detailed-Budget-2023.pdf,2023,Appropriate entertainment provided at public functions 01 Number of artists and cultural groups facilitated and coordinated 02 Number of Tangible Cultural Exhibition Conducted 03 Number of Provincial Dance Troupes Formed,(0) (0) (0),REVISED BUDGET 2025,0.0
Annual-Detailed-Budget-2023.pdf,2023,Appropriate entertainment provided at public functions 01 Number of artists and cultural groups facilitated and coordinated 02 Number of Tangible Cultural Exhibition Conducted 03 Number of Provincial Dance Troupes Formed,(0) (0) (0),BUDGET ESTIMATE 2026,0.0
Annual-Detailed-Budget-2023.pdf,2023,Cultural Fairs Hosted 01 Number of Cultural Fairs Hosted,(0),APPROVED BUDGET 2024,0.0
Annual-Detailed-Budget-2023.pdf,2023,Cultural Fairs Hosted 01 Number of Cultural Fairs Hosted,(0),REVISED BUDGET 2025,0.0
Annual-Detailed-Budget-2023.pdf,2023,Cultural Fairs Hosted 01 Number of Cultural Fairs Hosted,(0),BUDGET ESTIMATE 2026,0.0
Annual-Detailed-Budget-2023.pdf,2023,Community sports promoted 01 Number of sport tournament held 02 Number of sports field maintained 03 Number of sports clubs sponsored,(0) (0) (0),APPROVED BUDGET 2024,0.0
Annual-Detailed-Budget-2023.pdf,2023,Community sports promoted 01 Number of sport tournament held 02 Number of sports field maintained 03 Number of sports clubs sponsored,(0) (0) (0),REVISED BUDGET 2025,0.0
Annual-Detailed-Budget-2023.pdf,2023,Community sports promoted 01 Number of sport tournament held 02 Number of sports field maintained 03 Number of sports clubs sponsored,(0) (0) (0),BUDGET ESTIMATE 2026,0.0
Annual-Detailed-Budget-2023.pdf,2023,ECONOMIC CLASSIFICATION,2022 BUDGET,BUDGET ESTIMATE 2026,2023.0
Annual-Detailed-Budget-2023.pdf,2023,Programme Total,(0),APPROVED BUDGET 2024,0.0
Annual-Detailed-Budget-2023.pdf,2023,PROGRAMME/SUBPROGRAMME,2022 BUDGET,REVISED BUDGET 2025,2023.0
Annual-Detailed-Budget-2023.pdf,2023,8 Education and skills development 001District archives 005Early Childhood Education 039Library Services,(0) (0) (0) (0),APPROVED BUDGET 2024,0.0
Annual-Detailed-Budget-2023.pdf,2023,Programme Total,(0),APPROVED BUDGET 2024,0.0
Annual-Detailed-Budget-2023.pdf,2023,Key Output and Output Indicator,2022,REVISED BUDGET 2025,2023.0
Annual-Detailed-Budget-2023.pdf,2023,District Records Surveyed 01 Number of record surveys conducted anually,(0),APPROVED BUDGET 2024,0.0
Annual-Detailed-Budget-2023.pdf,2023,District Records Surveyed 01 Number of record surveys conducted anually,(0),REVISED BUDGET 2025,0.0
Annual-Detailed-Budget-2023.pdf,2023,District Records Surveyed 01 Number of record surveys conducted anually,(0),BUDGET ESTIMATE 2026,0.0
Annual-Detailed-Budget-2023.pdf,2023,District Records Preserved 01 Percentage of targeted district records preserved annually,(0),APPROVED BUDGET 2024,0.0
Annual-Detailed-Budget-2023.pdf,2023,District Records Preserved 01 Percentage of targeted district records preserved annually,(0),REVISED BUDGET 2025,0.0
Annual-Detailed-Budget-2023.pdf,2023,District Records Preserved 01 Percentage of targeted district records preserved annually,(0),BUDGET ESTIMATE 2026,0.0
Annual-Detailed-Budget-2023.pdf,2023,Library material classified 01 Percentage of Library materials classified,(0),APPROVED BUDGET 2024,0.0
Annual-Detailed-Budget-2023.pdf,2023,Library material classified 01 Percentage of Library materials classified,(0),REVISED BUDGET 2025,0.0
Annual-Detailed-Budget-2023.pdf,2023,Library material classified 01 Percentage of Library materials classified,(0),BUDGET ESTIMATE 2026,0.0
Annual-Detailed-Budget-2023.pdf,2023,Library materials procured 02 Prportion of library materials procured,(0),APPROVED BUDGET 2024,0.0
Annual-Detailed-Budget-2023.pdf,2023,Library materials procured 02 Prportion of library materials procured,(0),REVISED BUDGET 2025,0.0
Annual-Detailed-Budget-2023.pdf,2023,Library materials procured 02 Prportion of library materials procured,(0),BUDGET ESTIMATE 2026,0.0
Annual-Detailed-Budget-2023.pdf,2023,ECONOMIC CLASSIFICATION,2022 BUDGET,REVISED BUDGET 2025,2023.0
Annual-Detailed-Budget-2023.pdf,2023,Programme Total,(0),APPROVED BUDGET 2024,0.0
Annual-Detailed-Budget-2023.pdf,2023,Programme Total,(0),BUDGET ESTIMATE 2026,0.0
Annual-Detailed-Budget-2023.pdf,2023,PROGRAMME/SUBPROGRAMME,2022 BUDGET,REVISED BUDGET 2025,2023.0
Annual-Detailed-Budget-2023.pdf,2023,9 Social Protection 037Support to Indigent People,(0) (0),APPROVED BUDGET 2024,0.0
Annual-Detailed-Budget-2023.pdf,2023,Programme Total,(0),APPROVED BUDGET 2024,0.0
Annual-Detailed-Budget-2023.pdf,2023,Key Output and Output Indicator,2022,REVISED BUDGET 2025,2023.0
Annual-Detailed-Budget-2023.pdf,2023,Indigent people sponsored 01 Number of indigent people sponsored,(0),APPROVED BUDGET 2024,0.0
Annual-Detailed-Budget-2023.pdf,2023,Indigent people sponsored 01 Number of indigent people sponsored,(0),REVISED BUDGET 2025,0.0
Annual-Detailed-Budget-2023.pdf,2023,Indigent people sponsored 01 Number of indigent people sponsored,(0),BUDGET ESTIMATE 2026,0.0
Annual-Detailed-Budget-2023.pdf,2023,ECONOMIC CLASSIFICATION,2022 BUDGET,BUDGET ESTIMATE 2026,2023.0
Annual-Detailed-Budget-2023.pdf,2023,Programme Total,(0),APPROVED BUDGET 2024,0.0
Annual-Detailed-Budget-2023.pdf,2023,PROGRAMME/SUBPROGRAMME,2022 BUDGET,REVISED BUDGET 2025,2023.0
Annual-Detailed-Budget-2023.pdf,2023,10 Public order and safety 014Building regulation 018Community policing 041Fire protection services,(0) (0) (0) (0),APPROVED BUDGET 2024,0.0
Annual-Detailed-Budget-2023.pdf,2023,Programme Total,(0),APPROVED BUDGET 2024,0.0
Annual-Detailed-Budget-2023.pdf,2023,Key Output and Output Indicator,2022,REVISED BUDGET 2025,2023.0
Annual-Detailed-Budget-2023.pdf,2023,Council Police Patrol conducted 01 Number of Council police Patrols Conducted,(0),APPROVED BUDGET 2024,0.0
Annual-Detailed-Budget-2023.pdf,2023,Council Police Patrol conducted 01 Number of Council police Patrols Conducted,(0),REVISED BUDGET 2025,0.0
Annual-Detailed-Budget-2023.pdf,2023,Council Police Patrol conducted 01 Number of Council police Patrols Conducted,(0),BUDGET ESTIMATE 2026,0.0
Annual-Detailed-Budget-2023.pdf,2023,Building regulation conducted 01 Proportion of building plans scrutinized 02 Number of building inspection conducted 03 Proportion of completion certificate issued 04 Vehicle for development control procured,(0) (0) (0) (0),APPROVED BUDGET 2024,0.0
Annual-Detailed-Budget-2023.pdf,2023,Building regulation conducted 01 Proportion of building plans scrutinized 02 Number of building inspection conducted 03 Proportion of completion certificate issued 04 Vehicle for development control procured,(0) (0) (0) (0),REVISED BUDGET 2025,0.0
Annual-Detailed-Budget-2023.pdf,2023,Building regulation conducted 01 Proportion of building plans scrutinized 02 Number of building inspection conducted 03 Proportion of completion certificate issued 04 Vehicle for development control procured,(0) (0) (0) (0),BUDGET ESTIMATE 2026,0.0
Annual-Detailed-Budget-2023.pdf,2023,Fire prevention activities conducted 01 Percentage of fire certificate issued,(0),APPROVED BUDGET 2024,0.0
Annual-Detailed-Budget-2023.pdf,2023,Fire prevention activities conducted 01 Percentage of fire certificate issued,(0),REVISED BUDGET 2025,0.0
Annual-Detailed-Budget-2023.pdf,2023,Fire prevention activities conducted 01 Percentage of fire certificate issued,(0),BUDGET ESTIMATE 2026,0.0
Annual-Detailed-Budget-2023.pdf,2023,Rescue operations conducted 01 Number of rescue operations conducted,(0),APPROVED BUDGET 2024,0.0
Annual-Detailed-Budget-2023.pdf,2023,Rescue operations conducted 01 Number of rescue operations conducted,(0),REVISED BUDGET 2025,0.0
Annual-Detailed-Budget-2023.pdf,2023,Rescue operations conducted 01 Number of rescue operations conducted,(0),BUDGET ESTIMATE 2026,0.0
Annual-Detailed-Budget-2023.pdf,2023,Programme Total,(0),APPROVED BUDGET 2024,0.0
Annual-Detailed-Budget-2023.pdf,2023,PROGRAMME/SUBPROGRAMME,2022 BUDGET,REVISED BUDGET 2025,2023.0
Annual-Detailed-Budget-2023.pdf,2023,11 Management and support Services 001 Human Resource and Administratio 003Public Relations 009 Executive management 016 Procurement 024ICT 028 Auditing 035 Accounting 036Legal,(0) (0) (0) (0) (0) (0) (0) (0) (0),APPROVED BUDGET 2024,0.0
Annual-Detailed-Budget-2023.pdf,2023,Programme Total,(0),APPROVED BUDGET 2024,0.0
Annual-Detailed-Budget-2023.pdf,2023,Key Output and Output Indicator,2022,REVISED BUDGET 2025,2023.0
Annual-Detailed-Budget-2023.pdf,2023,Human resources management committee meeting held 01 Number of FRMC meeting held 02 Percentage of staff matters concluded,(0) (0),APPROVED BUDGET 2024,0.0
Annual-Detailed-Budget-2023.pdf,2023,Human resources management committee meeting held 01 Number of FRMC meeting held 02 Percentage of staff matters concluded,(0) (0),REVISED BUDGET 2025,0.0
Annual-Detailed-Budget-2023.pdf,2023,Human resources management committee meeting held 01 Number of FRMC meeting held 02 Percentage of staff matters concluded,(0) (0),BUDGET ESTIMATE 2026,0.0
Annual-Detailed-Budget-2023.pdf,2023,Management meeting held 01 Number of management meeting held 02 Number of quarterly devolved management meeting,(0) (0),APPROVED BUDGET 2024,0.0
Annual-Detailed-Budget-2023.pdf,2023,Management meeting held 01 Number of management meeting held 02 Number of quarterly devolved management meeting,(0) (0),REVISED BUDGET 2025,0.0
Annual-Detailed-Budget-2023.pdf,2023,Management meeting held 01 Number of management meeting held 02 Number of quarterly devolved management meeting,(0) (0),BUDGET ESTIMATE 2026,0.0
Annual-Detailed-Budget-2023.pdf,2023,ICT equipment maintained 01 Proportion of computor antivirus installed 02 Proportion of printers serviced,(0) (0),APPROVED BUDGET 2024,0.0
Annual-Detailed-Budget-2023.pdf,2023,ICT equipment maintained 01 Proportion of computor antivirus installed 02 Proportion of printers serviced,(0) (0),REVISED BUDGET 2025,0.0
Annual-Detailed-Budget-2023.pdf,2023,ICT equipment maintained 01 Proportion of computor antivirus installed 02 Proportion of printers serviced,(0) (0),BUDGET ESTIMATE 2026,0.0
Annual-Detailed-Budget-2023.pdf,2023,Financial management software procured 01 Fianacial mamangement software procured,1,APPROVED BUDGET 2024,1.0
Annual-Detailed-Budget-2023.pdf,2023,Financial management software procured 01 Fianacial mamangement software procured,1,REVISED BUDGET 2025,1.0
Annual-Detailed-Budget-2023.pdf,2023,Financial management software procured 01 Fianacial mamangement software procured,1,BUDGET ESTIMATE 2026,1.0
Annual-Detailed-Budget-2023.pdf,2023,Financial Statement Produced 01 Financial Statement produced 02 Number of Interim financial statement produced,(0) (0),APPROVED BUDGET 2024,10.0
Annual-Detailed-Budget-2023.pdf,2023,Financial Statement Produced 01 Financial Statement produced 02 Number of Interim financial statement produced,(0) (0),REVISED BUDGET 2025,10.0
Annual-Detailed-Budget-2023.pdf,2023,Financial Statement Produced 01 Financial Statement produced 02 Number of Interim financial statement produced,(0) (0),BUDGET ESTIMATE 2026,10.0
Annual-Detailed-Budget-2023.pdf,2023,Annual output based budget prepared 01 Annuall output based budget produced,1,APPROVED BUDGET 2024,1.0
Annual-Detailed-Budget-2023.pdf,2023,Annual output based budget prepared 01 Annuall output based budget produced,1,REVISED BUDGET 2025,1.0
Annual-Detailed-Budget-2023.pdf,2023,Annual output based budget prepared 01 Annuall output based budget produced,1,BUDGET ESTIMATE 2026,1.0
Annual-Detailed-Budget-2023.pdf,2023,Debt liquidated 01 Percentage of debt liquidated,(0),APPROVED BUDGET 2024,0.0
Annual-Detailed-Budget-2023.pdf,2023,Debt liquidated 01 Percentage of debt liquidated,(0),REVISED BUDGET 2025,0.0
Annual-Detailed-Budget-2023.pdf,2023,Debt liquidated 01 Percentage of debt liquidated,(0),BUDGET ESTIMATE 2026,0.0
Annual-Detailed-Budget-2023.pdf,2023,Land disputes Resolved 01 Percentage of Land Disputes resolved,(0),APPROVED BUDGET 2024,0.0
Annual-Detailed-Budget-2023.pdf,2023,Land disputes Resolved 01 Percentage of Land Disputes resolved,(0),REVISED BUDGET 2025,0.0
Annual-Detailed-Budget-2023.pdf,2023,Land disputes Resolved 01 Percentage of Land Disputes resolved,(0),BUDGET ESTIMATE 2026,0.0
Annual-Detailed-Budget-2023.pdf,2023,Legal service provided 01 Percentage of Court Cases concluded,(0),APPROVED BUDGET 2024,0.0
Annual-Detailed-Budget-2023.pdf,2023,Legal service provided 01 Percentage of Court Cases concluded,(0),REVISED BUDGET 2025,0.0
Annual-Detailed-Budget-2023.pdf,2023,Legal service provided 01 Percentage of Court Cases concluded,(0),BUDGET ESTIMATE 2026,0.0
Annual-Detailed-Budget-2023.pdf,2023,Policy implemented 01 Percentage of policies implemented,(0),APPROVED BUDGET 2024,0.0
Annual-Detailed-Budget-2023.pdf,2023,Policy implemented 01 Percentage of policies implemented,(0),REVISED BUDGET 2025,0.0
Annual-Detailed-Budget-2023.pdf,2023,Policy implemented 01 Percentage of policies implemented,(0),BUDGET ESTIMATE 2026,0.0
Annual-Detailed-Budget-2023.pdf,2023,Institution work plan developed 01 Institutional annual work developed,(0),APPROVED BUDGET 2024,0.0
Annual-Detailed-Budget-2023.pdf,2023,Institution work plan developed 01 Institutional annual work developed,(0),REVISED BUDGET 2025,0.0
Annual-Detailed-Budget-2023.pdf,2023,Institution work plan developed 01 Institutional annual work developed,(0),BUDGET ESTIMATE 2026,0.0
Annual-Detailed-Budget-2023.pdf,2023,Procurement plan 01 Procurement plan submitted,1,APPROVED BUDGET 2024,1.0
Annual-Detailed-Budget-2023.pdf,2023,Procurement plan 01 Procurement plan submitted,1,REVISED BUDGET 2025,1.0
Annual-Detailed-Budget-2023.pdf,2023,Procurement plan 01 Procurement plan submitted,1,BUDGET ESTIMATE 2026,1.0
Annual-Detailed-Budget-2023.pdf,2023,Internal auditors report produced 01 Number of quarterly internal audit report produced 02 Number of action taken report produced 03 Percentage of special audit inspection report produced,(0) (0) (0),APPROVED BUDGET 2024,0.0
Annual-Detailed-Budget-2023.pdf,2023,Internal auditors report produced 01 Number of quarterly internal audit report produced 02 Number of action taken report produced 03 Percentage of special audit inspection report produced,(0) (0) (0),REVISED BUDGET 2025,0.0
Annual-Detailed-Budget-2023.pdf,2023,Internal auditors report produced 01 Number of quarterly internal audit report produced 02 Number of action taken report produced 03 Percentage of special audit inspection report produced,(0) (0) (0),BUDGET ESTIMATE 2026,0.0
Annual-Detailed-Budget-2023.pdf,2023,ECONOMIC CLASSIFICATION,2022 BUDGET,BUDGET ESTIMATE 2026,2023.0
Annual-Detailed-Budget-2023.pdf,2023,Programme Total,(0),APPROVED BUDGET 2024,0.0
Annual-Detailed-Budget-2023.pdf,2023,PROGRAMME/SUBPROGRAMME,2022 BUDGET,REVISED BUDGET 2025,2023.0
Annual-Detailed-Budget-2023.pdf,2023,12 Resource Mobilisation and Management 067Revenue Mobilisation and Enhancement,(0) (0),APPROVED BUDGET 2024,0.0
Annual-Detailed-Budget-2023.pdf,2023,Programme Total,(0),APPROVED BUDGET 2024,0.0
Annual-Detailed-Budget-2023.pdf,2023,Key Output and Output Indicator,2022,REVISED BUDGET 2025,2023.0
Annual-Detailed-Budget-2023.pdf,2023,Revenue collection efficiency increased 01 Number of revenue collection point established 02 Percentage of revenue collection efficiency increased 03 Revenue Task force formed,(0) (0) (0),APPROVED BUDGET 2024,0.0
Annual-Detailed-Budget-2023.pdf,2023,Revenue collection efficiency increased 01 Number of revenue collection point established 02 Percentage of revenue collection efficiency increased 03 Revenue Task force formed,(0) (0) (0),REVISED BUDGET 2025,0.0
Annual-Detailed-Budget-2023.pdf,2023,Revenue collection efficiency increased 01 Number of revenue collection point established 02 Percentage of revenue collection efficiency increased 03 Revenue Task force formed,(0) (0) (0),BUDGET ESTIMATE 2026,0.0
Annual-Detailed-Budget-2023.pdf,2023,Ward Development Committee appointed as revenue agents 01 Number of ward development committee appointed as revenue agents,(0),APPROVED BUDGET 2024,0.0
Annual-Detailed-Budget-2023.pdf,2023,Ward Development Committee appointed as revenue agents 01 Number of ward development committee appointed as revenue agents,(0),REVISED BUDGET 2025,0.0
Annual-Detailed-Budget-2023.pdf,2023,Ward Development Committee appointed as revenue agents 01 Number of ward development committee appointed as revenue agents,(0),BUDGET ESTIMATE 2026,0.0
Annual-Detailed-Budget-2023.pdf,2023,Revenue collection system automated 01 Revenue collection system automated 02 Bulk SMS introduced,(0) (0),APPROVED BUDGET 2024,0.0
Annual-Detailed-Budget-2023.pdf,2023,Revenue collection system automated 01 Revenue collection system automated 02 Bulk SMS introduced,(0) (0),REVISED BUDGET 2025,0.0
Annual-Detailed-Budget-2023.pdf,2023,Revenue collection system automated 01 Revenue collection system automated 02 Bulk SMS introduced,(0) (0),BUDGET ESTIMATE 2026,0.0
Annual-Detailed-Budget-2023.pdf,2023,ECONOMIC CLASSIFICATION,2022 BUDGET,REVISED BUDGET 2025,2023.0
Annual-Detailed-Budget-2023.pdf,2023,Programme Total,(0),APPROVED BUDGET 2024,0.0
Annual-Detailed-Budget-2023.pdf,2023,Programme Total,(0),BUDGET ESTIMATE 2026,0.0
Annual-Detailed-Budget-2023.pdf,2023,PROGRAMME/SUBPROGRAMME,2022 BUDGET,REVISED BUDGET 2025,2023.0
Annual-Detailed-Budget-2023.pdf,2023,13 District Health servcies 001Primary Health Services 002District Health Coordination,(0) (0) (0),APPROVED BUDGET 2024,0.0
Annual-Detailed-Budget-2023.pdf,2023,Programme Total,(0),APPROVED BUDGET 2024,0.0
Annual-Detailed-Budget-2023.pdf,2023,Key Output and Output Indicator,2022,REVISED BUDGET 2025,2023.0
Annual-Detailed-Budget-2023.pdf,2023,ECONOMIC CLASSIFICATION,2022 BUDGET,BUDGET ESTIMATE 2026,2023.0
Annual-Detailed-Budget-2023.pdf,2023,Programme Total,(0),APPROVED BUDGET 2024,0.0
Annual-Detailed-Budget-2023.pdf,2023,PROGRAMME/SUBPROGRAMME,2022 BUDGET,REVISED BUDGET 2025,2023.0
Annual-Detailed-Budget-2023.pdf,2023,14 Veterinary services 001Animal Health Extension Services 002District Veterinary Services Coordination,(0) (0) (0),APPROVED BUDGET 2024,0.0
Annual-Detailed-Budget-2023.pdf,2023,Programme Total,(0),APPROVED BUDGET 2024,0.0
Annual-Detailed-Budget-2023.pdf,2023,Key Output and Output Indicator,2022,REVISED BUDGET 2025,2023.0
Annual-Detailed-Budget-2023.pdf,2023,Animal health services delivered 01 Number of Procurement reports 02 Percentage vaccinated against Blackleg 03 Number of farmers trained 04 Number of surveillance visits for tickborne diseases 05 percentof disease outbreak investigations 06 Number of samples collected and submitted for diagnosis,(0) (0) (0) (0) (0) (0),APPROVED BUDGET 2024,0.0
Annual-Detailed-Budget-2023.pdf,2023,Animal health services delivered 01 Number of Procurement reports 02 Percentage vaccinated against Blackleg 03 Number of farmers trained 04 Number of surveillance visits for tickborne diseases 05 percentof disease outbreak investigations 06 Number of samples collected and submitted for diagnosis,(0) (0) (0) (0) (0) (0),REVISED BUDGET 2025,0.0
Annual-Detailed-Budget-2023.pdf,2023,Animal health services delivered 01 Number of Procurement reports 02 Percentage vaccinated against Blackleg 03 Number of farmers trained 04 Number of surveillance visits for tickborne diseases 05 percentof disease outbreak investigations 06 Number of samples collected and submitted for diagnosis,(0) (0) (0) (0) (0) (0),BUDGET ESTIMATE 2026,0.0
Annual-Detailed-Budget-2023.pdf,2023,Feasibility study for the establishment of a cordon line conducted 01 Number of feasibility studies done,(0),APPROVED BUDGET 2024,0.0
Annual-Detailed-Budget-2023.pdf,2023,Feasibility study for the establishment of a cordon line conducted 01 Number of feasibility studies done,(0),REVISED BUDGET 2025,0.0
Annual-Detailed-Budget-2023.pdf,2023,Feasibility study for the establishment of a cordon line conducted 01 Number of feasibility studies done,(0),BUDGET ESTIMATE 2026,0.0
Annual-Detailed-Budget-2023.pdf,2023,Bio-security and quarantine facilities constructed 01 Number of bio-security facilities constructed 02 Number of quarantine facilities constructed,(0) (0),APPROVED BUDGET 2024,0.0
Annual-Detailed-Budget-2023.pdf,2023,Bio-security and quarantine facilities constructed 01 Number of bio-security facilities constructed 02 Number of quarantine facilities constructed,(0) (0),REVISED BUDGET 2025,0.0
Annual-Detailed-Budget-2023.pdf,2023,Bio-security and quarantine facilities constructed 01 Number of bio-security facilities constructed 02 Number of quarantine facilities constructed,(0) (0),BUDGET ESTIMATE 2026,0.0
Annual-Detailed-Budget-2023.pdf,2023,Animal vaccine plant established 01 Percentage completion of animal vaccine plant,(0),APPROVED BUDGET 2024,0.0
Annual-Detailed-Budget-2023.pdf,2023,Animal vaccine plant established 01 Percentage completion of animal vaccine plant,(0),REVISED BUDGET 2025,0.0
Annual-Detailed-Budget-2023.pdf,2023,Animal vaccine plant established 01 Percentage completion of animal vaccine plant,(0),BUDGET ESTIMATE 2026,0.0
Annual-Detailed-Budget-2023.pdf,2023,ECONOMIC CLASSIFICATION,2022 BUDGET,REVISED BUDGET 2025,2023.0
Annual-Detailed-Budget-2023.pdf,2023,Programme Total,(0),APPROVED BUDGET 2024,0.0
Annual-Detailed-Budget-2023.pdf,2023,Programme Total,(0),BUDGET ESTIMATE 2026,0.0
Annual-Detailed-Budget-2023.pdf,2023,PROGRAMME/SUBPROGRAMME,2022 BUDGET,REVISED BUDGET 2025,2023.0
Annual-Detailed-Budget-2023.pdf,2023,15 Transport Services 001Road Transport,(0) (0),APPROVED BUDGET 2024,0.0
Annual-Detailed-Budget-2023.pdf,2023,Programme Total,(0),APPROVED BUDGET 2024,0.0
Annual-Detailed-Budget-2023.pdf,2023,Key Output and Output Indicator,2022,REVISED BUDGET 2025,2023.0
Annual-Detailed-Budget-2023.pdf,2023,Road Maintained 01 Kilometer of Roads Maintained,(0),APPROVED BUDGET 2024,0.0
Annual-Detailed-Budget-2023.pdf,2023,Road Maintained 01 Kilometer of Roads Maintained,(0),REVISED BUDGET 2025,0.0
Annual-Detailed-Budget-2023.pdf,2023,Road Maintained 01 Kilometer of Roads Maintained,(0),BUDGET ESTIMATE 2026,0.0
Annual-Detailed-Budget-2023.pdf,2023,,2 Percentage vaccinated against Blackleg 3 Number of farmers trained 4 Number of surveillance visits for tickborne diseases 5 percentof disease outbreak investigations 6 Number of samples collected and submitted for diagnosis 02Feasibility study for the establishment of a cordon line conducted 1 Number of feasibility studies done 03Bio-security and quarantine facilities constructed 1 Number of bio-security facilities constructed 2 Number of quarantine facilities constructed 04Animal vaccine plant established 1 Percentage completion of animal vaccine plant 01Road Maintained 1 Kilometer of Roads Maintained,APPROVED BUDGET 2024,1.0020004100501119e+21
Annual-Detailed-Budget-2022.pdf,2022,151101,Residential,APPROVED BUDGET,4240000.0
Annual-Detailed-Budget-2022.pdf,2022,151101,Residential,QUARTERLY BUDGETORY PROVISION,1060000.0
Annual-Detailed-Budget-2022.pdf,2022,151101,Residential,JANUARY,883693.48
Annual-Detailed-Budget-2022.pdf,2022,151101,Residential,FEBRUARY,430002.35
Annual-Detailed-Budget-2022.pdf,2022,151101,Residential,MARCH,590581.68
Annual-Detailed-Budget-2022.pdf,2022,151101,Residential,CUMMULATIVE JAN - MARCH,1904277.51
Annual-Detailed-Budget-2022.pdf,2022,151101,Residential,APRIL,307586.64
Annual-Detailed-Budget-2022.pdf,2022,151101,Residential,MAY,90700.0
Annual-Detailed-Budget-2022.pdf,2022,151102,Industrial/commercial,APPROVED BUDGET,7440868.66
Annual-Detailed-Budget-2022.pdf,2022,151102,Industrial/commercial,QUARTERLY BUDGETORY PROVISION,1860217.17
Annual-Detailed-Budget-2022.pdf,2022,151102,Industrial/commercial,JANUARY,1143482.25
Annual-Detailed-Budget-2022.pdf,2022,151102,Industrial/commercial,FEBRUARY,131272.79
Annual-Detailed-Budget-2022.pdf,2022,151102,Industrial/commercial,MARCH,146448.75
Annual-Detailed-Budget-2022.pdf,2022,151102,Industrial/commercial,CUMMULATIVE JAN - MARCH,1421203.79
Annual-Detailed-Budget-2022.pdf,2022,151102,Industrial/commercial,APRIL,500000.0
Annual-Detailed-Budget-2022.pdf,2022,151102,Industrial/commercial,MAY,332000.0
Annual-Detailed-Budget-2022.pdf,2022,151103,Minning/Plant,APPROVED BUDGET,25529432.0
Annual-Detailed-Budget-2022.pdf,2022,151103,Minning/Plant,QUARTERLY BUDGETORY PROVISION,6382358.0
Annual-Detailed-Budget-2022.pdf,2022,151103,Minning/Plant,JANUARY,2690154.74
Annual-Detailed-Budget-2022.pdf,2022,151103,Minning/Plant,FEBRUARY,3407373.91
Annual-Detailed-Budget-2022.pdf,2022,151103,Minning/Plant,MARCH,1907373.91
Annual-Detailed-Budget-2022.pdf,2022,151103,Minning/Plant,CUMMULATIVE JAN - MARCH,8004902.56
Annual-Detailed-Budget-2022.pdf,2022,151103,Minning/Plant,APRIL,1912445.91
Annual-Detailed-Budget-2022.pdf,2022,151103,Minning/Plant,MAY,1907373.91
Annual-Detailed-Budget-2022.pdf,2022,,SUBTOTAL,APPROVED BUDGET,37210300.66
Annual-Detailed-Budget-2022.pdf,2022,,SUBTOTAL,QUARTERLY BUDGETORY PROVISION,9302575.17
Annual-Detailed-Budget-2022.pdf,2022,,SUBTOTAL,JANUARY,4717330.47
Annual-Detailed-Budget-2022.pdf,2022,,SUBTOTAL,FEBRUARY,3968649.05
Annual-Detailed-Budget-2022.pdf,2022,,SUBTOTAL,MARCH,2644404.34
Annual-Detailed-Budget-2022.pdf,2022,,SUBTOTAL,CUMMULATIVE JAN - MARCH,11330383.86
Annual-Detailed-Budget-2022.pdf,2022,,SUBTOTAL,APRIL,2720032.55
Annual-Detailed-Budget-2022.pdf,2022,,SUBTOTAL,MAY,2330073.91
Annual-Detailed-Budget-2022.pdf,2022,151201,Personal levy,APPROVED BUDGET,110355.0
Annual-Detailed-Budget-2022.pdf,2022,151201,Personal levy,QUARTERLY BUDGETORY PROVISION,27588.75
Annual-Detailed-Budget-2022.pdf,2022,151201,Personal levy,JANUARY,1522.5
Annual-Detailed-Budget-2022.pdf,2022,151201,Personal levy,FEBRUARY,1275.0
Annual-Detailed-Budget-2022.pdf,2022,151201,Personal levy,MARCH,190.5
Annual-Detailed-Budget-2022.pdf,2022,151201,Personal levy,CUMMULATIVE JAN - MARCH,2988.0
Annual-Detailed-Budget-2022.pdf,2022,151201,Personal levy,APRIL,2504.5
Annual-Detailed-Budget-2022.pdf,2022,151201,Personal levy,MAY,16449.5
Annual-Detailed-Budget-2022.pdf,2022,,Sub Total,APPROVED BUDGET,110355.0
Annual-Detailed-Budget-2022.pdf,2022,,Sub Total,QUARTERLY BUDGETORY PROVISION,27588.75
Annual-Detailed-Budget-2022.pdf,2022,,Sub Total,JANUARY,1522.5
Annual-Detailed-Budget-2022.pdf,2022,,Sub Total,FEBRUARY,1275.0
Annual-Detailed-Budget-2022.pdf,2022,,Sub Total,MARCH,190.5
Annual-Detailed-Budget-2022.pdf,2022,,Sub Total,CUMMULATIVE JAN - MARCH,2988.0
Annual-Detailed-Budget-2022.pdf,2022,,Sub Total,APRIL,2504.5
Annual-Detailed-Budget-2022.pdf,2022,,Sub Total,MAY,16449.5
Annual-Detailed-Budget-2022.pdf,2022,152001,Consent fees,APPROVED BUDGET,30000.0
Annual-Detailed-Budget-2022.pdf,2022,152001,Consent fees,QUARTERLY BUDGETORY PROVISION,7500.0
Annual-Detailed-Budget-2022.pdf,2022,152001,Consent fees,JANUARY,1550.0
Annual-Detailed-Budget-2022.pdf,2022,152001,Consent fees,FEBRUARY,2500.0
Annual-Detailed-Budget-2022.pdf,2022,152001,Consent fees,MARCH,1500.0
Annual-Detailed-Budget-2022.pdf,2022,152001,Consent fees,CUMMULATIVE JAN - MARCH,5550.0
Annual-Detailed-Budget-2022.pdf,2022,152001,Consent fees,APRIL,1000.0
Annual-Detailed-Budget-2022.pdf,2022,152001,Consent fees,MAY,4250.0
Annual-Detailed-Budget-2022.pdf,2022,152002,Survey fees,APPROVED BUDGET,194800.0
Annual-Detailed-Budget-2022.pdf,2022,152002,Survey fees,QUARTERLY BUDGETORY PROVISION,48700.0
Annual-Detailed-Budget-2022.pdf,2022,152002,Survey fees,JANUARY,7150.0
Annual-Detailed-Budget-2022.pdf,2022,152002,Survey fees,FEBRUARY,3750.0
Annual-Detailed-Budget-2022.pdf,2022,152002,Survey fees,MARCH,1150.0
Annual-Detailed-Budget-2022.pdf,2022,152002,Survey fees,CUMMULATIVE JAN - MARCH,12050.0
Annual-Detailed-Budget-2022.pdf,2022,152002,Survey fees,APRIL,5050.0
Annual-Detailed-Budget-2022.pdf,2022,152002,Survey fees,MAY,6550.0
Annual-Detailed-Budget-2022.pdf,2022,152003,Building inspection fees,APPROVED BUDGET,273160.0
Annual-Detailed-Budget-2022.pdf,2022,152003,Building inspection fees,QUARTERLY BUDGETORY PROVISION,68290.0
Annual-Detailed-Budget-2022.pdf,2022,152003,Building inspection fees,JANUARY,19456.5
Annual-Detailed-Budget-2022.pdf,2022,152003,Building inspection fees,FEBRUARY,18335.0
Annual-Detailed-Budget-2022.pdf,2022,152003,Building inspection fees,MARCH,16060.0
Annual-Detailed-Budget-2022.pdf,2022,152003,Building inspection fees,CUMMULATIVE JAN - MARCH,53851.5
Annual-Detailed-Budget-2022.pdf,2022,152003,Building inspection fees,APRIL,27450.0
Annual-Detailed-Budget-2022.pdf,2022,152003,Building inspection fees,MAY,33910.0
Annual-Detailed-Budget-2022.pdf,2022,152004,Plan scruitiny fees,APPROVED BUDGET,169002.0
Annual-Detailed-Budget-2022.pdf,2022,152004,Plan scruitiny fees,QUARTERLY BUDGETORY PROVISION,42250.5
Annual-Detailed-Budget-2022.pdf,2022,152004,Plan scruitiny fees,JANUARY,8045.5
Annual-Detailed-Budget-2022.pdf,2022,152004,Plan scruitiny fees,FEBRUARY,19417.5
Annual-Detailed-Budget-2022.pdf,2022,152004,Plan scruitiny fees,MARCH,5770.86
Annual-Detailed-Budget-2022.pdf,2022,152004,Plan scruitiny fees,CUMMULATIVE JAN - MARCH,33233.86
Annual-Detailed-Budget-2022.pdf,2022,152004,Plan scruitiny fees,APRIL,12840.2
Annual-Detailed-Budget-2022.pdf,2022,152004,Plan scruitiny fees,MAY,19284.2
Annual-Detailed-Budget-2022.pdf,2022,152005,Change of premise use,APPROVED BUDGET,30000.0
Annual-Detailed-Budget-2022.pdf,2022,152005,Change of premise use,QUARTERLY BUDGETORY PROVISION,7500.0
Annual-Detailed-Budget-2022.pdf,2022,152005,Change of premise use,JANUARY,750.0
Annual-Detailed-Budget-2022.pdf,2022,152005,Change of premise use,MARCH,6000.0
Annual-Detailed-Budget-2022.pdf,2022,152005,Change of premise use,CUMMULATIVE JAN - MARCH,6750.0
Annual-Detailed-Budget-2022.pdf,2022,152006,Container/ Ntemba fees,APPROVED BUDGET,150000.0
Annual-Detailed-Budget-2022.pdf,2022,152006,Container/ Ntemba fees,QUARTERLY BUDGETORY PROVISION,37500.0
Annual-Detailed-Budget-2022.pdf,2022,152006,Container/ Ntemba fees,JANUARY,1800.0
Annual-Detailed-Budget-2022.pdf,2022,152006,Container/ Ntemba fees,FEBRUARY,7050.0
Annual-Detailed-Budget-2022.pdf,2022,152006,Container/ Ntemba fees,MARCH,550.0
Annual-Detailed-Budget-2022.pdf,2022,152006,Container/ Ntemba fees,CUMMULATIVE JAN - MARCH,9400.0
Annual-Detailed-Budget-2022.pdf,2022,152006,Container/ Ntemba fees,APRIL,1225.04
Annual-Detailed-Budget-2022.pdf,2022,152006,Container/ Ntemba fees,MAY,1050.0
Annual-Detailed-Budget-2022.pdf,2022,152007,Rental/ lease of council properties,APPROVED BUDGET,1036560.0
Annual-Detailed-Budget-2022.pdf,2022,152007,Rental/ lease of council properties,QUARTERLY BUDGETORY PROVISION,259140.0
Annual-Detailed-Budget-2022.pdf,2022,152007,Rental/ lease of council properties,JANUARY,35536.7
Annual-Detailed-Budget-2022.pdf,2022,152007,Rental/ lease of council properties,FEBRUARY,67700.0
Annual-Detailed-Budget-2022.pdf,2022,152007,Rental/ lease of council properties,MARCH,24501.0
Annual-Detailed-Budget-2022.pdf,2022,152007,Rental/ lease of council properties,CUMMULATIVE JAN - MARCH,127737.7
Annual-Detailed-Budget-2022.pdf,2022,152007,Rental/ lease of council properties,APRIL,27500.0
Annual-Detailed-Budget-2022.pdf,2022,152007,Rental/ lease of council properties,MAY,20375.0
Annual-Detailed-Budget-2022.pdf,2022,152008,Application forms fees,APPROVED BUDGET,298375.0
Annual-Detailed-Budget-2022.pdf,2022,152008,Application forms fees,QUARTERLY BUDGETORY PROVISION,74593.75
Annual-Detailed-Budget-2022.pdf,2022,152008,Application forms fees,JANUARY,91688.0
Annual-Detailed-Budget-2022.pdf,2022,152008,Application forms fees,FEBRUARY,41614.0
Annual-Detailed-Budget-2022.pdf,2022,152008,Application forms fees,MARCH,30397.0
Annual-Detailed-Budget-2022.pdf,2022,152008,Application forms fees,CUMMULATIVE JAN - MARCH,163699.0
Annual-Detailed-Budget-2022.pdf,2022,152008,Application forms fees,APRIL,14575.0
Annual-Detailed-Budget-2022.pdf,2022,152008,Application forms fees,MAY,142837.25
Annual-Detailed-Budget-2022.pdf,2022,152009,Rentals from houses,APPROVED BUDGET,21600.0
Annual-Detailed-Budget-2022.pdf,2022,152009,Rentals from houses,QUARTERLY BUDGETORY PROVISION,5400.0
Annual-Detailed-Budget-2022.pdf,2022,152009,Rentals from houses,FEBRUARY,3600.0
Annual-Detailed-Budget-2022.pdf,2022,152009,Rentals from houses,CUMMULATIVE JAN - MARCH,3600.0
Annual-Detailed-Budget-2022.pdf,2022,152010,Sketch plan,APPROVED BUDGET,45600.0
Annual-Detailed-Budget-2022.pdf,2022,152010,Sketch plan,QUARTERLY BUDGETORY PROVISION,11400.0
Annual-Detailed-Budget-2022.pdf,2022,152010,Sketch plan,JANUARY,1035.12
Annual-Detailed-Budget-2022.pdf,2022,152010,Sketch plan,FEBRUARY,2900.0
Annual-Detailed-Budget-2022.pdf,2022,152010,Sketch plan,MARCH,4000.0
Annual-Detailed-Budget-2022.pdf,2022,152010,Sketch plan,CUMMULATIVE JAN - MARCH,7935.12
Annual-Detailed-Budget-2022.pdf,2022,152010,Sketch plan,MAY,3900.0
Annual-Detailed-Budget-2022.pdf,2022,152011,Search fees,APPROVED BUDGET,10000.0
Annual-Detailed-Budget-2022.pdf,2022,152011,Search fees,QUARTERLY BUDGETORY PROVISION,2500.0
Annual-Detailed-Budget-2022.pdf,2022,152011,Search fees,JANUARY,2400.0
Annual-Detailed-Budget-2022.pdf,2022,152011,Search fees,FEBRUARY,600.0
Annual-Detailed-Budget-2022.pdf,2022,152011,Search fees,MARCH,300.0
Annual-Detailed-Budget-2022.pdf,2022,152011,Search fees,CUMMULATIVE JAN - MARCH,3300.0
Annual-Detailed-Budget-2022.pdf,2022,152011,Search fees,APRIL,1500.0
Annual-Detailed-Budget-2022.pdf,2022,152011,Search fees,MAY,2400.0
Annual-Detailed-Budget-2022.pdf,2022,152013,Market fees,APPROVED BUDGET,845840.0
Annual-Detailed-Budget-2022.pdf,2022,152013,Market fees,QUARTERLY BUDGETORY PROVISION,211460.0
Annual-Detailed-Budget-2022.pdf,2022,152013,Market fees,JANUARY,40991.0
Annual-Detailed-Budget-2022.pdf,2022,152013,Market fees,FEBRUARY,32085.0
Annual-Detailed-Budget-2022.pdf,2022,152013,Market fees,MARCH,47328.5
Annual-Detailed-Budget-2022.pdf,2022,152013,Market fees,CUMMULATIVE JAN - MARCH,120404.5
Annual-Detailed-Budget-2022.pdf,2022,152013,Market fees,APRIL,54519.0
Annual-Detailed-Budget-2022.pdf,2022,152013,Market fees,MAY,52724.0
Annual-Detailed-Budget-2022.pdf,2022,152014,Parking fees,APPROVED BUDGET,200000.0
Annual-Detailed-Budget-2022.pdf,2022,152014,Parking fees,QUARTERLY BUDGETORY PROVISION,50000.0
Annual-Detailed-Budget-2022.pdf,2022,152014,Parking fees,JANUARY,17493.5
Annual-Detailed-Budget-2022.pdf,2022,152014,Parking fees,FEBRUARY,15347.9
Annual-Detailed-Budget-2022.pdf,2022,152014,Parking fees,MARCH,19255.5
Annual-Detailed-Budget-2022.pdf,2022,152014,Parking fees,CUMMULATIVE JAN - MARCH,52096.9
Annual-Detailed-Budget-2022.pdf,2022,152014,Parking fees,APRIL,17795.0
Annual-Detailed-Budget-2022.pdf,2022,152014,Parking fees,MAY,18175.0
Annual-Detailed-Budget-2022.pdf,2022,152016,Bus station fees,APPROVED BUDGET,674090.0
Annual-Detailed-Budget-2022.pdf,2022,152016,Bus station fees,QUARTERLY BUDGETORY PROVISION,168522.5
Annual-Detailed-Budget-2022.pdf,2022,152016,Bus station fees,JANUARY,57356.5
Annual-Detailed-Budget-2022.pdf,2022,152016,Bus station fees,FEBRUARY,44632.4
Annual-Detailed-Budget-2022.pdf,2022,152016,Bus station fees,MARCH,52867.5
Annual-Detailed-Budget-2022.pdf,2022,152016,Bus station fees,CUMMULATIVE JAN - MARCH,154856.4
Annual-Detailed-Budget-2022.pdf,2022,152016,Bus station fees,APRIL,71879.0
Annual-Detailed-Budget-2022.pdf,2022,152016,Bus station fees,MAY,52910.0
Annual-Detailed-Budget-2022.pdf,2022,152017,Affidavit fees,APPROVED BUDGET,16400.0
Annual-Detailed-Budget-2022.pdf,2022,152017,Affidavit fees,QUARTERLY BUDGETORY PROVISION,4100.0
Annual-Detailed-Budget-2022.pdf,2022,152017,Affidavit fees,JANUARY,1050.0
Annual-Detailed-Budget-2022.pdf,2022,152017,Affidavit fees,FEBRUARY,690.0
Annual-Detailed-Budget-2022.pdf,2022,152017,Affidavit fees,MARCH,670.0
Annual-Detailed-Budget-2022.pdf,2022,152017,Affidavit fees,CUMMULATIVE JAN - MARCH,2410.0
Annual-Detailed-Budget-2022.pdf,2022,152017,Affidavit fees,APRIL,1638.0
Annual-Detailed-Budget-2022.pdf,2022,152017,Affidavit fees,MAY,3880.0
Annual-Detailed-Budget-2022.pdf,2022,152020,Hire of Halls,QUARTERLY BUDGETORY PROVISION,8500.0
Annual-Detailed-Budget-2022.pdf,2022,152020,Hire of Halls,JANUARY,500.0
Annual-Detailed-Budget-2022.pdf,2022,152020,Hire of Halls,FEBRUARY,500.0
Annual-Detailed-Budget-2022.pdf,2022,152020,Hire of Halls,MARCH,500.0
Annual-Detailed-Budget-2022.pdf,2022,152020,Hire of Halls,CUMMULATIVE JAN - MARCH,1500.0
Annual-Detailed-Budget-2022.pdf,2022,152020,Hire of Halls,APRIL,500.0
Annual-Detailed-Budget-2022.pdf,2022,152020,Hire of Halls,MAY,3000.0
Annual-Detailed-Budget-2022.pdf,2022,152025,Grave reservation,JANUARY,2100.0
Annual-Detailed-Budget-2022.pdf,2022,152025,Grave reservation,FEBRUARY,3000.0
Annual-Detailed-Budget-2022.pdf,2022,152025,Grave reservation,MARCH,2600.0
Annual-Detailed-Budget-2022.pdf,2022,152025,Grave reservation,CUMMULATIVE JAN - MARCH,7700.0
Annual-Detailed-Budget-2022.pdf,2022,152025,Grave reservation,APRIL,1000.0
Annual-Detailed-Budget-2022.pdf,2022,152030,Course Fees,APPROVED BUDGET,25000.0
Annual-Detailed-Budget-2022.pdf,2022,152030,Course Fees,QUARTERLY BUDGETORY PROVISION,6250.0
Annual-Detailed-Budget-2022.pdf,2022,152030,Course Fees,MARCH,500.0
Annual-Detailed-Budget-2022.pdf,2022,152030,Course Fees,CUMMULATIVE JAN - MARCH,500.0
Annual-Detailed-Budget-2022.pdf,2022,152033,Refuse disposal,APPROVED BUDGET,133200.0
Annual-Detailed-Budget-2022.pdf,2022,152033,Refuse disposal,QUARTERLY BUDGETORY PROVISION,33300.0
Annual-Detailed-Budget-2022.pdf,2022,152033,Refuse disposal,JANUARY,4750.0
Annual-Detailed-Budget-2022.pdf,2022,152033,Refuse disposal,FEBRUARY,3042.0
Annual-Detailed-Budget-2022.pdf,2022,152033,Refuse disposal,MARCH,1700.0
Annual-Detailed-Budget-2022.pdf,2022,152033,Refuse disposal,CUMMULATIVE JAN - MARCH,9492.0
Annual-Detailed-Budget-2022.pdf,2022,152033,Refuse disposal,APRIL,7935.0
Annual-Detailed-Budget-2022.pdf,2022,152033,Refuse disposal,MAY,3420.0
Annual-Detailed-Budget-2022.pdf,2022,152038,Library membership fees/Course fees,APPROVED BUDGET,13490.0
Annual-Detailed-Budget-2022.pdf,2022,152038,Library membership fees/Course fees,QUARTERLY BUDGETORY PROVISION,3372.5
Annual-Detailed-Budget-2022.pdf,2022,152038,Library membership fees/Course fees,JANUARY,766.0
Annual-Detailed-Budget-2022.pdf,2022,152038,Library membership fees/Course fees,FEBRUARY,536.0
Annual-Detailed-Budget-2022.pdf,2022,152038,Library membership fees/Course fees,MARCH,1393.0
Annual-Detailed-Budget-2022.pdf,2022,152038,Library membership fees/Course fees,CUMMULATIVE JAN - MARCH,2695.0
Annual-Detailed-Budget-2022.pdf,2022,152038,Library membership fees/Course fees,APRIL,1727.0
Annual-Detailed-Budget-2022.pdf,2022,152038,Library membership fees/Course fees,MAY,792.0
Annual-Detailed-Budget-2022.pdf,2022,152045,Notice of marriage fees,APPROVED BUDGET,115000.0
Annual-Detailed-Budget-2022.pdf,2022,152045,Notice of marriage fees,QUARTERLY BUDGETORY PROVISION,28750.0
Annual-Detailed-Budget-2022.pdf,2022,152045,Notice of marriage fees,JANUARY,3950.0
Annual-Detailed-Budget-2022.pdf,2022,152045,Notice of marriage fees,FEBRUARY,3000.0
Annual-Detailed-Budget-2022.pdf,2022,152045,Notice of marriage fees,MARCH,1300.0
Annual-Detailed-Budget-2022.pdf,2022,152045,Notice of marriage fees,CUMMULATIVE JAN - MARCH,8250.0
Annual-Detailed-Budget-2022.pdf,2022,152045,Notice of marriage fees,APRIL,7700.0
Annual-Detailed-Budget-2022.pdf,2022,152045,Notice of marriage fees,MAY,6200.0
Annual-Detailed-Budget-2022.pdf,2022,152046,Abbatoir/meat inspection fees,APPROVED BUDGET,36000.0
Annual-Detailed-Budget-2022.pdf,2022,152046,Abbatoir/meat inspection fees,QUARTERLY BUDGETORY PROVISION,9000.0
Annual-Detailed-Budget-2022.pdf,2022,152046,Abbatoir/meat inspection fees,JANUARY,3200.0
Annual-Detailed-Budget-2022.pdf,2022,152046,Abbatoir/meat inspection fees,FEBRUARY,3100.0
Annual-Detailed-Budget-2022.pdf,2022,152046,Abbatoir/meat inspection fees,MARCH,1600.0
Annual-Detailed-Budget-2022.pdf,2022,152046,Abbatoir/meat inspection fees,CUMMULATIVE JAN - MARCH,7900.0
Annual-Detailed-Budget-2022.pdf,2022,152046,Abbatoir/meat inspection fees,APRIL,1400.0
Annual-Detailed-Budget-2022.pdf,2022,152046,Abbatoir/meat inspection fees,MAY,2100.0
Annual-Detailed-Budget-2022.pdf,2022,152047,Clubs and Societies,APPROVED BUDGET,9600.0
Annual-Detailed-Budget-2022.pdf,2022,152047,Clubs and Societies,QUARTERLY BUDGETORY PROVISION,2400.0
Annual-Detailed-Budget-2022.pdf,2022,152047,Clubs and Societies,JANUARY,500.0
Annual-Detailed-Budget-2022.pdf,2022,152047,Clubs and Societies,FEBRUARY,800.0
Annual-Detailed-Budget-2022.pdf,2022,152047,Clubs and Societies,MARCH,800.0
Annual-Detailed-Budget-2022.pdf,2022,152047,Clubs and Societies,CUMMULATIVE JAN - MARCH,2100.0
Annual-Detailed-Budget-2022.pdf,2022,152047,Clubs and Societies,APRIL,17900.0
Annual-Detailed-Budget-2022.pdf,2022,152047,Clubs and Societies,MAY,13900.0
Annual-Detailed-Budget-2022.pdf,2022,152050,Farm produce levy,APPROVED BUDGET,20000.0
Annual-Detailed-Budget-2022.pdf,2022,152050,Farm produce levy,QUARTERLY BUDGETORY PROVISION,5000.0
Annual-Detailed-Budget-2022.pdf,2022,152053,Communication mast levy,APPROVED BUDGET,180000.0
Annual-Detailed-Budget-2022.pdf,2022,152053,Communication mast levy,QUARTERLY BUDGETORY PROVISION,45000.0
Annual-Detailed-Budget-2022.pdf,2022,152053,Communication mast levy,FEBRUARY,157500.0
Annual-Detailed-Budget-2022.pdf,2022,152053,Communication mast levy,CUMMULATIVE JAN - MARCH,157500.0
Annual-Detailed-Budget-2022.pdf,2022,152054,Illegal parking of vehicles,APPROVED BUDGET,24600.0
Annual-Detailed-Budget-2022.pdf,2022,152054,Illegal parking of vehicles,QUARTERLY BUDGETORY PROVISION,6150.0
Annual-Detailed-Budget-2022.pdf,2022,152058,Land records,APPROVED BUDGET,56880.0
Annual-Detailed-Budget-2022.pdf,2022,152058,Land records,QUARTERLY BUDGETORY PROVISION,14220.0
Annual-Detailed-Budget-2022.pdf,2022,152061,Billboards and banners,APPROVED BUDGET,388990.0
Annual-Detailed-Budget-2022.pdf,2022,152061,Billboards and banners,QUARTERLY BUDGETORY PROVISION,97247.5
Annual-Detailed-Budget-2022.pdf,2022,152061,Billboards and banners,JANUARY,15330.0
Annual-Detailed-Budget-2022.pdf,2022,152061,Billboards and banners,FEBRUARY,6716.0
Annual-Detailed-Budget-2022.pdf,2022,152061,Billboards and banners,MARCH,5690.0
Annual-Detailed-Budget-2022.pdf,2022,152061,Billboards and banners,CUMMULATIVE JAN - MARCH,27736.0
Annual-Detailed-Budget-2022.pdf,2022,152061,Billboards and banners,APRIL,1825.0
Annual-Detailed-Budget-2022.pdf,2022,152061,Billboards and banners,MAY,31848.0
Annual-Detailed-Budget-2022.pdf,2022,152062,Lease of Council Transport,APPROVED BUDGET,271800.0
Annual-Detailed-Budget-2022.pdf,2022,152062,Lease of Council Transport,QUARTERLY BUDGETORY PROVISION,67950.0
Annual-Detailed-Budget-2022.pdf,2022,152064,Penalties,APPROVED BUDGET,135000.0
Annual-Detailed-Budget-2022.pdf,2022,152064,Penalties,QUARTERLY BUDGETORY PROVISION,33750.0
Annual-Detailed-Budget-2022.pdf,2022,152064,Penalties,JANUARY,32208.0
Annual-Detailed-Budget-2022.pdf,2022,152064,Penalties,FEBRUARY,8350.0
Annual-Detailed-Budget-2022.pdf,2022,152064,Penalties,MARCH,4609.0
Annual-Detailed-Budget-2022.pdf,2022,152064,Penalties,CUMMULATIVE JAN - MARCH,45167.0
Annual-Detailed-Budget-2022.pdf,2022,152064,Penalties,APRIL,3600.0
Annual-Detailed-Budget-2022.pdf,2022,152064,Penalties,MAY,450.0
Annual-Detailed-Budget-2022.pdf,2022,152065,Site Rent,APPROVED BUDGET,225000.0
Annual-Detailed-Budget-2022.pdf,2022,152065,Site Rent,QUARTERLY BUDGETORY PROVISION,56250.0
Annual-Detailed-Budget-2022.pdf,2022,152065,Site Rent,JANUARY,75849.12
Annual-Detailed-Budget-2022.pdf,2022,152065,Site Rent,MARCH,72000.0
Annual-Detailed-Budget-2022.pdf,2022,152065,Site Rent,CUMMULATIVE JAN - MARCH,147849.12
Annual-Detailed-Budget-2022.pdf,2022,152067,Medical fees,APPROVED BUDGET,15000.0
Annual-Detailed-Budget-2022.pdf,2022,152067,Medical fees,QUARTERLY BUDGETORY PROVISION,3750.0
Annual-Detailed-Budget-2022.pdf,2022,152067,Medical fees,JANUARY,4835.0
Annual-Detailed-Budget-2022.pdf,2022,152067,Medical fees,FEBRUARY,850.0
Annual-Detailed-Budget-2022.pdf,2022,152067,Medical fees,MARCH,1000.0
Annual-Detailed-Budget-2022.pdf,2022,152067,Medical fees,CUMMULATIVE JAN - MARCH,6685.0
Annual-Detailed-Budget-2022.pdf,2022,152067,Medical fees,APRIL,1800.0
Annual-Detailed-Budget-2022.pdf,2022,152067,Medical fees,MAY,500.0
Annual-Detailed-Budget-2022.pdf,2022,152069,Change of ownership,APPROVED BUDGET,175800.0
Annual-Detailed-Budget-2022.pdf,2022,152069,Change of ownership,QUARTERLY BUDGETORY PROVISION,43950.0
Annual-Detailed-Budget-2022.pdf,2022,152069,Change of ownership,JANUARY,7030.0
Annual-Detailed-Budget-2022.pdf,2022,152069,Change of ownership,FEBRUARY,22528.0
Annual-Detailed-Budget-2022.pdf,2022,152069,Change of ownership,MARCH,8406.25
Annual-Detailed-Budget-2022.pdf,2022,152069,Change of ownership,CUMMULATIVE JAN - MARCH,37964.25
Annual-Detailed-Budget-2022.pdf,2022,152069,Change of ownership,APRIL,18875.0
Annual-Detailed-Budget-2022.pdf,2022,152069,Change of ownership,MAY,23933.16
Annual-Detailed-Budget-2022.pdf,2022,152099,Other fees and charges,APPROVED BUDGET,483700.0
Annual-Detailed-Budget-2022.pdf,2022,152099,Other fees and charges,QUARTERLY BUDGETORY PROVISION,120925.0
Annual-Detailed-Budget-2022.pdf,2022,152099,Other fees and charges,JANUARY,82162.94
Annual-Detailed-Budget-2022.pdf,2022,152099,Other fees and charges,FEBRUARY,36201.5
Annual-Detailed-Budget-2022.pdf,2022,152099,Other fees and charges,MARCH,19172.94
Annual-Detailed-Budget-2022.pdf,2022,152099,Other fees and charges,CUMMULATIVE JAN - MARCH,137537.38
Annual-Detailed-Budget-2022.pdf,2022,152099,Other fees and charges,APRIL,72845.4
Annual-Detailed-Budget-2022.pdf,2022,152099,Other fees and charges,MAY,58630.24
Annual-Detailed-Budget-2022.pdf,2022,,Sub Total,APPROVED BUDGET,6338487.0
Annual-Detailed-Budget-2022.pdf,2022,,Sub Total,QUARTERLY BUDGETORY PROVISION,1584621.75
Annual-Detailed-Budget-2022.pdf,2022,,Sub Total,JANUARY,519483.88
Annual-Detailed-Budget-2022.pdf,2022,,Sub Total,FEBRUARY,506345.3
Annual-Detailed-Budget-2022.pdf,2022,,Sub Total,MARCH,331621.55
Annual-Detailed-Budget-2022.pdf,2022,,Sub Total,CUMMULATIVE JAN - MARCH,1357450.73
Annual-Detailed-Budget-2022.pdf,2022,,Sub Total,APRIL,374078.64
Annual-Detailed-Budget-2022.pdf,2022,,Sub Total,MAY,507018.85
Annual-Detailed-Budget-2022.pdf,2022,153001,Liquor licence,APPROVED BUDGET,19200.0
Annual-Detailed-Budget-2022.pdf,2022,153001,Liquor licence,QUARTERLY BUDGETORY PROVISION,4800.0
Annual-Detailed-Budget-2022.pdf,2022,153001,Liquor licence,JANUARY,25881.74
Annual-Detailed-Budget-2022.pdf,2022,153001,Liquor licence,FEBRUARY,2970.0
Annual-Detailed-Budget-2022.pdf,2022,153001,Liquor licence,MARCH,2400.0
Annual-Detailed-Budget-2022.pdf,2022,153001,Liquor licence,CUMMULATIVE JAN - MARCH,31251.74
Annual-Detailed-Budget-2022.pdf,2022,153001,Liquor licence,APRIL,240.0
Annual-Detailed-Budget-2022.pdf,2022,153001,Liquor licence,MAY,720.0
Annual-Detailed-Budget-2022.pdf,2022,153002,Firearm and ammunition licence,JANUARY,1250.0
Annual-Detailed-Budget-2022.pdf,2022,153002,Firearm and ammunition licence,FEBRUARY,3100.0
Annual-Detailed-Budget-2022.pdf,2022,153002,Firearm and ammunition licence,MARCH,1200.0
Annual-Detailed-Budget-2022.pdf,2022,153002,Firearm and ammunition licence,CUMMULATIVE JAN - MARCH,5550.0
Annual-Detailed-Budget-2022.pdf,2022,153002,Firearm and ammunition licence,APRIL,1050.0
Annual-Detailed-Budget-2022.pdf,2022,153002,Firearm and ammunition licence,MAY,2960.0
Annual-Detailed-Budget-2022.pdf,2022,153003,Dog licences,APPROVED BUDGET,40000.0
Annual-Detailed-Budget-2022.pdf,2022,153003,Dog licences,QUARTERLY BUDGETORY PROVISION,10000.0
Annual-Detailed-Budget-2022.pdf,2022,153003,Dog licences,FEBRUARY,150.0
Annual-Detailed-Budget-2022.pdf,2022,153003,Dog licences,MARCH,150.0
Annual-Detailed-Budget-2022.pdf,2022,153003,Dog licences,CUMMULATIVE JAN - MARCH,300.0
Annual-Detailed-Budget-2022.pdf,2022,153003,Dog licences,APRIL,100.0
Annual-Detailed-Budget-2022.pdf,2022,153003,Dog licences,MAY,50.0
Annual-Detailed-Budget-2022.pdf,2022,153055,Ocupancy licence,MARCH,9925.0
Annual-Detailed-Budget-2022.pdf,2022,153055,Ocupancy licence,CUMMULATIVE JAN - MARCH,9925.0
Annual-Detailed-Budget-2022.pdf,2022,153055,Ocupancy licence,APRIL,8325.0
Annual-Detailed-Budget-2022.pdf,2022,153055,Ocupancy licence,MAY,6650.0
Annual-Detailed-Budget-2022.pdf,2022,153099,Other licences,FEBRUARY,250.0
Annual-Detailed-Budget-2022.pdf,2022,153099,Other licences,MARCH,250.0
Annual-Detailed-Budget-2022.pdf,2022,153099,Other licences,CUMMULATIVE JAN - MARCH,500.0
Annual-Detailed-Budget-2022.pdf,2022,153099,Other licences,APRIL,500.0
Annual-Detailed-Budget-2022.pdf,2022,,SUB TOTAL,APPROVED BUDGET,180700.0
Annual-Detailed-Budget-2022.pdf,2022,,SUB TOTAL,QUARTERLY BUDGETORY PROVISION,45175.0
Annual-Detailed-Budget-2022.pdf,2022,,SUB TOTAL,JANUARY,31081.74
Annual-Detailed-Budget-2022.pdf,2022,,SUB TOTAL,FEBRUARY,34246.5
Annual-Detailed-Budget-2022.pdf,2022,,SUB TOTAL,MARCH,13925.0
Annual-Detailed-Budget-2022.pdf,2022,,SUB TOTAL,CUMMULATIVE JAN - MARCH,79253.24
Annual-Detailed-Budget-2022.pdf,2022,,SUB TOTAL,APRIL,10215.0
Annual-Detailed-Budget-2022.pdf,2022,,SUB TOTAL,MAY,10380.0
Annual-Detailed-Budget-2022.pdf,2022,154002,Birds levy,APPROVED BUDGET,39000.0
Annual-Detailed-Budget-2022.pdf,2022,154002,Birds levy,QUARTERLY BUDGETORY PROVISION,9750.0
Annual-Detailed-Budget-2022.pdf,2022,154002,Birds levy,APRIL,12000.0
Annual-Detailed-Budget-2022.pdf,2022,154004,Pole levy,APPROVED BUDGET,12564.6
Annual-Detailed-Budget-2022.pdf,2022,154004,Pole levy,QUARTERLY BUDGETORY PROVISION,3141.15
Annual-Detailed-Budget-2022.pdf,2022,154004,Pole levy,MAY,6130.0
Annual-Detailed-Budget-2022.pdf,2022,154010,Business Levy,APPROVED BUDGET,634000.0
Annual-Detailed-Budget-2022.pdf,2022,154010,Business Levy,QUARTERLY BUDGETORY PROVISION,158500.0
Annual-Detailed-Budget-2022.pdf,2022,154010,Business Levy,JANUARY,147264.5
Annual-Detailed-Budget-2022.pdf,2022,154010,Business Levy,FEBRUARY,55029.63
Annual-Detailed-Budget-2022.pdf,2022,154010,Business Levy,MARCH,71320.8
Annual-Detailed-Budget-2022.pdf,2022,154010,Business Levy,CUMMULATIVE JAN - MARCH,273614.93
Annual-Detailed-Budget-2022.pdf,2022,154010,Business Levy,APRIL,22900.5
Annual-Detailed-Budget-2022.pdf,2022,154010,Business Levy,MAY,5096.5
Annual-Detailed-Budget-2022.pdf,2022,154060,Petroleum licence,APPROVED BUDGET,167400.0
Annual-Detailed-Budget-2022.pdf,2022,154060,Petroleum licence,QUARTERLY BUDGETORY PROVISION,41850.0
Annual-Detailed-Budget-2022.pdf,2022,154060,Petroleum licence,JANUARY,13500.0
Annual-Detailed-Budget-2022.pdf,2022,154060,Petroleum licence,FEBRUARY,20518.0
Annual-Detailed-Budget-2022.pdf,2022,154060,Petroleum licence,CUMMULATIVE JAN - MARCH,34018.0
Annual-Detailed-Budget-2022.pdf,2022,154060,Petroleum licence,MAY,4897.5
Annual-Detailed-Budget-2022.pdf,2022,154099,Miscellaneous levies,JANUARY,6999.62
Annual-Detailed-Budget-2022.pdf,2022,154099,Miscellaneous levies,FEBRUARY,3230.0
Annual-Detailed-Budget-2022.pdf,2022,154099,Miscellaneous levies,MARCH,4810.06
Annual-Detailed-Budget-2022.pdf,2022,154099,Miscellaneous levies,CUMMULATIVE JAN - MARCH,15039.68
Annual-Detailed-Budget-2022.pdf,2022,154099,Miscellaneous levies,APRIL,5350.0
Annual-Detailed-Budget-2022.pdf,2022,154099,Miscellaneous levies,MAY,4869.87
Annual-Detailed-Budget-2022.pdf,2022,,Sub Total,APPROVED BUDGET,852964.6
Annual-Detailed-Budget-2022.pdf,2022,,Sub Total,QUARTERLY BUDGETORY PROVISION,213241.15
Annual-Detailed-Budget-2022.pdf,2022,,Sub Total,JANUARY,167764.12
Annual-Detailed-Budget-2022.pdf,2022,,Sub Total,FEBRUARY,78777.63
Annual-Detailed-Budget-2022.pdf,2022,,Sub Total,MARCH,76130.86
Annual-Detailed-Budget-2022.pdf,2022,,Sub Total,CUMMULATIVE JAN - MARCH,322672.61
Annual-Detailed-Budget-2022.pdf,2022,,Sub Total,APRIL,40250.5
Annual-Detailed-Budget-2022.pdf,2022,,Sub Total,MAY,20993.87
Annual-Detailed-Budget-2022.pdf,2022,155001,Health Permits,APPROVED BUDGET,582500.0
Annual-Detailed-Budget-2022.pdf,2022,155001,Health Permits,QUARTERLY BUDGETORY PROVISION,145625.0
Annual-Detailed-Budget-2022.pdf,2022,155001,Health Permits,JANUARY,102075.0
Annual-Detailed-Budget-2022.pdf,2022,155001,Health Permits,FEBRUARY,36096.0
Annual-Detailed-Budget-2022.pdf,2022,155001,Health Permits,MARCH,22580.0
Annual-Detailed-Budget-2022.pdf,2022,155001,Health Permits,CUMMULATIVE JAN - MARCH,160751.0
Annual-Detailed-Budget-2022.pdf,2022,155001,Health Permits,APRIL,2700.0
Annual-Detailed-Budget-2022.pdf,2022,155001,Health Permits,MAY,10755.0
Annual-Detailed-Budget-2022.pdf,2022,155002,Permit for opaque beer,JANUARY,2260.0
Annual-Detailed-Budget-2022.pdf,2022,155002,Permit for opaque beer,MARCH,500.0
Annual-Detailed-Budget-2022.pdf,2022,155002,Permit for opaque beer,CUMMULATIVE JAN - MARCH,2760.0
Annual-Detailed-Budget-2022.pdf,2022,155003,Herbalists,APPROVED BUDGET,750.0
Annual-Detailed-Budget-2022.pdf,2022,155003,Herbalists,QUARTERLY BUDGETORY PROVISION,187.5
Annual-Detailed-Budget-2022.pdf,2022,155003,Herbalists,FEBRUARY,490.0
Annual-Detailed-Budget-2022.pdf,2022,155003,Herbalists,CUMMULATIVE JAN - MARCH,490.0
Annual-Detailed-Budget-2022.pdf,2022,155004,transportation of milk/bakery/eggs,APPROVED BUDGET,26400.0
Annual-Detailed-Budget-2022.pdf,2022,155004,transportation of milk/bakery/eggs,QUARTERLY BUDGETORY PROVISION,6600.0
Annual-Detailed-Budget-2022.pdf,2022,155007,"Nursery, pre-school permits",APPROVED BUDGET,54000.0
Annual-Detailed-Budget-2022.pdf,2022,155007,"Nursery, pre-school permits",QUARTERLY BUDGETORY PROVISION,13500.0
Annual-Detailed-Budget-2022.pdf,2022,155008,Burial permits and grave sites,APPROVED BUDGET,347000.0
Annual-Detailed-Budget-2022.pdf,2022,155008,Burial permits and grave sites,QUARTERLY BUDGETORY PROVISION,86750.0
Annual-Detailed-Budget-2022.pdf,2022,155008,Burial permits and grave sites,JANUARY,24760.88
Annual-Detailed-Budget-2022.pdf,2022,155008,Burial permits and grave sites,FEBRUARY,9201.0
Annual-Detailed-Budget-2022.pdf,2022,155008,Burial permits and grave sites,MARCH,14245.86
Annual-Detailed-Budget-2022.pdf,2022,155008,Burial permits and grave sites,CUMMULATIVE JAN - MARCH,48207.74
Annual-Detailed-Budget-2022.pdf,2022,155008,Burial permits and grave sites,APRIL,24870.0
Annual-Detailed-Budget-2022.pdf,2022,155008,Burial permits and grave sites,MAY,21395.0
Annual-Detailed-Budget-2022.pdf,2022,155009,Fire Certificate,APPROVED BUDGET,364700.0
Annual-Detailed-Budget-2022.pdf,2022,155009,Fire Certificate,QUARTERLY BUDGETORY PROVISION,91175.0
Annual-Detailed-Budget-2022.pdf,2022,155009,Fire Certificate,JANUARY,59600.0
Annual-Detailed-Budget-2022.pdf,2022,155009,Fire Certificate,FEBRUARY,68681.0
Annual-Detailed-Budget-2022.pdf,2022,155009,Fire Certificate,MARCH,15446.0
Annual-Detailed-Budget-2022.pdf,2022,155009,Fire Certificate,CUMMULATIVE JAN - MARCH,143727.0
Annual-Detailed-Budget-2022.pdf,2022,155009,Fire Certificate,APRIL,4340.0
Annual-Detailed-Budget-2022.pdf,2022,155009,Fire Certificate,MAY,10482.0
Annual-Detailed-Budget-2022.pdf,2022,155010,Extension of business hours permits,APPROVED BUDGET,3600.0
Annual-Detailed-Budget-2022.pdf,2022,155010,Extension of business hours permits,QUARTERLY BUDGETORY PROVISION,900.0
Annual-Detailed-Budget-2022.pdf,2022,155012,Public permits(Social gatherings),APPROVED BUDGET,24000.0
Annual-Detailed-Budget-2022.pdf,2022,155012,Public permits(Social gatherings),QUARTERLY BUDGETORY PROVISION,6000.0
Annual-Detailed-Budget-2022.pdf,2022,155099,Other perrmits,APPROVED BUDGET,87660.0
Annual-Detailed-Budget-2022.pdf,2022,155099,Other perrmits,QUARTERLY BUDGETORY PROVISION,21915.0
Annual-Detailed-Budget-2022.pdf,2022,155099,Other perrmits,JANUARY,4532.0
Annual-Detailed-Budget-2022.pdf,2022,155099,Other perrmits,FEBRUARY,6899.9
Annual-Detailed-Budget-2022.pdf,2022,155099,Other perrmits,MARCH,3160.0
Annual-Detailed-Budget-2022.pdf,2022,155099,Other perrmits,CUMMULATIVE JAN - MARCH,14591.9
Annual-Detailed-Budget-2022.pdf,2022,155099,Other perrmits,APRIL,3510.0
Annual-Detailed-Budget-2022.pdf,2022,155099,Other perrmits,MAY,6440.0
Annual-Detailed-Budget-2022.pdf,2022,,Sub total,APPROVED BUDGET,1490610.0
Annual-Detailed-Budget-2022.pdf,2022,,Sub total,QUARTERLY BUDGETORY PROVISION,372652.5
Annual-Detailed-Budget-2022.pdf,2022,,Sub total,JANUARY,193227.88
Annual-Detailed-Budget-2022.pdf,2022,,Sub total,FEBRUARY,121367.9
Annual-Detailed-Budget-2022.pdf,2022,,Sub total,MARCH,55931.86
Annual-Detailed-Budget-2022.pdf,2022,,Sub total,CUMMULATIVE JAN - MARCH,370527.64
Annual-Detailed-Budget-2022.pdf,2022,,Sub total,APRIL,35420.0
Annual-Detailed-Budget-2022.pdf,2022,,Sub total,MAY,49072.0
Annual-Detailed-Budget-2022.pdf,2022,156001,Service charges-Residential plots,APPROVED BUDGET,50000.0
Annual-Detailed-Budget-2022.pdf,2022,156001,Service charges-Residential plots,QUARTERLY BUDGETORY PROVISION,12500.0
Annual-Detailed-Budget-2022.pdf,2022,156001,Service charges-Residential plots,JANUARY,3000.0
Annual-Detailed-Budget-2022.pdf,2022,156001,Service charges-Residential plots,MARCH,100.0
Annual-Detailed-Budget-2022.pdf,2022,156001,Service charges-Residential plots,CUMMULATIVE JAN - MARCH,3100.0
Annual-Detailed-Budget-2022.pdf,2022,156001,Service charges-Residential plots,APRIL,3500.0
Annual-Detailed-Budget-2022.pdf,2022,156002,Service charges - Industrial plots,APPROVED BUDGET,1112500.0
Annual-Detailed-Budget-2022.pdf,2022,156002,Service charges - Industrial plots,QUARTERLY BUDGETORY PROVISION,278125.0
Annual-Detailed-Budget-2022.pdf,2022,156002,Service charges - Industrial plots,MARCH,50191.5
Annual-Detailed-Budget-2022.pdf,2022,156002,Service charges - Industrial plots,CUMMULATIVE JAN - MARCH,50191.5
Annual-Detailed-Budget-2022.pdf,2022,156003,Premium Plot- Residential,APPROVED BUDGET,2325000.0
Annual-Detailed-Budget-2022.pdf,2022,156003,Premium Plot- Residential,QUARTERLY BUDGETORY PROVISION,581250.0
Annual-Detailed-Budget-2022.pdf,2022,156003,Premium Plot- Residential,JANUARY,54903.0
Annual-Detailed-Budget-2022.pdf,2022,156003,Premium Plot- Residential,FEBRUARY,56850.0
Annual-Detailed-Budget-2022.pdf,2022,156003,Premium Plot- Residential,MARCH,53768.5
Annual-Detailed-Budget-2022.pdf,2022,156003,Premium Plot- Residential,CUMMULATIVE JAN - MARCH,165521.5
Annual-Detailed-Budget-2022.pdf,2022,156003,Premium Plot- Residential,APRIL,78300.0
Annual-Detailed-Budget-2022.pdf,2022,156003,Premium Plot- Residential,MAY,150150.0
Annual-Detailed-Budget-2022.pdf,2022,156004,Premium Plot - Commercial,APPROVED BUDGET,1250000.0
Annual-Detailed-Budget-2022.pdf,2022,156004,Premium Plot - Commercial,QUARTERLY BUDGETORY PROVISION,312500.0
Annual-Detailed-Budget-2022.pdf,2022,156004,Premium Plot - Commercial,JANUARY,4050.0
Annual-Detailed-Budget-2022.pdf,2022,156004,Premium Plot - Commercial,FEBRUARY,13450.0
Annual-Detailed-Budget-2022.pdf,2022,156004,Premium Plot - Commercial,MARCH,54550.0
Annual-Detailed-Budget-2022.pdf,2022,156004,Premium Plot - Commercial,CUMMULATIVE JAN - MARCH,72050.0
Annual-Detailed-Budget-2022.pdf,2022,156004,Premium Plot - Commercial,APRIL,38850.0
Annual-Detailed-Budget-2022.pdf,2022,156004,Premium Plot - Commercial,MAY,48850.0
Annual-Detailed-Budget-2022.pdf,2022,156099,Other charges,JANUARY,1966.0
Annual-Detailed-Budget-2022.pdf,2022,156099,Other charges,FEBRUARY,5031.0
Annual-Detailed-Budget-2022.pdf,2022,156099,Other charges,MARCH,4480.0
Annual-Detailed-Budget-2022.pdf,2022,156099,Other charges,CUMMULATIVE JAN - MARCH,11477.0
Annual-Detailed-Budget-2022.pdf,2022,156099,Other charges,APRIL,6772.0
Annual-Detailed-Budget-2022.pdf,2022,156099,Other charges,MAY,1785.0
Annual-Detailed-Budget-2022.pdf,2022,,Sub total,APPROVED BUDGET,4737500.0
Annual-Detailed-Budget-2022.pdf,2022,,Sub total,QUARTERLY BUDGETORY PROVISION,1184375.0
Annual-Detailed-Budget-2022.pdf,2022,,Sub total,JANUARY,63919.0
Annual-Detailed-Budget-2022.pdf,2022,,Sub total,FEBRUARY,75331.0
Annual-Detailed-Budget-2022.pdf,2022,,Sub total,MARCH,163090.0
Annual-Detailed-Budget-2022.pdf,2022,,Sub total,CUMMULATIVE JAN - MARCH,302340.0
Annual-Detailed-Budget-2022.pdf,2022,,Sub total,APRIL,127422.0
Annual-Detailed-Budget-2022.pdf,2022,,Sub total,MAY,200785.0
Annual-Detailed-Budget-2022.pdf,2022,157001,Interest on investments,APPROVED BUDGET,20000.0
Annual-Detailed-Budget-2022.pdf,2022,157001,Interest on investments,QUARTERLY BUDGETORY PROVISION,5000.0
Annual-Detailed-Budget-2022.pdf,2022,157002,Profit from Council Ventures,APPROVED BUDGET,100000.0
Annual-Detailed-Budget-2022.pdf,2022,157002,Profit from Council Ventures,QUARTERLY BUDGETORY PROVISION,25000.0
Annual-Detailed-Budget-2022.pdf,2022,157003,Donations,APPROVED BUDGET,36000.0
Annual-Detailed-Budget-2022.pdf,2022,157003,Donations,QUARTERLY BUDGETORY PROVISION,9000.0
Annual-Detailed-Budget-2022.pdf,2022,157099,Other income,APPROVED BUDGET,10200.0
Annual-Detailed-Budget-2022.pdf,2022,157099,Other income,QUARTERLY BUDGETORY PROVISION,2550.0
Annual-Detailed-Budget-2022.pdf,2022,157099,Other income,MARCH,45231.49
Annual-Detailed-Budget-2022.pdf,2022,157099,Other income,CUMMULATIVE JAN - MARCH,45231.49
Annual-Detailed-Budget-2022.pdf,2022,157099,Other income,APRIL,30.0
Annual-Detailed-Budget-2022.pdf,2022,157099,Other income,MAY,320.0
Annual-Detailed-Budget-2022.pdf,2022,,Sub total,APPROVED BUDGET,166200.0
Annual-Detailed-Budget-2022.pdf,2022,,Sub total,QUARTERLY BUDGETORY PROVISION,41550.0
Annual-Detailed-Budget-2022.pdf,2022,,Sub total,MARCH,45231.49
Annual-Detailed-Budget-2022.pdf,2022,,Sub total,CUMMULATIVE JAN - MARCH,45231.49
Annual-Detailed-Budget-2022.pdf,2022,,Sub total,APRIL,30.0
Annual-Detailed-Budget-2022.pdf,2022,,Sub total,MAY,320.0
Annual-Detailed-Budget-2022.pdf,2022,158001,Contituency Deveopent Fund,APPROVED BUDGET,51400000.0
Annual-Detailed-Budget-2022.pdf,2022,158001,Contituency Deveopent Fund,QUARTERLY BUDGETORY PROVISION,12850000.0
Annual-Detailed-Budget-2022.pdf,2022,158001,Contituency Deveopent Fund,JANUARY,8607.56
Annual-Detailed-Budget-2022.pdf,2022,158001,Contituency Deveopent Fund,FEBRUARY,1279981.94
Annual-Detailed-Budget-2022.pdf,2022,158001,Contituency Deveopent Fund,MARCH,10340909.56
Annual-Detailed-Budget-2022.pdf,2022,158001,Contituency Deveopent Fund,CUMMULATIVE JAN - MARCH,11629499.06
Annual-Detailed-Budget-2022.pdf,2022,158001,Contituency Deveopent Fund,APRIL,1309095.87
Annual-Detailed-Budget-2022.pdf,2022,158001,Contituency Deveopent Fund,MAY,40360.67
Annual-Detailed-Budget-2022.pdf,2022,158002,Grant in Liue of rates,MAY,150000.0
Annual-Detailed-Budget-2022.pdf,2022,158003,Recurrent grant - LGEF,APPROVED BUDGET,13592580.0
Annual-Detailed-Budget-2022.pdf,2022,158003,Recurrent grant - LGEF,QUARTERLY BUDGETORY PROVISION,3398145.0
Annual-Detailed-Budget-2022.pdf,2022,158003,Recurrent grant - LGEF,FEBRUARY,2121123.36
Annual-Detailed-Budget-2022.pdf,2022,158003,Recurrent grant - LGEF,MARCH,964228.18
Annual-Detailed-Budget-2022.pdf,2022,158003,Recurrent grant - LGEF,CUMMULATIVE JAN - MARCH,3085351.54
Annual-Detailed-Budget-2022.pdf,2022,158003,Recurrent grant - LGEF,APRIL,978640.57
Annual-Detailed-Budget-2022.pdf,2022,158003,Recurrent grant - LGEF,MAY,1014300.61
Annual-Detailed-Budget-2022.pdf,2022,,Sub total,APPROVED BUDGET,64992580.0
Annual-Detailed-Budget-2022.pdf,2022,,Sub total,QUARTERLY BUDGETORY PROVISION,16248145.0
Annual-Detailed-Budget-2022.pdf,2022,,Sub total,JANUARY,8607.56
Annual-Detailed-Budget-2022.pdf,2022,,Sub total,FEBRUARY,3401105.3
Annual-Detailed-Budget-2022.pdf,2022,,Sub total,MARCH,11305137.74
Annual-Detailed-Budget-2022.pdf,2022,,Sub total,CUMMULATIVE JAN - MARCH,14714850.6
Annual-Detailed-Budget-2022.pdf,2022,,Sub total,APRIL,2287736.44
Annual-Detailed-Budget-2022.pdf,2022,,Sub total,MAY,1204661.28
Annual-Detailed-Budget-2022.pdf,2022,321030,Trade debtors/Commercial Venture,APPROVED BUDGET,1166700.0
Annual-Detailed-Budget-2022.pdf,2022,321030,Trade debtors/Commercial Venture,QUARTERLY BUDGETORY PROVISION,291675.0
Annual-Detailed-Budget-2022.pdf,2022,321030,Trade debtors/Commercial Venture,JANUARY,4650.0
Annual-Detailed-Budget-2022.pdf,2022,321030,Trade debtors/Commercial Venture,MARCH,600.0
Annual-Detailed-Budget-2022.pdf,2022,321030,Trade debtors/Commercial Venture,CUMMULATIVE JAN - MARCH,5250.0
Annual-Detailed-Budget-2022.pdf,2022,321040,Rates debtors,APPROVED BUDGET,3455010.74
Annual-Detailed-Budget-2022.pdf,2022,321040,Rates debtors,QUARTERLY BUDGETORY PROVISION,863752.69
Annual-Detailed-Budget-2022.pdf,2022,,Sub total,APPROVED BUDGET,4621710.74
Annual-Detailed-Budget-2022.pdf,2022,,Sub total,QUARTERLY BUDGETORY PROVISION,1155427.69
Annual-Detailed-Budget-2022.pdf,2022,,Sub total,JANUARY,4650.0
Annual-Detailed-Budget-2022.pdf,2022,,Sub total,MARCH,600.0
Annual-Detailed-Budget-2022.pdf,2022,,Sub total,CUMMULATIVE JAN - MARCH,5250.0
Annual-Detailed-Budget-2022.pdf,2022,,GRAND TOTAL INCOME,APPROVED BUDGET,120701408.0
Annual-Detailed-Budget-2022.pdf,2022,,GRAND TOTAL INCOME,QUARTERLY BUDGETORY PROVISION,30175352.0
Annual-Detailed-Budget-2022.pdf,2022,,GRAND TOTAL INCOME,JANUARY,5707587.15
Annual-Detailed-Budget-2022.pdf,2022,,GRAND TOTAL INCOME,FEBRUARY,8187097.68
Annual-Detailed-Budget-2022.pdf,2022,,GRAND TOTAL INCOME,MARCH,14636263.34
Annual-Detailed-Budget-2022.pdf,2022,,GRAND TOTAL INCOME,CUMMULATIVE JAN - MARCH,28530948.17
Annual-Detailed-Budget-2022.pdf,2022,,GRAND TOTAL INCOME,APRIL,5597689.63
Annual-Detailed-Budget-2022.pdf,2022,,GRAND TOTAL INCOME,MAY,4339754.41
Annual-Detailed-Budget-2022.pdf,2022,211310,Management,APPROVED BUDGET,275490.0
Annual-Detailed-Budget-2022.pdf,2022,211310,Management,QUARTERLY BUDGETORY PROVISION,68872.5
Annual-Detailed-Budget-2022.pdf,2022,211310,Management,JANUARY,15305.0
Annual-Detailed-Budget-2022.pdf,2022,211310,Management,FEBRUARY,30610.0
Annual-Detailed-Budget-2022.pdf,2022,211310,Management,MARCH,15305.0
Annual-Detailed-Budget-2022.pdf,2022,211310,Management,CUMMULATIVE JAN - MARCH,61220.0
Annual-Detailed-Budget-2022.pdf,2022,211310,Management,APRIL,15305.0
Annual-Detailed-Budget-2022.pdf,2022,211310,Management,MAY,15305.0
Annual-Detailed-Budget-2022.pdf,2022,211320,Salaries Div I,APPROVED BUDGET,6195812.07
Annual-Detailed-Budget-2022.pdf,2022,211320,Salaries Div I,QUARTERLY BUDGETORY PROVISION,1548953.02
Annual-Detailed-Budget-2022.pdf,2022,211320,Salaries Div I,JANUARY,497685.31
Annual-Detailed-Budget-2022.pdf,2022,211320,Salaries Div I,FEBRUARY,1161753.72
Annual-Detailed-Budget-2022.pdf,2022,211320,Salaries Div I,MARCH,634519.6
Annual-Detailed-Budget-2022.pdf,2022,211320,Salaries Div I,CUMMULATIVE JAN - MARCH,2293958.63
Annual-Detailed-Budget-2022.pdf,2022,211320,Salaries Div I,APRIL,293798.38
Annual-Detailed-Budget-2022.pdf,2022,211320,Salaries Div I,MAY,412638.27
Annual-Detailed-Budget-2022.pdf,2022,211330,Salaries Div II,APPROVED BUDGET,6023812.59
Annual-Detailed-Budget-2022.pdf,2022,211330,Salaries Div II,QUARTERLY BUDGETORY PROVISION,1505953.15
Annual-Detailed-Budget-2022.pdf,2022,211330,Salaries Div II,JANUARY,842750.17
Annual-Detailed-Budget-2022.pdf,2022,211330,Salaries Div II,FEBRUARY,589675.27
Annual-Detailed-Budget-2022.pdf,2022,211330,Salaries Div II,MARCH,674770.83
Annual-Detailed-Budget-2022.pdf,2022,211330,Salaries Div II,CUMMULATIVE JAN - MARCH,2107196.27
Annual-Detailed-Budget-2022.pdf,2022,211330,Salaries Div II,APRIL,653096.99
Annual-Detailed-Budget-2022.pdf,2022,211330,Salaries Div II,MAY,173729.32
Annual-Detailed-Budget-2022.pdf,2022,211340,Salaries Div III,APPROVED BUDGET,6088668.41
Annual-Detailed-Budget-2022.pdf,2022,211340,Salaries Div III,QUARTERLY BUDGETORY PROVISION,1522167.1
Annual-Detailed-Budget-2022.pdf,2022,211340,Salaries Div III,JANUARY,1001196.29
Annual-Detailed-Budget-2022.pdf,2022,211340,Salaries Div III,FEBRUARY,498007.51
Annual-Detailed-Budget-2022.pdf,2022,211340,Salaries Div III,MARCH,597439.59
Annual-Detailed-Budget-2022.pdf,2022,211340,Salaries Div III,CUMMULATIVE JAN - MARCH,2096643.39
Annual-Detailed-Budget-2022.pdf,2022,211340,Salaries Div III,APRIL,620076.3
Annual-Detailed-Budget-2022.pdf,2022,211340,Salaries Div III,MAY,570954.73
Annual-Detailed-Budget-2022.pdf,2022,211350,Contractual wages,APPROVED BUDGET,495369.48
Annual-Detailed-Budget-2022.pdf,2022,211350,Contractual wages,QUARTERLY BUDGETORY PROVISION,123842.37
Annual-Detailed-Budget-2022.pdf,2022,211350,Contractual wages,JANUARY,52540.0
Annual-Detailed-Budget-2022.pdf,2022,211350,Contractual wages,FEBRUARY,36264.0
Annual-Detailed-Budget-2022.pdf,2022,211350,Contractual wages,MARCH,36272.0
Annual-Detailed-Budget-2022.pdf,2022,211350,Contractual wages,CUMMULATIVE JAN - MARCH,125076.0
Annual-Detailed-Budget-2022.pdf,2022,211350,Contractual wages,APRIL,73770.0
Annual-Detailed-Budget-2022.pdf,2022,211350,Contractual wages,MAY,66356.0
Annual-Detailed-Budget-2022.pdf,2022,211360,Councillors allowances,APPROVED BUDGET,1080000.0
Annual-Detailed-Budget-2022.pdf,2022,211360,Councillors allowances,QUARTERLY BUDGETORY PROVISION,270000.0
Annual-Detailed-Budget-2022.pdf,2022,211360,Councillors allowances,JANUARY,180000.0
Annual-Detailed-Budget-2022.pdf,2022,211360,Councillors allowances,FEBRUARY,90000.0
Annual-Detailed-Budget-2022.pdf,2022,211360,Councillors allowances,MARCH,90000.0
Annual-Detailed-Budget-2022.pdf,2022,211360,Councillors allowances,CUMMULATIVE JAN - MARCH,360000.0
Annual-Detailed-Budget-2022.pdf,2022,211360,Councillors allowances,APRIL,93000.0
Annual-Detailed-Budget-2022.pdf,2022,211360,Councillors allowances,MAY,93000.0
Annual-Detailed-Budget-2022.pdf,2022,212010,Wages - Div IV,APPROVED BUDGET,13440752.16
Annual-Detailed-Budget-2022.pdf,2022,212010,Wages - Div IV,QUARTERLY BUDGETORY PROVISION,3360188.04
Annual-Detailed-Budget-2022.pdf,2022,212010,Wages - Div IV,JANUARY,1335928.82
Annual-Detailed-Budget-2022.pdf,2022,212010,Wages - Div IV,FEBRUARY,1080925.15
Annual-Detailed-Budget-2022.pdf,2022,212010,Wages - Div IV,MARCH,1299508.46
Annual-Detailed-Budget-2022.pdf,2022,212010,Wages - Div IV,CUMMULATIVE JAN - MARCH,3716362.43
Annual-Detailed-Budget-2022.pdf,2022,212010,Wages - Div IV,APRIL,1248774.59
Annual-Detailed-Budget-2022.pdf,2022,212010,Wages - Div IV,MAY,1151504.1
Annual-Detailed-Budget-2022.pdf,2022,212012,Casuals,APPROVED BUDGET,623503.2
Annual-Detailed-Budget-2022.pdf,2022,212012,Casuals,QUARTERLY BUDGETORY PROVISION,155875.8
Annual-Detailed-Budget-2022.pdf,2022,212012,Casuals,JANUARY,95026.4
Annual-Detailed-Budget-2022.pdf,2022,212012,Casuals,FEBRUARY,47895.6
Annual-Detailed-Budget-2022.pdf,2022,212012,Casuals,MARCH,72645.57
Annual-Detailed-Budget-2022.pdf,2022,212012,Casuals,CUMMULATIVE JAN - MARCH,215567.57
Annual-Detailed-Budget-2022.pdf,2022,212012,Casuals,APRIL,14338.95
Annual-Detailed-Budget-2022.pdf,2022,212012,Casuals,MAY,22192.24
Annual-Detailed-Budget-2022.pdf,2022,213249,Travelling on leave/holiday allowance,APPROVED BUDGET,347964.0
Annual-Detailed-Budget-2022.pdf,2022,213249,Travelling on leave/holiday allowance,QUARTERLY BUDGETORY PROVISION,86991.0
Annual-Detailed-Budget-2022.pdf,2022,213275,Contract gratuity,APPROVED BUDGET,226096.25
Annual-Detailed-Budget-2022.pdf,2022,213275,Contract gratuity,QUARTERLY BUDGETORY PROVISION,56524.06
Annual-Detailed-Budget-2022.pdf,2022,213275,Contract gratuity,MAY,22500.0
Annual-Detailed-Budget-2022.pdf,2022,213291,Settling allowance,APPROVED BUDGET,330000.0
Annual-Detailed-Budget-2022.pdf,2022,213291,Settling allowance,QUARTERLY BUDGETORY PROVISION,82500.0
Annual-Detailed-Budget-2022.pdf,2022,213291,Settling allowance,JANUARY,61665.52
Annual-Detailed-Budget-2022.pdf,2022,213291,Settling allowance,FEBRUARY,23629.17
Annual-Detailed-Budget-2022.pdf,2022,213291,Settling allowance,MARCH,29346.85
Annual-Detailed-Budget-2022.pdf,2022,213291,Settling allowance,CUMMULATIVE JAN - MARCH,114641.54
Annual-Detailed-Budget-2022.pdf,2022,213291,Settling allowance,MAY,24264.88
Annual-Detailed-Budget-2022.pdf,2022,,Personnel related costs,APPROVED BUDGET,35127468.16
Annual-Detailed-Budget-2022.pdf,2022,,Personnel related costs,QUARTERLY BUDGETORY PROVISION,8781867.04
Annual-Detailed-Budget-2022.pdf,2022,,Personnel related costs,JANUARY,4082097.51
Annual-Detailed-Budget-2022.pdf,2022,,Personnel related costs,FEBRUARY,3558760.42
Annual-Detailed-Budget-2022.pdf,2022,,Personnel related costs,MARCH,3449807.9
Annual-Detailed-Budget-2022.pdf,2022,,Personnel related costs,CUMMULATIVE JAN - MARCH,11090665.83
Annual-Detailed-Budget-2022.pdf,2022,,Personnel related costs,APRIL,3012160.21
Annual-Detailed-Budget-2022.pdf,2022,,Personnel related costs,MAY,2552444.54
Annual-Detailed-Budget-2022.pdf,2022,214210,NAPSA,APPROVED BUDGET,728087.6
Annual-Detailed-Budget-2022.pdf,2022,214210,NAPSA,QUARTERLY BUDGETORY PROVISION,182021.9
Annual-Detailed-Budget-2022.pdf,2022,214210,NAPSA,JANUARY,120632.9
Annual-Detailed-Budget-2022.pdf,2022,214210,NAPSA,CUMMULATIVE JAN - MARCH,120632.9
Annual-Detailed-Budget-2022.pdf,2022,214210,NAPSA,MAY,174214.74
Annual-Detailed-Budget-2022.pdf,2022,214220,Madson insurance,APPROVED BUDGET,187005.6
Annual-Detailed-Budget-2022.pdf,2022,214220,Madson insurance,MARCH,53498.12
Annual-Detailed-Budget-2022.pdf,2022,214220,Madson insurance,CUMMULATIVE JAN - MARCH,53498.12
Annual-Detailed-Budget-2022.pdf,2022,214220,Madson insurance,APRIL,28259.05
Annual-Detailed-Budget-2022.pdf,2022,214220,Madson insurance,MAY,28244.23
Annual-Detailed-Budget-2022.pdf,2022,214225,LASF,APPROVED BUDGET,762561.0
Annual-Detailed-Budget-2022.pdf,2022,214225,LASF,QUARTERLY BUDGETORY PROVISION,190640.25
Annual-Detailed-Budget-2022.pdf,2022,214225,LASF,JANUARY,122240.7
Annual-Detailed-Budget-2022.pdf,2022,214225,LASF,MARCH,120513.48
Annual-Detailed-Budget-2022.pdf,2022,214225,LASF,CUMMULATIVE JAN - MARCH,242754.18
Annual-Detailed-Budget-2022.pdf,2022,214225,LASF,APRIL,6457.76
Annual-Detailed-Budget-2022.pdf,2022,214240,FIRESUZ CONT.,APPROVED BUDGET,52951.1
Annual-Detailed-Budget-2022.pdf,2022,214240,FIRESUZ CONT.,QUARTERLY BUDGETORY PROVISION,13237.78
Annual-Detailed-Budget-2022.pdf,2022,214240,FIRESUZ CONT.,MARCH,2850.0
Annual-Detailed-Budget-2022.pdf,2022,214240,FIRESUZ CONT.,CUMMULATIVE JAN - MARCH,2850.0
Annual-Detailed-Budget-2022.pdf,2022,214240,FIRESUZ CONT.,APRIL,4412.59
Annual-Detailed-Budget-2022.pdf,2022,214240,FIRESUZ CONT.,MAY,20000.0
Annual-Detailed-Budget-2022.pdf,2022,214250,ZCTU CONT.,APPROVED BUDGET,123031.0
Annual-Detailed-Budget-2022.pdf,2022,214250,ZCTU CONT.,QUARTERLY BUDGETORY PROVISION,30757.75
Annual-Detailed-Budget-2022.pdf,2022,214250,ZCTU CONT.,MARCH,10252.6
Annual-Detailed-Budget-2022.pdf,2022,214250,ZCTU CONT.,CUMMULATIVE JAN - MARCH,10252.6
Annual-Detailed-Budget-2022.pdf,2022,214250,ZCTU CONT.,APRIL,15983.66
Annual-Detailed-Budget-2022.pdf,2022,214260,ZULAWU CONT.,APPROVED BUDGET,250954.0
Annual-Detailed-Budget-2022.pdf,2022,214260,ZULAWU CONT.,QUARTERLY BUDGETORY PROVISION,62738.5
Annual-Detailed-Budget-2022.pdf,2022,214260,ZULAWU CONT.,APRIL,40240.51
Annual-Detailed-Budget-2022.pdf,2022,214260,ZULAWU CONT.,MAY,27500.0
Annual-Detailed-Budget-2022.pdf,2022,214270,ZRA,APPROVED BUDGET,600000.0
Annual-Detailed-Budget-2022.pdf,2022,214270,ZRA,QUARTERLY BUDGETORY PROVISION,150000.0
Annual-Detailed-Budget-2022.pdf,2022,214270,ZRA,JANUARY,30000.0
Annual-Detailed-Budget-2022.pdf,2022,214270,ZRA,CUMMULATIVE JAN - MARCH,30000.0
Annual-Detailed-Budget-2022.pdf,2022,214280,PSPF,APPROVED BUDGET,87472.92
Annual-Detailed-Budget-2022.pdf,2022,214280,PSPF,QUARTERLY BUDGETORY PROVISION,21868.23
Annual-Detailed-Budget-2022.pdf,2022,214280,PSPF,JANUARY,21837.67
Annual-Detailed-Budget-2022.pdf,2022,214280,PSPF,CUMMULATIVE JAN - MARCH,21837.67
Annual-Detailed-Budget-2022.pdf,2022,214280,PSPF,APRIL,2078.82
Annual-Detailed-Budget-2022.pdf,2022,,Total -employee related costs,APPROVED BUDGET,2792063.22
Annual-Detailed-Budget-2022.pdf,2022,,Total -employee related costs,QUARTERLY BUDGETORY PROVISION,698015.81
Annual-Detailed-Budget-2022.pdf,2022,,Total -employee related costs,JANUARY,294711.27
Annual-Detailed-Budget-2022.pdf,2022,,Total -employee related costs,MARCH,187114.2
Annual-Detailed-Budget-2022.pdf,2022,,Total -employee related costs,CUMMULATIVE JAN - MARCH,481825.47
Annual-Detailed-Budget-2022.pdf,2022,,Total -employee related costs,APRIL,97432.39
Annual-Detailed-Budget-2022.pdf,2022,,Total -employee related costs,MAY,249958.97
Annual-Detailed-Budget-2022.pdf,2022,221010,Office materials,APPROVED BUDGET,1108407.0
Annual-Detailed-Budget-2022.pdf,2022,221010,Office materials,QUARTERLY BUDGETORY PROVISION,277101.75
Annual-Detailed-Budget-2022.pdf,2022,221010,Office materials,JANUARY,177375.0
Annual-Detailed-Budget-2022.pdf,2022,221010,Office materials,FEBRUARY,260334.0
Annual-Detailed-Budget-2022.pdf,2022,221010,Office materials,MARCH,30000.0
Annual-Detailed-Budget-2022.pdf,2022,221010,Office materials,CUMMULATIVE JAN - MARCH,467709.0
Annual-Detailed-Budget-2022.pdf,2022,221010,Office materials,APRIL,40300.0
Annual-Detailed-Budget-2022.pdf,2022,221010,Office materials,MAY,91270.0
Annual-Detailed-Budget-2022.pdf,2022,221020,"Telephone,fax,telex,Radio (Charges and manitenance)",APRIL,26556.25
Annual-Detailed-Budget-2022.pdf,2022,221030,Internet charges,APPROVED BUDGET,19400.0
Annual-Detailed-Budget-2022.pdf,2022,221030,Internet charges,QUARTERLY BUDGETORY PROVISION,4850.0
Annual-Detailed-Budget-2022.pdf,2022,221030,Internet charges,APRIL,11400.0
Annual-Detailed-Budget-2022.pdf,2022,221030,Internet charges,MAY,1300.0
Annual-Detailed-Budget-2022.pdf,2022,221040,Postal charges,APPROVED BUDGET,12200.0
Annual-Detailed-Budget-2022.pdf,2022,221040,Postal charges,QUARTERLY BUDGETORY PROVISION,3050.0
Annual-Detailed-Budget-2022.pdf,2022,221040,Postal charges,MARCH,4445.0
Annual-Detailed-Budget-2022.pdf,2022,221040,Postal charges,CUMMULATIVE JAN - MARCH,4445.0
Annual-Detailed-Budget-2022.pdf,2022,221050,Computer and peripheral costs,APPROVED BUDGET,458370.0
Annual-Detailed-Budget-2022.pdf,2022,221050,Computer and peripheral costs,QUARTERLY BUDGETORY PROVISION,114592.5
Annual-Detailed-Budget-2022.pdf,2022,221050,Computer and peripheral costs,JANUARY,30000.0
Annual-Detailed-Budget-2022.pdf,2022,221050,Computer and peripheral costs,FEBRUARY,99190.0
Annual-Detailed-Budget-2022.pdf,2022,221050,Computer and peripheral costs,MARCH,41400.0
Annual-Detailed-Budget-2022.pdf,2022,221050,Computer and peripheral costs,CUMMULATIVE JAN - MARCH,170590.0
Annual-Detailed-Budget-2022.pdf,2022,221060,Mantenance of office equipment,APPROVED BUDGET,71450.0
Annual-Detailed-Budget-2022.pdf,2022,221060,Mantenance of office equipment,QUARTERLY BUDGETORY PROVISION,17862.5
Annual-Detailed-Budget-2022.pdf,2022,221060,Mantenance of office equipment,APRIL,60.0
Annual-Detailed-Budget-2022.pdf,2022,221080,Data processing services,APPROVED BUDGET,59400.0
Annual-Detailed-Budget-2022.pdf,2022,221080,Data processing services,QUARTERLY BUDGETORY PROVISION,14850.0
Annual-Detailed-Budget-2022.pdf,2022,221090,"Books, margazines & newspapers",APPROVED BUDGET,150200.0
Annual-Detailed-Budget-2022.pdf,2022,221090,"Books, margazines & newspapers",QUARTERLY BUDGETORY PROVISION,37550.0
Annual-Detailed-Budget-2022.pdf,2022,221090,"Books, margazines & newspapers",MARCH,10000.0
Annual-Detailed-Budget-2022.pdf,2022,221090,"Books, margazines & newspapers",CUMMULATIVE JAN - MARCH,10000.0
Annual-Detailed-Budget-2022.pdf,2022,221090,"Books, margazines & newspapers",APRIL,20900.0
Annual-Detailed-Budget-2022.pdf,2022,,sub-total,APPROVED BUDGET,1879427.0
Annual-Detailed-Budget-2022.pdf,2022,,sub-total,QUARTERLY BUDGETORY PROVISION,469856.75
Annual-Detailed-Budget-2022.pdf,2022,,sub-total,JANUARY,207375.0
Annual-Detailed-Budget-2022.pdf,2022,,sub-total,FEBRUARY,359524.0
Annual-Detailed-Budget-2022.pdf,2022,,sub-total,MARCH,85845.0
Annual-Detailed-Budget-2022.pdf,2022,,sub-total,CUMMULATIVE JAN - MARCH,652744.0
Annual-Detailed-Budget-2022.pdf,2022,,sub-total,APRIL,99216.25
Annual-Detailed-Budget-2022.pdf,2022,,sub-total,MAY,92570.0
Annual-Detailed-Budget-2022.pdf,2022,222020,Water and Sanitation charges,APPROVED BUDGET,201900.0
Annual-Detailed-Budget-2022.pdf,2022,222020,Water and Sanitation charges,QUARTERLY BUDGETORY PROVISION,50475.0
Annual-Detailed-Budget-2022.pdf,2022,222020,Water and Sanitation charges,MARCH,5525.43
Annual-Detailed-Budget-2022.pdf,2022,222020,Water and Sanitation charges,CUMMULATIVE JAN - MARCH,5525.43
Annual-Detailed-Budget-2022.pdf,2022,222030,Electricty charges,APPROVED BUDGET,664000.0
Annual-Detailed-Budget-2022.pdf,2022,222030,Electricty charges,QUARTERLY BUDGETORY PROVISION,166000.0
Annual-Detailed-Budget-2022.pdf,2022,222030,Electricty charges,JANUARY,10500.0
Annual-Detailed-Budget-2022.pdf,2022,222030,Electricty charges,FEBRUARY,29000.0
Annual-Detailed-Budget-2022.pdf,2022,222030,Electricty charges,MARCH,24000.0
Annual-Detailed-Budget-2022.pdf,2022,222030,Electricty charges,CUMMULATIVE JAN - MARCH,63500.0
Annual-Detailed-Budget-2022.pdf,2022,222030,Electricty charges,APRIL,10000.0
Annual-Detailed-Budget-2022.pdf,2022,222030,Electricty charges,MAY,15000.0
Annual-Detailed-Budget-2022.pdf,2022,222040,"Building Maintenance (Maitenance,consumables,Cleaning)",APPROVED BUDGET,300615.0
Annual-Detailed-Budget-2022.pdf,2022,222040,"Building Maintenance (Maitenance,consumables,Cleaning)",QUARTERLY BUDGETORY PROVISION,75153.75
Annual-Detailed-Budget-2022.pdf,2022,222040,"Building Maintenance (Maitenance,consumables,Cleaning)",JANUARY,2026.0
Annual-Detailed-Budget-2022.pdf,2022,222040,"Building Maintenance (Maitenance,consumables,Cleaning)",MARCH,250.0
Annual-Detailed-Budget-2022.pdf,2022,222040,"Building Maintenance (Maitenance,consumables,Cleaning)",CUMMULATIVE JAN - MARCH,2276.0
Annual-Detailed-Budget-2022.pdf,2022,222050,Office furniture and fittings (Maitenace),APPROVED BUDGET,25500.0
Annual-Detailed-Budget-2022.pdf,2022,222050,Office furniture and fittings (Maitenace),QUARTERLY BUDGETORY PROVISION,6375.0
Annual-Detailed-Budget-2022.pdf,2022,222060,Insurance for Buildings,APPROVED BUDGET,70000.0
Annual-Detailed-Budget-2022.pdf,2022,222060,Insurance for Buildings,QUARTERLY BUDGETORY PROVISION,17500.0
Annual-Detailed-Budget-2022.pdf,2022,222070,Security and care taking charges,APPROVED BUDGET,1500.0
Annual-Detailed-Budget-2022.pdf,2022,222070,Security and care taking charges,QUARTERLY BUDGETORY PROVISION,375.0
Annual-Detailed-Budget-2022.pdf,2022,222090,Other Costs,APPROVED BUDGET,2000.0
Annual-Detailed-Budget-2022.pdf,2022,222090,Other Costs,QUARTERLY BUDGETORY PROVISION,500.0
Annual-Detailed-Budget-2022.pdf,2022,,sub-total,APPROVED BUDGET,1265515.0
Annual-Detailed-Budget-2022.pdf,2022,,sub-total,QUARTERLY BUDGETORY PROVISION,316378.75
Annual-Detailed-Budget-2022.pdf,2022,,sub-total,JANUARY,12526.0
Annual-Detailed-Budget-2022.pdf,2022,,sub-total,FEBRUARY,29000.0
Annual-Detailed-Budget-2022.pdf,2022,,sub-total,MARCH,29775.43
Annual-Detailed-Budget-2022.pdf,2022,,sub-total,CUMMULATIVE JAN - MARCH,71301.43
Annual-Detailed-Budget-2022.pdf,2022,,sub-total,APRIL,10000.0
Annual-Detailed-Budget-2022.pdf,2022,,sub-total,MAY,15000.0
Annual-Detailed-Budget-2022.pdf,2022,223010,"Petrol ,Oil and Lubricants",APPROVED BUDGET,1486242.0
Annual-Detailed-Budget-2022.pdf,2022,223010,"Petrol ,Oil and Lubricants",QUARTERLY BUDGETORY PROVISION,371560.5
Annual-Detailed-Budget-2022.pdf,2022,223010,"Petrol ,Oil and Lubricants",JANUARY,237028.5
Annual-Detailed-Budget-2022.pdf,2022,223010,"Petrol ,Oil and Lubricants",FEBRUARY,267299.75
Annual-Detailed-Budget-2022.pdf,2022,223010,"Petrol ,Oil and Lubricants",MARCH,226191.31
Annual-Detailed-Budget-2022.pdf,2022,223010,"Petrol ,Oil and Lubricants",CUMMULATIVE JAN - MARCH,730519.56
Annual-Detailed-Budget-2022.pdf,2022,223010,"Petrol ,Oil and Lubricants",APRIL,238420.64
Annual-Detailed-Budget-2022.pdf,2022,223010,"Petrol ,Oil and Lubricants",MAY,213124.43
Annual-Detailed-Budget-2022.pdf,2022,223020,Servicing (Other consumables),APPROVED BUDGET,417100.0
Annual-Detailed-Budget-2022.pdf,2022,223020,Servicing (Other consumables),QUARTERLY BUDGETORY PROVISION,104275.0
Annual-Detailed-Budget-2022.pdf,2022,223020,Servicing (Other consumables),FEBRUARY,26140.5
Annual-Detailed-Budget-2022.pdf,2022,223020,Servicing (Other consumables),MARCH,28044.57
Annual-Detailed-Budget-2022.pdf,2022,223020,Servicing (Other consumables),CUMMULATIVE JAN - MARCH,54185.07
Annual-Detailed-Budget-2022.pdf,2022,223020,Servicing (Other consumables),APRIL,13221.84
Annual-Detailed-Budget-2022.pdf,2022,223020,Servicing (Other consumables),MAY,32257.87
Annual-Detailed-Budget-2022.pdf,2022,223030,Spare parts,APPROVED BUDGET,755800.0
Annual-Detailed-Budget-2022.pdf,2022,223030,Spare parts,QUARTERLY BUDGETORY PROVISION,188950.0
Annual-Detailed-Budget-2022.pdf,2022,223030,Spare parts,JANUARY,101454.0
Annual-Detailed-Budget-2022.pdf,2022,223030,Spare parts,FEBRUARY,2510.0
Annual-Detailed-Budget-2022.pdf,2022,223030,Spare parts,CUMMULATIVE JAN - MARCH,103964.0
Annual-Detailed-Budget-2022.pdf,2022,223030,Spare parts,APRIL,1915.0
Annual-Detailed-Budget-2022.pdf,2022,223040,Tyres,APPROVED BUDGET,516000.0
Annual-Detailed-Budget-2022.pdf,2022,223040,Tyres,QUARTERLY BUDGETORY PROVISION,129000.0
Annual-Detailed-Budget-2022.pdf,2022,223040,Tyres,JANUARY,9740.0
Annual-Detailed-Budget-2022.pdf,2022,223040,Tyres,FEBRUARY,18990.0
Annual-Detailed-Budget-2022.pdf,2022,223040,Tyres,CUMMULATIVE JAN - MARCH,28730.0
Annual-Detailed-Budget-2022.pdf,2022,223050,Repairs,APPROVED BUDGET,166120.0
Annual-Detailed-Budget-2022.pdf,2022,223050,Repairs,QUARTERLY BUDGETORY PROVISION,41530.0
Annual-Detailed-Budget-2022.pdf,2022,223050,Repairs,JANUARY,3500.0
Annual-Detailed-Budget-2022.pdf,2022,223050,Repairs,FEBRUARY,29907.85
Annual-Detailed-Budget-2022.pdf,2022,223050,Repairs,CUMMULATIVE JAN - MARCH,33407.85
Annual-Detailed-Budget-2022.pdf,2022,223050,Repairs,MAY,450.0
Annual-Detailed-Budget-2022.pdf,2022,223060,Insurance,APPROVED BUDGET,205000.0
Annual-Detailed-Budget-2022.pdf,2022,223070,Licenses and Taxes,APPROVED BUDGET,20000.0
Annual-Detailed-Budget-2022.pdf,2022,223070,Licenses and Taxes,QUARTERLY BUDGETORY PROVISION,5000.0
Annual-Detailed-Budget-2022.pdf,2022,223080,Toll fees,APPROVED BUDGET,17140.0
Annual-Detailed-Budget-2022.pdf,2022,223080,Toll fees,QUARTERLY BUDGETORY PROVISION,4285.0
Annual-Detailed-Budget-2022.pdf,2022,223080,Toll fees,JANUARY,680.0
Annual-Detailed-Budget-2022.pdf,2022,223080,Toll fees,FEBRUARY,2810.0
Annual-Detailed-Budget-2022.pdf,2022,223080,Toll fees,MARCH,810.0
Annual-Detailed-Budget-2022.pdf,2022,223080,Toll fees,CUMMULATIVE JAN - MARCH,4300.0
Annual-Detailed-Budget-2022.pdf,2022,223080,Toll fees,APRIL,1500.0
Annual-Detailed-Budget-2022.pdf,2022,223080,Toll fees,MAY,2300.0
Annual-Detailed-Budget-2022.pdf,2022,223099,Other costs,APPROVED BUDGET,12000.0
Annual-Detailed-Budget-2022.pdf,2022,223099,Other costs,QUARTERLY BUDGETORY PROVISION,3000.0
Annual-Detailed-Budget-2022.pdf,2022,,sub-total,APPROVED BUDGET,3595402.0
Annual-Detailed-Budget-2022.pdf,2022,,sub-total,QUARTERLY BUDGETORY PROVISION,847600.5
Annual-Detailed-Budget-2022.pdf,2022,,sub-total,JANUARY,352402.5
Annual-Detailed-Budget-2022.pdf,2022,,sub-total,FEBRUARY,347658.1
Annual-Detailed-Budget-2022.pdf,2022,,sub-total,MARCH,255045.88
Annual-Detailed-Budget-2022.pdf,2022,,sub-total,CUMMULATIVE JAN - MARCH,955106.48
Annual-Detailed-Budget-2022.pdf,2022,,sub-total,APRIL,255057.48
Annual-Detailed-Budget-2022.pdf,2022,,sub-total,MAY,248132.3
Annual-Detailed-Budget-2022.pdf,2022,224030,Meal allowance,APPROVED BUDGET,405910.0
Annual-Detailed-Budget-2022.pdf,2022,224030,Meal allowance,QUARTERLY BUDGETORY PROVISION,101477.5
Annual-Detailed-Budget-2022.pdf,2022,224030,Meal allowance,JANUARY,25843.04
Annual-Detailed-Budget-2022.pdf,2022,224030,Meal allowance,FEBRUARY,47133.0
Annual-Detailed-Budget-2022.pdf,2022,224030,Meal allowance,MARCH,5810.0
Annual-Detailed-Budget-2022.pdf,2022,224030,Meal allowance,CUMMULATIVE JAN - MARCH,78786.04
Annual-Detailed-Budget-2022.pdf,2022,224030,Meal allowance,APRIL,17075.0
Annual-Detailed-Budget-2022.pdf,2022,224030,Meal allowance,MAY,22170.0
Annual-Detailed-Budget-2022.pdf,2022,224060,Boards Councils and Committees allowances,APPROVED BUDGET,215900.0
Annual-Detailed-Budget-2022.pdf,2022,224060,Boards Councils and Committees allowances,QUARTERLY BUDGETORY PROVISION,53975.0
Annual-Detailed-Budget-2022.pdf,2022,224060,Boards Councils and Committees allowances,JANUARY,17090.0
Annual-Detailed-Budget-2022.pdf,2022,224060,Boards Councils and Committees allowances,FEBRUARY,700.0
Annual-Detailed-Budget-2022.pdf,2022,224060,Boards Councils and Committees allowances,MARCH,26210.0
Annual-Detailed-Budget-2022.pdf,2022,224060,Boards Councils and Committees allowances,CUMMULATIVE JAN - MARCH,44000.0
Annual-Detailed-Budget-2022.pdf,2022,224060,Boards Councils and Committees allowances,APRIL,31704.0
Annual-Detailed-Budget-2022.pdf,2022,224060,Boards Councils and Committees allowances,MAY,5150.0
Annual-Detailed-Budget-2022.pdf,2022,224098,Office Refreshments,APPROVED BUDGET,102000.0
Annual-Detailed-Budget-2022.pdf,2022,224098,Office Refreshments,QUARTERLY BUDGETORY PROVISION,25500.0
Annual-Detailed-Budget-2022.pdf,2022,224098,Office Refreshments,FEBRUARY,2500.0
Annual-Detailed-Budget-2022.pdf,2022,224098,Office Refreshments,MARCH,10500.0
Annual-Detailed-Budget-2022.pdf,2022,224098,Office Refreshments,CUMMULATIVE JAN - MARCH,13000.0
Annual-Detailed-Budget-2022.pdf,2022,224098,Office Refreshments,MAY,10500.0
Annual-Detailed-Budget-2022.pdf,2022,224099,Other Costs -,APPROVED BUDGET,3000.0
Annual-Detailed-Budget-2022.pdf,2022,224099,Other Costs -,QUARTERLY BUDGETORY PROVISION,750.0
Annual-Detailed-Budget-2022.pdf,2022,224099,Other Costs -,FEBRUARY,1401.0
Annual-Detailed-Budget-2022.pdf,2022,224099,Other Costs -,MARCH,16494.5
Annual-Detailed-Budget-2022.pdf,2022,224099,Other Costs -,CUMMULATIVE JAN - MARCH,17895.5
Annual-Detailed-Budget-2022.pdf,2022,,sub-total,APPROVED BUDGET,726810.0
Annual-Detailed-Budget-2022.pdf,2022,,sub-total,QUARTERLY BUDGETORY PROVISION,181702.5
Annual-Detailed-Budget-2022.pdf,2022,,sub-total,JANUARY,42933.04
Annual-Detailed-Budget-2022.pdf,2022,,sub-total,FEBRUARY,51734.0
Annual-Detailed-Budget-2022.pdf,2022,,sub-total,MARCH,59014.5
Annual-Detailed-Budget-2022.pdf,2022,,sub-total,CUMMULATIVE JAN - MARCH,153681.54
Annual-Detailed-Budget-2022.pdf,2022,,sub-total,APRIL,48779.0
Annual-Detailed-Budget-2022.pdf,2022,,sub-total,MAY,37820.0
Annual-Detailed-Budget-2022.pdf,2022,225001,Hand tools and equipment,APPROVED BUDGET,570592.0
Annual-Detailed-Budget-2022.pdf,2022,225001,Hand tools and equipment,QUARTERLY BUDGETORY PROVISION,142648.0
Annual-Detailed-Budget-2022.pdf,2022,225001,Hand tools and equipment,FEBRUARY,5920.0
Annual-Detailed-Budget-2022.pdf,2022,225001,Hand tools and equipment,MARCH,38900.0
Annual-Detailed-Budget-2022.pdf,2022,225001,Hand tools and equipment,CUMMULATIVE JAN - MARCH,44820.0
Annual-Detailed-Budget-2022.pdf,2022,225005,"Protective Wear,Clothing and uniforms",APPROVED BUDGET,833570.0
Annual-Detailed-Budget-2022.pdf,2022,225005,"Protective Wear,Clothing and uniforms",QUARTERLY BUDGETORY PROVISION,208392.5
Annual-Detailed-Budget-2022.pdf,2022,225014,First Aid box,APPROVED BUDGET,10900.0
Annual-Detailed-Budget-2022.pdf,2022,225014,First Aid box,QUARTERLY BUDGETORY PROVISION,2725.0
Annual-Detailed-Budget-2022.pdf,2022,225015,First Aid Box- Requirements,APPROVED BUDGET,1500.0
Annual-Detailed-Budget-2022.pdf,2022,225015,First Aid Box- Requirements,QUARTERLY BUDGETORY PROVISION,375.0
Annual-Detailed-Budget-2022.pdf,2022,225021,Street light equipment,APPROVED BUDGET,149150.0
Annual-Detailed-Budget-2022.pdf,2022,225021,Street light equipment,QUARTERLY BUDGETORY PROVISION,37287.5
Annual-Detailed-Budget-2022.pdf,2022,225022,Trafic lights equipment,APPROVED BUDGET,70000.0
Annual-Detailed-Budget-2022.pdf,2022,225022,Trafic lights equipment,QUARTERLY BUDGETORY PROVISION,17500.0
Annual-Detailed-Budget-2022.pdf,2022,225025,Road maitenance materials,APPROVED BUDGET,476435.0
Annual-Detailed-Budget-2022.pdf,2022,225025,Road maitenance materials,QUARTERLY BUDGETORY PROVISION,119108.75
Annual-Detailed-Budget-2022.pdf,2022,225025,Road maitenance materials,FEBRUARY,20700.0
Annual-Detailed-Budget-2022.pdf,2022,225025,Road maitenance materials,CUMMULATIVE JAN - MARCH,20700.0
Annual-Detailed-Budget-2022.pdf,2022,225025,Road maitenance materials,MAY,40000.0
Annual-Detailed-Budget-2022.pdf,2022,225029,Insectcides,APPROVED BUDGET,62100.0
Annual-Detailed-Budget-2022.pdf,2022,225029,Insectcides,QUARTERLY BUDGETORY PROVISION,15525.0
Annual-Detailed-Budget-2022.pdf,2022,225038,Survey and mapping,APPROVED BUDGET,11860.0
Annual-Detailed-Budget-2022.pdf,2022,225038,Survey and mapping,QUARTERLY BUDGETORY PROVISION,2965.0
Annual-Detailed-Budget-2022.pdf,2022,225030,Agriculture supplies,APPROVED BUDGET,15800.0
Annual-Detailed-Budget-2022.pdf,2022,225030,Agriculture supplies,QUARTERLY BUDGETORY PROVISION,3950.0
Annual-Detailed-Budget-2022.pdf,2022,225040,School requisits,APPROVED BUDGET,82250.0
Annual-Detailed-Budget-2022.pdf,2022,225040,School requisits,QUARTERLY BUDGETORY PROVISION,20562.5
Annual-Detailed-Budget-2022.pdf,2022,225043,Laboratory Material,APPROVED BUDGET,5900.0
Annual-Detailed-Budget-2022.pdf,2022,225043,Laboratory Material,QUARTERLY BUDGETORY PROVISION,1475.0
Annual-Detailed-Budget-2022.pdf,2022,225043,Laboratory Material,APRIL,1000.0
Annual-Detailed-Budget-2022.pdf,2022,225048,"Water treatment chemicals,Boreholes,pumps and other",APPROVED BUDGET,4380.0
Annual-Detailed-Budget-2022.pdf,2022,225048,"Water treatment chemicals,Boreholes,pumps and other",QUARTERLY BUDGETORY PROVISION,1095.0
Annual-Detailed-Budget-2022.pdf,2022,225049,"Boreholes,pumps and Water reticulation materials",APPROVED BUDGET,47000.0
Annual-Detailed-Budget-2022.pdf,2022,225049,"Boreholes,pumps and Water reticulation materials",QUARTERLY BUDGETORY PROVISION,11750.0
Annual-Detailed-Budget-2022.pdf,2022,225050,Identification and licencing material,APPROVED BUDGET,149240.0
Annual-Detailed-Budget-2022.pdf,2022,225050,Identification and licencing material,QUARTERLY BUDGETORY PROVISION,37310.0
Annual-Detailed-Budget-2022.pdf,2022,225099,Other Purchases,APPROVED BUDGET,51600.0
Annual-Detailed-Budget-2022.pdf,2022,225099,Other Purchases,QUARTERLY BUDGETORY PROVISION,12900.0
Annual-Detailed-Budget-2022.pdf,2022,225099,Other Purchases,MAY,200.0
Annual-Detailed-Budget-2022.pdf,2022,,sub-total,APPROVED BUDGET,2542277.0
Annual-Detailed-Budget-2022.pdf,2022,,sub-total,QUARTERLY BUDGETORY PROVISION,635569.25
Annual-Detailed-Budget-2022.pdf,2022,,sub-total,FEBRUARY,26620.0
Annual-Detailed-Budget-2022.pdf,2022,,sub-total,MARCH,38900.0
Annual-Detailed-Budget-2022.pdf,2022,,sub-total,CUMMULATIVE JAN - MARCH,65520.0
Annual-Detailed-Budget-2022.pdf,2022,,sub-total,APRIL,1000.0
Annual-Detailed-Budget-2022.pdf,2022,,sub-total,MAY,40200.0
Annual-Detailed-Budget-2022.pdf,2022,226008,Advertising and Publicity.,APPROVED BUDGET,145500.0
Annual-Detailed-Budget-2022.pdf,2022,226008,Advertising and Publicity.,QUARTERLY BUDGETORY PROVISION,36375.0
Annual-Detailed-Budget-2022.pdf,2022,226008,Advertising and Publicity.,APRIL,10000.0
Annual-Detailed-Budget-2022.pdf,2022,226010,Technical Equipment Repair & Maintenance,APPROVED BUDGET,107043.0
Annual-Detailed-Budget-2022.pdf,2022,226010,Technical Equipment Repair & Maintenance,QUARTERLY BUDGETORY PROVISION,26760.75
Annual-Detailed-Budget-2022.pdf,2022,226015,Traditional ceremonies,APPROVED BUDGET,1000.0
Annual-Detailed-Budget-2022.pdf,2022,226015,Traditional ceremonies,QUARTERLY BUDGETORY PROVISION,250.0
Annual-Detailed-Budget-2022.pdf,2022,226018,Mayors Donation,APPROVED BUDGET,60000.0
Annual-Detailed-Budget-2022.pdf,2022,226018,Mayors Donation,QUARTERLY BUDGETORY PROVISION,15000.0
Annual-Detailed-Budget-2022.pdf,2022,226020,Public functions and ceremonies,APPROVED BUDGET,164450.0
Annual-Detailed-Budget-2022.pdf,2022,226020,Public functions and ceremonies,QUARTERLY BUDGETORY PROVISION,41112.5
Annual-Detailed-Budget-2022.pdf,2022,226020,Public functions and ceremonies,JANUARY,33000.0
Annual-Detailed-Budget-2022.pdf,2022,226020,Public functions and ceremonies,MARCH,17800.0
Annual-Detailed-Budget-2022.pdf,2022,226020,Public functions and ceremonies,CUMMULATIVE JAN - MARCH,50800.0
Annual-Detailed-Budget-2022.pdf,2022,226020,Public functions and ceremonies,MAY,700.0
Annual-Detailed-Budget-2022.pdf,2022,226026,State Fuctions,APPROVED BUDGET,53000.0
Annual-Detailed-Budget-2022.pdf,2022,226026,State Fuctions,QUARTERLY BUDGETORY PROVISION,13250.0
Annual-Detailed-Budget-2022.pdf,2022,226030,Accomodation,APPROVED BUDGET,27000.0
Annual-Detailed-Budget-2022.pdf,2022,226030,Accomodation,QUARTERLY BUDGETORY PROVISION,6750.0
Annual-Detailed-Budget-2022.pdf,2022,226033,"Board,Council and Committee expenses",APPROVED BUDGET,230710.0
Annual-Detailed-Budget-2022.pdf,2022,226033,"Board,Council and Committee expenses",QUARTERLY BUDGETORY PROVISION,57677.5
Annual-Detailed-Budget-2022.pdf,2022,226033,"Board,Council and Committee expenses",JANUARY,19490.0
Annual-Detailed-Budget-2022.pdf,2022,226033,"Board,Council and Committee expenses",MARCH,28970.0
Annual-Detailed-Budget-2022.pdf,2022,226033,"Board,Council and Committee expenses",CUMMULATIVE JAN - MARCH,48460.0
Annual-Detailed-Budget-2022.pdf,2022,226033,"Board,Council and Committee expenses",APRIL,3800.0
Annual-Detailed-Budget-2022.pdf,2022,226035,Hire of Motor Vehicles,APPROVED BUDGET,130000.0
Annual-Detailed-Budget-2022.pdf,2022,226035,Hire of Motor Vehicles,QUARTERLY BUDGETORY PROVISION,32500.0
Annual-Detailed-Budget-2022.pdf,2022,226035,Hire of Motor Vehicles,MAY,1200.0
Annual-Detailed-Budget-2022.pdf,2022,226043,"Relief,Repatriation and Burial of Destitutes",APPROVED BUDGET,14750.0
Annual-Detailed-Budget-2022.pdf,2022,226043,"Relief,Repatriation and Burial of Destitutes",QUARTERLY BUDGETORY PROVISION,3687.5
Annual-Detailed-Budget-2022.pdf,2022,226043,"Relief,Repatriation and Burial of Destitutes",FEBRUARY,4400.0
Annual-Detailed-Budget-2022.pdf,2022,226043,"Relief,Repatriation and Burial of Destitutes",MARCH,750.0
Annual-Detailed-Budget-2022.pdf,2022,226043,"Relief,Repatriation and Burial of Destitutes",CUMMULATIVE JAN - MARCH,5150.0
Annual-Detailed-Budget-2022.pdf,2022,226043,"Relief,Repatriation and Burial of Destitutes",APRIL,1050.0
Annual-Detailed-Budget-2022.pdf,2022,226045,Cultural promotions,APPROVED BUDGET,11100.0
Annual-Detailed-Budget-2022.pdf,2022,226045,Cultural promotions,QUARTERLY BUDGETORY PROVISION,2775.0
Annual-Detailed-Budget-2022.pdf,2022,226053,Staff Welfare and Recreation(Sports),APPROVED BUDGET,289200.0
Annual-Detailed-Budget-2022.pdf,2022,226053,Staff Welfare and Recreation(Sports),QUARTERLY BUDGETORY PROVISION,72300.0
Annual-Detailed-Budget-2022.pdf,2022,226053,Staff Welfare and Recreation(Sports),JANUARY,56450.0
Annual-Detailed-Budget-2022.pdf,2022,226053,Staff Welfare and Recreation(Sports),MARCH,36200.0
Annual-Detailed-Budget-2022.pdf,2022,226053,Staff Welfare and Recreation(Sports),CUMMULATIVE JAN - MARCH,92650.0
Annual-Detailed-Budget-2022.pdf,2022,226053,Staff Welfare and Recreation(Sports),APRIL,25000.0
Annual-Detailed-Budget-2022.pdf,2022,226053,Staff Welfare and Recreation(Sports),MAY,31150.0
Annual-Detailed-Budget-2022.pdf,2022,226054,Land Demarcation and Survey,APPROVED BUDGET,1840.0
Annual-Detailed-Budget-2022.pdf,2022,226054,Land Demarcation and Survey,QUARTERLY BUDGETORY PROVISION,460.0
Annual-Detailed-Budget-2022.pdf,2022,226054,Land Demarcation and Survey,JANUARY,1014.0
Annual-Detailed-Budget-2022.pdf,2022,226054,Land Demarcation and Survey,CUMMULATIVE JAN - MARCH,1014.0
Annual-Detailed-Budget-2022.pdf,2022,226057,Development & Maitenance of cemetries,APPROVED BUDGET,36000.0
Annual-Detailed-Budget-2022.pdf,2022,226057,Development & Maitenance of cemetries,QUARTERLY BUDGETORY PROVISION,9000.0
Annual-Detailed-Budget-2022.pdf,2022,226059,Valuation of properties,APPROVED BUDGET,100000.0
Annual-Detailed-Budget-2022.pdf,2022,226059,Valuation of properties,QUARTERLY BUDGETORY PROVISION,25000.0
Annual-Detailed-Budget-2022.pdf,2022,226059,Valuation of properties,APRIL,10000.0
Annual-Detailed-Budget-2022.pdf,2022,226060,Labour day expenses and Awards,APPROVED BUDGET,57900.0
Annual-Detailed-Budget-2022.pdf,2022,226060,Labour day expenses and Awards,QUARTERLY BUDGETORY PROVISION,14475.0
Annual-Detailed-Budget-2022.pdf,2022,226060,Labour day expenses and Awards,APRIL,46875.0
Annual-Detailed-Budget-2022.pdf,2022,226060,Labour day expenses and Awards,MAY,12900.0
Annual-Detailed-Budget-2022.pdf,2022,226061,Provision of Fire services,APPROVED BUDGET,96000.0
Annual-Detailed-Budget-2022.pdf,2022,226061,Provision of Fire services,QUARTERLY BUDGETORY PROVISION,24000.0
Annual-Detailed-Budget-2022.pdf,2022,226061,Provision of Fire services,APRIL,38805.39
Annual-Detailed-Budget-2022.pdf,2022,226067,Creation and Maitenance of Parks,APPROVED BUDGET,13125.0
Annual-Detailed-Budget-2022.pdf,2022,226067,Creation and Maitenance of Parks,QUARTERLY BUDGETORY PROVISION,3281.25
Annual-Detailed-Budget-2022.pdf,2022,226070,"Cycle maitenance - Regravelling,Resealing and General Road",APPROVED BUDGET,400000.0
Annual-Detailed-Budget-2022.pdf,2022,226070,"Cycle maitenance - Regravelling,Resealing and General Road",QUARTERLY BUDGETORY PROVISION,100000.0
Annual-Detailed-Budget-2022.pdf,2022,226071,Waste and Refuse collection,APPROVED BUDGET,469360.0
Annual-Detailed-Budget-2022.pdf,2022,226071,Waste and Refuse collection,QUARTERLY BUDGETORY PROVISION,117340.0
Annual-Detailed-Budget-2022.pdf,2022,226077,In and Outdoor Spraying and disinfection,APPROVED BUDGET,5950.0
Annual-Detailed-Budget-2022.pdf,2022,226077,In and Outdoor Spraying and disinfection,QUARTERLY BUDGETORY PROVISION,1487.5
Annual-Detailed-Budget-2022.pdf,2022,226078,"Conferences,Seminars and Workshops",APPROVED BUDGET,26750.0
Annual-Detailed-Budget-2022.pdf,2022,226078,"Conferences,Seminars and Workshops",QUARTERLY BUDGETORY PROVISION,6687.5
Annual-Detailed-Budget-2022.pdf,2022,226078,"Conferences,Seminars and Workshops",FEBRUARY,8200.0
Annual-Detailed-Budget-2022.pdf,2022,226078,"Conferences,Seminars and Workshops",CUMMULATIVE JAN - MARCH,8200.0
Annual-Detailed-Budget-2022.pdf,2022,226079,Public Libraries and Community Centres,APPROVED BUDGET,41096.0
Annual-Detailed-Budget-2022.pdf,2022,226079,Public Libraries and Community Centres,QUARTERLY BUDGETORY PROVISION,10274.0
Annual-Detailed-Budget-2022.pdf,2022,226083,Bank charges,APPROVED BUDGET,192000.0
Annual-Detailed-Budget-2022.pdf,2022,226083,Bank charges,QUARTERLY BUDGETORY PROVISION,48000.0
Annual-Detailed-Budget-2022.pdf,2022,226083,Bank charges,JANUARY,15290.33
Annual-Detailed-Budget-2022.pdf,2022,226083,Bank charges,FEBRUARY,16370.0
Annual-Detailed-Budget-2022.pdf,2022,226083,Bank charges,MARCH,15218.58
Annual-Detailed-Budget-2022.pdf,2022,226083,Bank charges,CUMMULATIVE JAN - MARCH,46878.91
Annual-Detailed-Budget-2022.pdf,2022,226083,Bank charges,APRIL,14395.0
Annual-Detailed-Budget-2022.pdf,2022,226083,Bank charges,MAY,12726.96
Annual-Detailed-Budget-2022.pdf,2022,226098,Ward Development Fund,APPROVED BUDGET,2777106.39
Annual-Detailed-Budget-2022.pdf,2022,226098,Ward Development Fund,QUARTERLY BUDGETORY PROVISION,694276.6
Annual-Detailed-Budget-2022.pdf,2022,226098,Ward Development Fund,JANUARY,7500.0
Annual-Detailed-Budget-2022.pdf,2022,226098,Ward Development Fund,FEBRUARY,12500.0
Annual-Detailed-Budget-2022.pdf,2022,226098,Ward Development Fund,CUMMULATIVE JAN - MARCH,20000.0
Annual-Detailed-Budget-2022.pdf,2022,226098,Ward Development Fund,APRIL,76937.18
Annual-Detailed-Budget-2022.pdf,2022,226098,Ward Development Fund,MAY,110000.0
Annual-Detailed-Budget-2022.pdf,2022,226099,CDF Payments,APPROVED BUDGET,51400000.0
Annual-Detailed-Budget-2022.pdf,2022,226099,CDF Payments,QUARTERLY BUDGETORY PROVISION,12850000.0
Annual-Detailed-Budget-2022.pdf,2022,226099,CDF Payments,JANUARY,200.0
Annual-Detailed-Budget-2022.pdf,2022,226099,CDF Payments,FEBRUARY,2100.0
Annual-Detailed-Budget-2022.pdf,2022,226099,CDF Payments,MARCH,27629.0
Annual-Detailed-Budget-2022.pdf,2022,226099,CDF Payments,CUMMULATIVE JAN - MARCH,29929.0
Annual-Detailed-Budget-2022.pdf,2022,226099,CDF Payments,APRIL,315293.2
Annual-Detailed-Budget-2022.pdf,2022,226099,CDF Payments,MAY,746912.6
Annual-Detailed-Budget-2022.pdf,2022,,sub-total,FEBRUARY,43570.0
Annual-Detailed-Budget-2022.pdf,2022,,sub-total,MARCH,126567.58
Annual-Detailed-Budget-2022.pdf,2022,,sub-total,CUMMULATIVE JAN - MARCH,303081.91
Annual-Detailed-Budget-2022.pdf,2022,,sub-total,APRIL,542155.77
Annual-Detailed-Budget-2022.pdf,2022,,sub-total,MAY,915589.56
Annual-Detailed-Budget-2022.pdf,2022,227,Travel expenses,CUMMULATIVE JAN - MARCH,0.23
Annual-Detailed-Budget-2022.pdf,2022,227110,"Road, Rail and air services",APPROVED BUDGET,129424.0
Annual-Detailed-Budget-2022.pdf,2022,227110,"Road, Rail and air services",QUARTERLY BUDGETORY PROVISION,32356.0
Annual-Detailed-Budget-2022.pdf,2022,227110,"Road, Rail and air services",JANUARY,2520.0
Annual-Detailed-Budget-2022.pdf,2022,227110,"Road, Rail and air services",FEBRUARY,1650.0
Annual-Detailed-Budget-2022.pdf,2022,227110,"Road, Rail and air services",MARCH,1920.0
Annual-Detailed-Budget-2022.pdf,2022,227110,"Road, Rail and air services",CUMMULATIVE JAN - MARCH,6090.0
Annual-Detailed-Budget-2022.pdf,2022,227110,"Road, Rail and air services",APRIL,2089.0
Annual-Detailed-Budget-2022.pdf,2022,227110,"Road, Rail and air services",MAY,12731.0
Annual-Detailed-Budget-2022.pdf,2022,227130,Allowances,APPROVED BUDGET,814390.0
Annual-Detailed-Budget-2022.pdf,2022,227130,Allowances,QUARTERLY BUDGETORY PROVISION,203597.5
Annual-Detailed-Budget-2022.pdf,2022,227130,Allowances,JANUARY,29557.6
Annual-Detailed-Budget-2022.pdf,2022,227130,Allowances,FEBRUARY,60992.39
Annual-Detailed-Budget-2022.pdf,2022,227130,Allowances,MARCH,122067.71
Annual-Detailed-Budget-2022.pdf,2022,227130,Allowances,CUMMULATIVE JAN - MARCH,212617.7
Annual-Detailed-Budget-2022.pdf,2022,227130,Allowances,APRIL,65815.46
Annual-Detailed-Budget-2022.pdf,2022,227130,Allowances,MAY,79970.0
Annual-Detailed-Budget-2022.pdf,2022,227150,"Petrol, oil and lubricants",APPROVED BUDGET,243334.0
Annual-Detailed-Budget-2022.pdf,2022,227150,"Petrol, oil and lubricants",QUARTERLY BUDGETORY PROVISION,60833.5
Annual-Detailed-Budget-2022.pdf,2022,227150,"Petrol, oil and lubricants",JANUARY,3735.61
Annual-Detailed-Budget-2022.pdf,2022,227150,"Petrol, oil and lubricants",CUMMULATIVE JAN - MARCH,3735.61
Annual-Detailed-Budget-2022.pdf,2022,227150,"Petrol, oil and lubricants",APRIL,219.51
Annual-Detailed-Budget-2022.pdf,2022,227150,"Petrol, oil and lubricants",MAY,36134.83
Annual-Detailed-Budget-2022.pdf,2022,227190,Others,APPROVED BUDGET,5632.0
Annual-Detailed-Budget-2022.pdf,2022,227190,Others,QUARTERLY BUDGETORY PROVISION,1408.0
Annual-Detailed-Budget-2022.pdf,2022,,sub-total,APPROVED BUDGET,1192780.0
Annual-Detailed-Budget-2022.pdf,2022,,sub-total,QUARTERLY BUDGETORY PROVISION,298195.0
Annual-Detailed-Budget-2022.pdf,2022,,sub-total,JANUARY,35813.21
Annual-Detailed-Budget-2022.pdf,2022,,sub-total,FEBRUARY,62642.39
Annual-Detailed-Budget-2022.pdf,2022,,sub-total,MARCH,123987.71
Annual-Detailed-Budget-2022.pdf,2022,,sub-total,CUMMULATIVE JAN - MARCH,222443.31
Annual-Detailed-Budget-2022.pdf,2022,,sub-total,APRIL,68123.97
Annual-Detailed-Budget-2022.pdf,2022,,sub-total,MAY,128835.83
Annual-Detailed-Budget-2022.pdf,2022,227230,Allowances,APPROVED BUDGET,27530.0
Annual-Detailed-Budget-2022.pdf,2022,227230,Allowances,QUARTERLY BUDGETORY PROVISION,6882.5
Annual-Detailed-Budget-2022.pdf,2022,227250,"Petrol,oil and Lubricants",APPROVED BUDGET,10292.48
Annual-Detailed-Budget-2022.pdf,2022,227250,"Petrol,oil and Lubricants",QUARTERLY BUDGETORY PROVISION,2573.12
Annual-Detailed-Budget-2022.pdf,2022,,sub-total,APPROVED BUDGET,37822.48
Annual-Detailed-Budget-2022.pdf,2022,,sub-total,QUARTERLY BUDGETORY PROVISION,9455.62
Annual-Detailed-Budget-2022.pdf,2022,228120,Training and education Charges,APPROVED BUDGET,148500.0
Annual-Detailed-Budget-2022.pdf,2022,228120,Training and education Charges,QUARTERLY BUDGETORY PROVISION,37125.0
Annual-Detailed-Budget-2022.pdf,2022,228120,Training and education Charges,JANUARY,6880.0
Annual-Detailed-Budget-2022.pdf,2022,228120,Training and education Charges,CUMMULATIVE JAN - MARCH,6880.0
Annual-Detailed-Budget-2022.pdf,2022,228130,"Workshops,Seminars and Conferences",APPROVED BUDGET,136000.0
Annual-Detailed-Budget-2022.pdf,2022,228130,"Workshops,Seminars and Conferences",QUARTERLY BUDGETORY PROVISION,34000.0
Annual-Detailed-Budget-2022.pdf,2022,228130,"Workshops,Seminars and Conferences",FEBRUARY,7000.0
Annual-Detailed-Budget-2022.pdf,2022,228130,"Workshops,Seminars and Conferences",MARCH,6500.0
Annual-Detailed-Budget-2022.pdf,2022,228130,"Workshops,Seminars and Conferences",CUMMULATIVE JAN - MARCH,13500.0
Annual-Detailed-Budget-2022.pdf,2022,228130,"Workshops,Seminars and Conferences",APRIL,4500.0
Annual-Detailed-Budget-2022.pdf,2022,228130,"Workshops,Seminars and Conferences",MAY,16800.0
Annual-Detailed-Budget-2022.pdf,2022,,sub-total,APPROVED BUDGET,284500.0
Annual-Detailed-Budget-2022.pdf,2022,,sub-total,QUARTERLY BUDGETORY PROVISION,71125.0
Annual-Detailed-Budget-2022.pdf,2022,,sub-total,JANUARY,6880.0
Annual-Detailed-Budget-2022.pdf,2022,,sub-total,FEBRUARY,7000.0
Annual-Detailed-Budget-2022.pdf,2022,,sub-total,MARCH,6500.0
Annual-Detailed-Budget-2022.pdf,2022,,sub-total,CUMMULATIVE JAN - MARCH,20380.0
Annual-Detailed-Budget-2022.pdf,2022,,sub-total,APRIL,4500.0
Annual-Detailed-Budget-2022.pdf,2022,,sub-total,MAY,16800.0
Annual-Detailed-Budget-2022.pdf,2022,228230,"Workshops,Seminars and Conferences",APPROVED BUDGET,2500.0
Annual-Detailed-Budget-2022.pdf,2022,228230,"Workshops,Seminars and Conferences",QUARTERLY BUDGETORY PROVISION,625.0
Annual-Detailed-Budget-2022.pdf,2022,,sub-total,APPROVED BUDGET,2500.0
Annual-Detailed-Budget-2022.pdf,2022,,sub-total,QUARTERLY BUDGETORY PROVISION,625.0
Annual-Detailed-Budget-2022.pdf,2022,228320,Training and education Charges,APPROVED BUDGET,89000.0
Annual-Detailed-Budget-2022.pdf,2022,228320,Training and education Charges,QUARTERLY BUDGETORY PROVISION,22250.0
Annual-Detailed-Budget-2022.pdf,2022,228320,Training and education Charges,JANUARY,3000.0
Annual-Detailed-Budget-2022.pdf,2022,228320,Training and education Charges,CUMMULATIVE JAN - MARCH,3000.0
Annual-Detailed-Budget-2022.pdf,2022,228320,Training and education Charges,APRIL,16110.0
Annual-Detailed-Budget-2022.pdf,2022,228340,"Road, Rail and air fares",APPROVED BUDGET,5000.0
Annual-Detailed-Budget-2022.pdf,2022,228340,"Road, Rail and air fares",QUARTERLY BUDGETORY PROVISION,1250.0
Annual-Detailed-Budget-2022.pdf,2022,,sub-total,APPROVED BUDGET,94000.0
Annual-Detailed-Budget-2022.pdf,2022,,sub-total,QUARTERLY BUDGETORY PROVISION,23500.0
Annual-Detailed-Budget-2022.pdf,2022,,sub-total,JANUARY,3000.0
Annual-Detailed-Budget-2022.pdf,2022,,sub-total,CUMMULATIVE JAN - MARCH,3000.0
Annual-Detailed-Budget-2022.pdf,2022,,sub-total,APRIL,16110.0
Annual-Detailed-Budget-2022.pdf,2022,228520,Participation and Subscriptions,APPROVED BUDGET,138760.0
Annual-Detailed-Budget-2022.pdf,2022,228520,Participation and Subscriptions,QUARTERLY BUDGETORY PROVISION,34690.0
Annual-Detailed-Budget-2022.pdf,2022,228520,Participation and Subscriptions,MARCH,9000.0
Annual-Detailed-Budget-2022.pdf,2022,228520,Participation and Subscriptions,CUMMULATIVE JAN - MARCH,9000.0
Annual-Detailed-Budget-2022.pdf,2022,228530,Local Government Association of Zambia,APPROVED BUDGET,45000.0
Annual-Detailed-Budget-2022.pdf,2022,228530,Local Government Association of Zambia,QUARTERLY BUDGETORY PROVISION,11250.0
Annual-Detailed-Budget-2022.pdf,2022,228530,Local Government Association of Zambia,JANUARY,25300.0
Annual-Detailed-Budget-2022.pdf,2022,228530,Local Government Association of Zambia,CUMMULATIVE JAN - MARCH,25300.0
Annual-Detailed-Budget-2022.pdf,2022,228550,Subscriptions( Others),APPROVED BUDGET,92348.0
Annual-Detailed-Budget-2022.pdf,2022,228550,Subscriptions( Others),QUARTERLY BUDGETORY PROVISION,23087.0
Annual-Detailed-Budget-2022.pdf,2022,228550,Subscriptions( Others),MARCH,2000.0
Annual-Detailed-Budget-2022.pdf,2022,228550,Subscriptions( Others),CUMMULATIVE JAN - MARCH,2000.0
Annual-Detailed-Budget-2022.pdf,2022,228550,Subscriptions( Others),APRIL,16550.0
Annual-Detailed-Budget-2022.pdf,2022,,sub-total,APPROVED BUDGET,276108.0
Annual-Detailed-Budget-2022.pdf,2022,,sub-total,QUARTERLY BUDGETORY PROVISION,69027.0
Annual-Detailed-Budget-2022.pdf,2022,,sub-total,JANUARY,25300.0
Annual-Detailed-Budget-2022.pdf,2022,,sub-total,MARCH,11000.0
Annual-Detailed-Budget-2022.pdf,2022,,sub-total,CUMMULATIVE JAN - MARCH,36300.0
Annual-Detailed-Budget-2022.pdf,2022,,sub-total,APRIL,16550.0
Annual-Detailed-Budget-2022.pdf,2022,228610,Medical charges within Zambia(NHIMA),APPROVED BUDGET,619322.0
Annual-Detailed-Budget-2022.pdf,2022,228610,Medical charges within Zambia(NHIMA),QUARTERLY BUDGETORY PROVISION,154830.5
Annual-Detailed-Budget-2022.pdf,2022,228610,Medical charges within Zambia(NHIMA),JANUARY,56823.02
Annual-Detailed-Budget-2022.pdf,2022,228610,Medical charges within Zambia(NHIMA),FEBRUARY,40213.88
Annual-Detailed-Budget-2022.pdf,2022,228610,Medical charges within Zambia(NHIMA),MARCH,40213.88
Annual-Detailed-Budget-2022.pdf,2022,228610,Medical charges within Zambia(NHIMA),CUMMULATIVE JAN - MARCH,137250.78
Annual-Detailed-Budget-2022.pdf,2022,228610,Medical charges within Zambia(NHIMA),APRIL,84679.12
Annual-Detailed-Budget-2022.pdf,2022,228610,Medical charges within Zambia(NHIMA),MAY,140248.28
Annual-Detailed-Budget-2022.pdf,2022,,sub-total,APPROVED BUDGET,619322.0
Annual-Detailed-Budget-2022.pdf,2022,,sub-total,QUARTERLY BUDGETORY PROVISION,154830.5
Annual-Detailed-Budget-2022.pdf,2022,,sub-total,JANUARY,56823.02
Annual-Detailed-Budget-2022.pdf,2022,,sub-total,FEBRUARY,40213.88
Annual-Detailed-Budget-2022.pdf,2022,,sub-total,MARCH,40213.88
Annual-Detailed-Budget-2022.pdf,2022,,sub-total,CUMMULATIVE JAN - MARCH,137250.78
Annual-Detailed-Budget-2022.pdf,2022,,sub-total,APRIL,84679.12
Annual-Detailed-Budget-2022.pdf,2022,,sub-total,MAY,140248.28
Annual-Detailed-Budget-2022.pdf,2022,229,Legal costs,QUARTERLY BUDGETORY PROVISION,87600.0
Annual-Detailed-Budget-2022.pdf,2022,229,Legal costs,JANUARY,80285.0
Annual-Detailed-Budget-2022.pdf,2022,229,Legal costs,FEBRUARY,25400.0
Annual-Detailed-Budget-2022.pdf,2022,229050,Legal fees,APPROVED BUDGET,350400.0
Annual-Detailed-Budget-2022.pdf,2022,229050,Legal fees,CUMMULATIVE JAN - MARCH,105685.0
Annual-Detailed-Budget-2022.pdf,2022,229050,Legal fees,APRIL,700.0
Annual-Detailed-Budget-2022.pdf,2022,,sub-total,APPROVED BUDGET,350400.0
Annual-Detailed-Budget-2022.pdf,2022,,sub-total,QUARTERLY BUDGETORY PROVISION,87600.0
Annual-Detailed-Budget-2022.pdf,2022,,sub-total,JANUARY,80285.0
Annual-Detailed-Budget-2022.pdf,2022,,sub-total,FEBRUARY,25400.0
Annual-Detailed-Budget-2022.pdf,2022,,sub-total,CUMMULATIVE JAN - MARCH,105685.0
Annual-Detailed-Budget-2022.pdf,2022,,sub-total,APRIL,700.0
Annual-Detailed-Budget-2022.pdf,2022,311103,Fixtures and Fittings,APPROVED BUDGET,64000.0
Annual-Detailed-Budget-2022.pdf,2022,311103,Fixtures and Fittings,QUARTERLY BUDGETORY PROVISION,16000.0
Annual-Detailed-Budget-2022.pdf,2022,311108,Industrial Building,APPROVED BUDGET,2570000.0
Annual-Detailed-Budget-2022.pdf,2022,311108,Industrial Building,QUARTERLY BUDGETORY PROVISION,642500.0
Annual-Detailed-Budget-2022.pdf,2022,311108,Industrial Building,JANUARY,183360.0
Annual-Detailed-Budget-2022.pdf,2022,311108,Industrial Building,MARCH,27813.24
Annual-Detailed-Budget-2022.pdf,2022,311108,Industrial Building,CUMMULATIVE JAN - MARCH,211173.24
Annual-Detailed-Budget-2022.pdf,2022,311108,Industrial Building,APRIL,25242.5
Annual-Detailed-Budget-2022.pdf,2022,311108,Industrial Building,MAY,398012.2
Annual-Detailed-Budget-2022.pdf,2022,,sub-total,APPROVED BUDGET,2634000.0
Annual-Detailed-Budget-2022.pdf,2022,,sub-total,QUARTERLY BUDGETORY PROVISION,658500.0
Annual-Detailed-Budget-2022.pdf,2022,,sub-total,JANUARY,183360.0
Annual-Detailed-Budget-2022.pdf,2022,,sub-total,MARCH,27813.24
Annual-Detailed-Budget-2022.pdf,2022,,sub-total,CUMMULATIVE JAN - MARCH,211173.24
Annual-Detailed-Budget-2022.pdf,2022,,sub-total,APRIL,25242.5
Annual-Detailed-Budget-2022.pdf,2022,,sub-total,MAY,398012.2
Annual-Detailed-Budget-2022.pdf,2022,,Industrial equipments,APPROVED BUDGET,207500.0
Annual-Detailed-Budget-2022.pdf,2022,,Industrial equipments,QUARTERLY BUDGETORY PROVISION,51875.0
Annual-Detailed-Budget-2022.pdf,2022,,Other machinery and equipment,APPROVED BUDGET,67500.0
Annual-Detailed-Budget-2022.pdf,2022,,Other machinery and equipment,QUARTERLY BUDGETORY PROVISION,16875.0
Annual-Detailed-Budget-2022.pdf,2022,,sub-total,APPROVED BUDGET,275000.0
Annual-Detailed-Budget-2022.pdf,2022,,sub-total,QUARTERLY BUDGETORY PROVISION,68750.0
Annual-Detailed-Budget-2022.pdf,2022,311301,Computer & periferals & Equipment,APPROVED BUDGET,406835.0
Annual-Detailed-Budget-2022.pdf,2022,311301,Computer & periferals & Equipment,QUARTERLY BUDGETORY PROVISION,101708.75
Annual-Detailed-Budget-2022.pdf,2022,311301,Computer & periferals & Equipment,FEBRUARY,284999.0
Annual-Detailed-Budget-2022.pdf,2022,311301,Computer & periferals & Equipment,CUMMULATIVE JAN - MARCH,284999.0
Annual-Detailed-Budget-2022.pdf,2022,311302,Communication equipment,APPROVED BUDGET,33250.0
Annual-Detailed-Budget-2022.pdf,2022,311302,Communication equipment,QUARTERLY BUDGETORY PROVISION,8312.5
Annual-Detailed-Budget-2022.pdf,2022,311303,"Telephone,Fax,Telex,Radio",APPROVED BUDGET,7200.0
Annual-Detailed-Budget-2022.pdf,2022,311303,"Telephone,Fax,Telex,Radio",QUARTERLY BUDGETORY PROVISION,1800.0
Annual-Detailed-Budget-2022.pdf,2022,311304,"Refrigerator,TV,VCR,Cameras",APPROVED BUDGET,52000.0
Annual-Detailed-Budget-2022.pdf,2022,311304,"Refrigerator,TV,VCR,Cameras",QUARTERLY BUDGETORY PROVISION,13000.0
Annual-Detailed-Budget-2022.pdf,2022,311399,Other Office equipment,APPROVED BUDGET,17750.0
Annual-Detailed-Budget-2022.pdf,2022,311399,Other Office equipment,QUARTERLY BUDGETORY PROVISION,4437.5
Annual-Detailed-Budget-2022.pdf,2022,,sub-total,APPROVED BUDGET,517035.0
Annual-Detailed-Budget-2022.pdf,2022,,sub-total,QUARTERLY BUDGETORY PROVISION,129258.75
Annual-Detailed-Budget-2022.pdf,2022,,sub-total,FEBRUARY,284999.0
Annual-Detailed-Budget-2022.pdf,2022,,sub-total,CUMMULATIVE JAN - MARCH,284999.0
Annual-Detailed-Budget-2022.pdf,2022,311501,Office Furniture,APPROVED BUDGET,528480.0
Annual-Detailed-Budget-2022.pdf,2022,311501,Office Furniture,QUARTERLY BUDGETORY PROVISION,132120.0
Annual-Detailed-Budget-2022.pdf,2022,,sub-total,APPROVED BUDGET,528480.0
Annual-Detailed-Budget-2022.pdf,2022,,sub-total,QUARTERLY BUDGETORY PROVISION,132120.0
Annual-Detailed-Budget-2022.pdf,2022,311701,Bicycles,APPROVED BUDGET,150.0
Annual-Detailed-Budget-2022.pdf,2022,311701,Bicycles,QUARTERLY BUDGETORY PROVISION,37.5
Annual-Detailed-Budget-2022.pdf,2022,311702,Motor cycles (≥125cc),APPROVED BUDGET,50000.0
Annual-Detailed-Budget-2022.pdf,2022,311702,Motor cycles (≥125cc),QUARTERLY BUDGETORY PROVISION,12500.0
Annual-Detailed-Budget-2022.pdf,2022,311704,Motor vehicles (≤3500Kg),APPROVED BUDGET,543460.0
Annual-Detailed-Budget-2022.pdf,2022,311704,Motor vehicles (≤3500Kg),QUARTERLY BUDGETORY PROVISION,135865.0
Annual-Detailed-Budget-2022.pdf,2022,311706,Heavy duty vehicles (>16000Kg),APPROVED BUDGET,500000.0
Annual-Detailed-Budget-2022.pdf,2022,311706,Heavy duty vehicles (>16000Kg),QUARTERLY BUDGETORY PROVISION,125000.0
Annual-Detailed-Budget-2022.pdf,2022,,sub-total,APPROVED BUDGET,1093610.0
Annual-Detailed-Budget-2022.pdf,2022,,sub-total,QUARTERLY BUDGETORY PROVISION,273402.5
Annual-Detailed-Budget-2022.pdf,2022,311950,Computer Software,APPROVED BUDGET,45000.0
Annual-Detailed-Budget-2022.pdf,2022,311950,Computer Software,QUARTERLY BUDGETORY PROVISION,11250.0
Annual-Detailed-Budget-2022.pdf,2022,,sub-total,APPROVED BUDGET,45000.0
Annual-Detailed-Budget-2022.pdf,2022,,sub-total,QUARTERLY BUDGETORY PROVISION,11250.0
Annual-Detailed-Budget-2022.pdf,2022,411110,Suppliers of goods and services,APPROVED BUDGET,745138.53
Annual-Detailed-Budget-2022.pdf,2022,411110,Suppliers of goods and services,QUARTERLY BUDGETORY PROVISION,186284.63
Annual-Detailed-Budget-2022.pdf,2022,411110,Suppliers of goods and services,JANUARY,100000.0
Annual-Detailed-Budget-2022.pdf,2022,411110,Suppliers of goods and services,FEBRUARY,68000.0
Annual-Detailed-Budget-2022.pdf,2022,411110,Suppliers of goods and services,MARCH,35561.5
Annual-Detailed-Budget-2022.pdf,2022,411110,Suppliers of goods and services,CUMMULATIVE JAN - MARCH,203561.5
Annual-Detailed-Budget-2022.pdf,2022,411110,Suppliers of goods and services,APRIL,36556.25
Annual-Detailed-Budget-2022.pdf,2022,411110,Suppliers of goods and services,MAY,64000.0
Annual-Detailed-Budget-2022.pdf,2022,411140,Zambia Revenue Authority (ZRA),APPROVED BUDGET,240000.0
Annual-Detailed-Budget-2022.pdf,2022,411140,Zambia Revenue Authority (ZRA),QUARTERLY BUDGETORY PROVISION,60000.0
Annual-Detailed-Budget-2022.pdf,2022,411140,Zambia Revenue Authority (ZRA),APRIL,100000.0
Annual-Detailed-Budget-2022.pdf,2022,411150,National Pension Scheme Authority (NAPSA),APPROVED BUDGET,560000.0
Annual-Detailed-Budget-2022.pdf,2022,411150,National Pension Scheme Authority (NAPSA),QUARTERLY BUDGETORY PROVISION,140000.0
Annual-Detailed-Budget-2022.pdf,2022,411150,National Pension Scheme Authority (NAPSA),FEBRUARY,500000.0
Annual-Detailed-Budget-2022.pdf,2022,411150,National Pension Scheme Authority (NAPSA),CUMMULATIVE JAN - MARCH,500000.0
Annual-Detailed-Budget-2022.pdf,2022,411150,National Pension Scheme Authority (NAPSA),APRIL,114401.14
Annual-Detailed-Budget-2022.pdf,2022,411170,Local Authorities Superannuation Fund (LASF),APPROVED BUDGET,300000.0
Annual-Detailed-Budget-2022.pdf,2022,411170,Local Authorities Superannuation Fund (LASF),QUARTERLY BUDGETORY PROVISION,75000.0
Annual-Detailed-Budget-2022.pdf,2022,411170,Local Authorities Superannuation Fund (LASF),MARCH,60000.0
Annual-Detailed-Budget-2022.pdf,2022,411170,Local Authorities Superannuation Fund (LASF),CUMMULATIVE JAN - MARCH,60000.0
Annual-Detailed-Budget-2022.pdf,2022,411170,Local Authorities Superannuation Fund (LASF),APRIL,30000.0
Annual-Detailed-Budget-2022.pdf,2022,411171,ZCTU,APPROVED BUDGET,24000.0
Annual-Detailed-Budget-2022.pdf,2022,411171,ZCTU,QUARTERLY BUDGETORY PROVISION,6000.0
Annual-Detailed-Budget-2022.pdf,2022,411174,MADSON FUNERAL,APPROVED BUDGET,110000.0
Annual-Detailed-Budget-2022.pdf,2022,411174,MADSON FUNERAL,QUARTERLY BUDGETORY PROVISION,27500.0
Annual-Detailed-Budget-2022.pdf,2022,411199,Other Deductions from Employees (Third party),APPROVED BUDGET,86000.0
Annual-Detailed-Budget-2022.pdf,2022,411199,Other Deductions from Employees (Third party),QUARTERLY BUDGETORY PROVISION,21500.0
Annual-Detailed-Budget-2022.pdf,2022,411199,Other Deductions from Employees (Third party),FEBRUARY,12555.0
Annual-Detailed-Budget-2022.pdf,2022,411199,Other Deductions from Employees (Third party),MARCH,24510.0
Annual-Detailed-Budget-2022.pdf,2022,411199,Other Deductions from Employees (Third party),CUMMULATIVE JAN - MARCH,37065.0
Annual-Detailed-Budget-2022.pdf,2022,411199,Other Deductions from Employees (Third party),MAY,1780.0
Annual-Detailed-Budget-2022.pdf,2022,,sub-total,APPROVED BUDGET,2065138.53
Annual-Detailed-Budget-2022.pdf,2022,,sub-total,QUARTERLY BUDGETORY PROVISION,516284.63
Annual-Detailed-Budget-2022.pdf,2022,,sub-total,JANUARY,100000.0
Annual-Detailed-Budget-2022.pdf,2022,,sub-total,FEBRUARY,580555.0
Annual-Detailed-Budget-2022.pdf,2022,,sub-total,MARCH,120071.5
Annual-Detailed-Budget-2022.pdf,2022,,sub-total,CUMMULATIVE JAN - MARCH,800626.5
Annual-Detailed-Budget-2022.pdf,2022,,sub-total,APRIL,280957.39
Annual-Detailed-Budget-2022.pdf,2022,,sub-total,MAY,65780.0
Annual-Detailed-Budget-2022.pdf,2022,411220,Water bill accrued,APPROVED BUDGET,43632.63
Annual-Detailed-Budget-2022.pdf,2022,411220,Water bill accrued,QUARTERLY BUDGETORY PROVISION,10908.16
Annual-Detailed-Budget-2022.pdf,2022,,sub-total,APPROVED BUDGET,43632.63
Annual-Detailed-Budget-2022.pdf,2022,,sub-total,QUARTERLY BUDGETORY PROVISION,10908.16
Annual-Detailed-Budget-2022.pdf,2022,411520,Terminal Benefits,APPROVED BUDGET,2500000.0
Annual-Detailed-Budget-2022.pdf,2022,411520,Terminal Benefits,QUARTERLY BUDGETORY PROVISION,625000.0
Annual-Detailed-Budget-2022.pdf,2022,411520,Terminal Benefits,JANUARY,5000.0
Annual-Detailed-Budget-2022.pdf,2022,411520,Terminal Benefits,FEBRUARY,4000.0
Annual-Detailed-Budget-2022.pdf,2022,411520,Terminal Benefits,MARCH,824138.8
Annual-Detailed-Budget-2022.pdf,2022,411520,Terminal Benefits,CUMMULATIVE JAN - MARCH,833138.8
Annual-Detailed-Budget-2022.pdf,2022,411520,Terminal Benefits,APRIL,51011.44
Annual-Detailed-Budget-2022.pdf,2022,411520,Terminal Benefits,MAY,40000.0
Annual-Detailed-Budget-2022.pdf,2022,411530,Long Service Bonus,APPROVED BUDGET,150000.0
Annual-Detailed-Budget-2022.pdf,2022,411530,Long Service Bonus,QUARTERLY BUDGETORY PROVISION,37500.0
Annual-Detailed-Budget-2022.pdf,2022,411530,Long Service Bonus,MARCH,15000.0
Annual-Detailed-Budget-2022.pdf,2022,411530,Long Service Bonus,CUMMULATIVE JAN - MARCH,15000.0
Annual-Detailed-Budget-2022.pdf,2022,411530,Long Service Bonus,APRIL,7500.0
Annual-Detailed-Budget-2022.pdf,2022,411530,Long Service Bonus,MAY,20000.0
Annual-Detailed-Budget-2022.pdf,2022,411540,Leave Travel Benefits,APPROVED BUDGET,100000.0
Annual-Detailed-Budget-2022.pdf,2022,411540,Leave Travel Benefits,QUARTERLY BUDGETORY PROVISION,25000.0
Annual-Detailed-Budget-2022.pdf,2022,411540,Leave Travel Benefits,APRIL,3109.09
Annual-Detailed-Budget-2022.pdf,2022,411540,Leave Travel Benefits,MAY,8500.0
Annual-Detailed-Budget-2022.pdf,2022,,sub-total,APPROVED BUDGET,2750000.0
Annual-Detailed-Budget-2022.pdf,2022,,sub-total,QUARTERLY BUDGETORY PROVISION,687500.0
Annual-Detailed-Budget-2022.pdf,2022,,sub-total,JANUARY,5000.0
Annual-Detailed-Budget-2022.pdf,2022,,sub-total,FEBRUARY,4000.0
Annual-Detailed-Budget-2022.pdf,2022,,sub-total,MARCH,839138.8
Annual-Detailed-Budget-2022.pdf,2022,,sub-total,CUMMULATIVE JAN - MARCH,848138.8
Annual-Detailed-Budget-2022.pdf,2022,,sub-total,APRIL,61620.53
Annual-Detailed-Budget-2022.pdf,2022,,sub-total,MAY,68500.0
Annual-Detailed-Budget-2022.pdf,2022,320099,Investment in commercial venture,APPROVED BUDGET,2945536.59
Annual-Detailed-Budget-2022.pdf,2022,320099,Investment in commercial venture,MAY,15550.0
Annual-Detailed-Budget-2022.pdf,2022,,Commercial Venture,APPROVED BUDGET,166700.0
Annual-Detailed-Budget-2022.pdf,2022,,Commercial Venture,JANUARY,874.0
Annual-Detailed-Budget-2022.pdf,2022,,Commercial Venture,FEBRUARY,4480.0
Annual-Detailed-Budget-2022.pdf,2022,,Commercial Venture,MARCH,480.0
Annual-Detailed-Budget-2022.pdf,2022,,Commercial Venture,CUMMULATIVE JAN - MARCH,5834.0
Annual-Detailed-Budget-2022.pdf,2022,,Commercial Venture,APRIL,480.0
Annual-Detailed-Budget-2022.pdf,2022,,Commercial Venture,MAY,1040.0
Annual-Detailed-Budget-2022.pdf,2022,,Grand total- expenses,APPROVED BUDGET,120701408.0
Annual-Detailed-Budget-2022.pdf,2022,,Grand total- expenses,QUARTERLY BUDGETORY PROVISION,29346042.85
Annual-Detailed-Budget-2022.pdf,2022,,Grand total- expenses,JANUARY,5622324.88
Annual-Detailed-Budget-2022.pdf,2022,,Grand total- expenses,FEBRUARY,5426156.79
Annual-Detailed-Budget-2022.pdf,2022,,Grand total- expenses,MARCH,5401275.62
Annual-Detailed-Budget-2022.pdf,2022,,Grand total- expenses,CUMMULATIVE JAN - MARCH,16449757.29
Annual-Detailed-Budget-2022.pdf,2022,,Grand total- expenses,APRIL,4574279.61
Annual-Detailed-Budget-2022.pdf,2022,,Grand total- expenses,MAY,4986481.68
Annual-Detailed-Budget-2022.pdf,2022,,Surplus/ (Deficity),QUARTERLY BUDGETORY PROVISION,829309.15
Annual-Detailed-Budget-2022.pdf,2022,,Surplus/ (Deficity),JANUARY,85262.27
Annual-Detailed-Budget-2022.pdf,2022,,Surplus/ (Deficity),FEBRUARY,2760940.89
Annual-Detailed-Budget-2022.pdf,2022,,Surplus/ (Deficity),MARCH,9234987.72
Annual-Detailed-Budget-2022.pdf,2022,,Surplus/ (Deficity),CUMMULATIVE JAN - MARCH,12081190.88
Annual-Detailed-Budget-2022.pdf,2022,,Surplus/ (Deficity),APRIL,1023410.02
Annual-Detailed-Budget-2022.pdf,2022,,Surplus/ (Deficity),MAY,646727.27
